algorithm,params,run-id,accuracy,TPR,TNR,DIbinary,DIavgall,TPRNormDiff,TNRNormDiff,CV,0-accuracy-race,1-accuracy-race,race-accuracy,0-accuracy-race_over_1-accuracy-race,race-accuracyRatio,diff:1-accuracy-raceto0-accuracy-race,race-accuracyDiff,0-accuracy-sex,1-accuracy-sex,sex-accuracy,0-accuracy-sex_over_1-accuracy-sex,sex-accuracyRatio,diff:1-accuracy-sexto0-accuracy-sex,sex-accuracyDiff,0-accuracy-race-sex,1-accuracy-race-sex,race-sex-accuracy,0-accuracy-race-sex_over_1-1-accuracy-race-sex,1-accuracy-race-sex_over_1-1-accuracy-race-sex,race-sex-accuracyRatio,diff:1-1-accuracy-race-sexto0-accuracy-race-sex,diff:1-1-accuracy-race-sexto1-accuracy-race-sex,race-sex-accuracyDiff,0-TPR-race,1-TPR-race,race-TPR,0-TPR-race_over_1-TPR-race,race-TPRRatio,diff:1-TPR-raceto0-TPR-race,race-TPRDiff,0-TPR-sex,1-TPR-sex,sex-TPR,0-TPR-sex_over_1-TPR-sex,sex-TPRRatio,diff:1-TPR-sexto0-TPR-sex,sex-TPRDiff,0-TPR-race-sex,1-TPR-race-sex,race-sex-TPR,0-TPR-race-sex_over_1-1-TPR-race-sex,1-TPR-race-sex_over_1-1-TPR-race-sex,race-sex-TPRRatio,diff:1-1-TPR-race-sexto0-TPR-race-sex,diff:1-1-TPR-race-sexto1-TPR-race-sex,race-sex-TPRDiff,0-TNR-race,1-TNR-race,race-TNR,0-TNR-race_over_1-TNR-race,race-TNRRatio,diff:1-TNR-raceto0-TNR-race,race-TNRDiff,0-TNR-sex,1-TNR-sex,sex-TNR,0-TNR-sex_over_1-TNR-sex,sex-TNRRatio,diff:1-TNR-sexto0-TNR-sex,sex-TNRDiff,0-TNR-race-sex,1-TNR-race-sex,race-sex-TNR,0-TNR-race-sex_over_1-1-TNR-race-sex,1-TNR-race-sex_over_1-1-TNR-race-sex,race-sex-TNRRatio,diff:1-1-TNR-race-sexto0-TNR-race-sex,diff:1-1-TNR-race-sexto1-TNR-race-sex,race-sex-TNRDiff,0-FPR-race,1-FPR-race,race-FPR,0-FPR-race_over_1-FPR-race,race-FPRRatio,diff:1-FPR-raceto0-FPR-race,race-FPRDiff,0-FPR-sex,1-FPR-sex,sex-FPR,0-FPR-sex_over_1-FPR-sex,sex-FPRRatio,diff:1-FPR-sexto0-FPR-sex,sex-FPRDiff,0-FPR-race-sex,1-FPR-race-sex,race-sex-FPR,0-FPR-race-sex_over_1-1-FPR-race-sex,1-FPR-race-sex_over_1-1-FPR-race-sex,race-sex-FPRRatio,diff:1-1-FPR-race-sexto0-FPR-race-sex,diff:1-1-FPR-race-sexto1-FPR-race-sex,race-sex-FPRDiff,0-FNR-race,1-FNR-race,race-FNR,0-FNR-race_over_1-FNR-race,race-FNRRatio,diff:1-FNR-raceto0-FNR-race,race-FNRDiff,0-FNR-sex,1-FNR-sex,sex-FNR,0-FNR-sex_over_1-FNR-sex,sex-FNRRatio,diff:1-FNR-sexto0-FNR-sex,sex-FNRDiff,0-FNR-race-sex,1-FNR-race-sex,race-sex-FNR,0-FNR-race-sex_over_1-1-FNR-race-sex,1-FNR-race-sex_over_1-1-FNR-race-sex,race-sex-FNRRatio,diff:1-1-FNR-race-sexto0-FNR-race-sex,diff:1-1-FNR-race-sexto1-FNR-race-sex,race-sex-FNRDiff,0-PR-race,1-PR-race,race-PR,0-PR-race_over_1-PR-race,race-PRRatio,diff:1-PR-raceto0-PR-race,race-PRDiff,0-PR-sex,1-PR-sex,sex-PR,0-PR-sex_over_1-PR-sex,sex-PRRatio,diff:1-PR-sexto0-PR-sex,sex-PRDiff,0-PR-race-sex,1-PR-race-sex,race-sex-PR,0-PR-race-sex_over_1-1-PR-race-sex,1-PR-race-sex_over_1-1-PR-race-sex,race-sex-PRRatio,diff:1-1-PR-race-sexto0-PR-race-sex,diff:1-1-PR-race-sexto1-PR-race-sex,race-sex-PRDiff,0-calibration+-race,1-calibration+-race,race-calibration+,0-calibration+-race_over_1-calibration+-race,race-calibration+Ratio,diff:1-calibration+-raceto0-calibration+-race,race-calibration+Diff,0-calibration+-sex,1-calibration+-sex,sex-calibration+,0-calibration+-sex_over_1-calibration+-sex,sex-calibration+Ratio,diff:1-calibration+-sexto0-calibration+-sex,sex-calibration+Diff,0-calibration+-race-sex,1-calibration+-race-sex,race-sex-calibration+,0-calibration+-race-sex_over_1-1-calibration+-race-sex,1-calibration+-race-sex_over_1-1-calibration+-race-sex,race-sex-calibration+Ratio,diff:1-1-calibration+-race-sexto0-calibration+-race-sex,diff:1-1-calibration+-race-sexto1-calibration+-race-sex,race-sex-calibration+Diff,0-calibration--race,1-calibration--race,race-calibration-,0-calibration--race_over_1-calibration--race,race-calibration-Ratio,diff:1-calibration--raceto0-calibration--race,race-calibration-Diff,0-calibration--sex,1-calibration--sex,sex-calibration-,0-calibration--sex_over_1-calibration--sex,sex-calibration-Ratio,diff:1-calibration--sexto0-calibration--sex,sex-calibration-Diff,0-calibration--race-sex,1-calibration--race-sex,race-sex-calibration-,0-calibration--race-sex_over_1-1-calibration--race-sex,1-calibration--race-sex_over_1-1-calibration--race-sex,race-sex-calibration-Ratio,diff:1-1-calibration--race-sexto0-calibration--race-sex,diff:1-1-calibration--race-sexto1-calibration--race-sex,race-sex-calibration-Diff
GPyT_in_True,gpu=0,0,0.8566882148184982,0.662405113863364,0.9210805084745762,0.28472219322691206,0.28472219322691206,0.08278942568806039,-0.05112920016699878,0.7912281585470955,0.9034833091436865,0.8492566555261035,0.8763699823348949,1.0638519030315874,1.0638519030315874,1.054226653617583,1.054226653617583,0.9337626494940202,0.8196938475125111,0.8767282485032657,1.1391602515105717,1.1391602515105717,1.1140688019815093,1.1140688019815093,0.9212422360248447,0.8135986733001659,0.8674204546625053,None,None,1.0,None,None,1.0,0.5964125560538116,0.668859649122807,0.6326361025883094,0.8916856575755346,0.8916856575755346,0.9275529069310046,0.9275529069310046,0.5741239892183289,0.6777673545966229,0.6259456719074759,0.8470812076217835,0.8470812076217835,0.896356634621706,0.896356634621706,0.585820895522388,0.6832740213523132,0.6345474584373506,None,None,1.0,None,None,1.0,0.9627705627705627,0.9135532280756604,0.9381618954231116,1.0538746218417676,1.0538746218417676,1.0492173346949023,1.0492173346949023,0.9799307958477509,0.8845988845988846,0.9322648402233178,1.1077685184874428,1.1077685184874428,1.0953319112488664,1.0953319112488664,0.9727715677844655,0.8766920994339158,0.9247318336091906,None,None,1.0,None,None,1.0,0.03722943722943728,0.08644677192433958,0.06183810457688843,0.4306631283123149,0.4306631283123149,0.9507826653050977,0.9507826653050977,0.02006920415224911,0.11540111540111542,0.06773515977668226,0.17390823375053036,0.17390823375053036,0.9046680887511337,0.9046680887511337,0.027228432215534504,0.1233079005660842,0.07526816639080935,None,None,1.0,None,None,1.0,0.4035874439461884,0.33114035087719296,0.3673638974116907,1.2187806254269002,1.2187806254269002,1.0724470930689955,1.0724470930689955,0.42587601078167114,0.32223264540337715,0.37405432809252415,1.3216414191943562,1.3216414191943562,1.103643365378294,1.103643365378294,0.41417910447761197,0.3167259786476868,0.3654525415626494,None,None,1.0,None,None,1.0,0.12772133526850507,0.23948369252045637,0.18360251389448073,0.5333195505894218,0.5333195505894218,0.8882376427480487,0.8882376427480487,0.08310334253296535,0.29187518398586987,0.18748926325941762,0.28472219322691206,0.28472219322691206,0.7912281585470955,0.7912281585470955,0.10161490683229814,0.30597014925373134,0.20379252804301473,None,None,1.0,None,None,1.0,0.7556818181818182,0.733878729547642,0.7447802738647301,1.0297093889716842,1.0297093889716842,1.0218030886341762,1.0218030886341762,0.7859778597785978,0.7286938981341402,0.757335878956369,1.07861183110101,1.07861183110101,1.0572839616444576,1.0572839616444576,0.7677261613691931,0.7284552845528456,0.7480907229610194,None,None,1.0,None,None,1.0,0.07487520798668885,0.11441127443552053,0.09464324121110469,0.6544390695419334,0.6544390695419334,0.9604639335511683,0.9604639335511683,0.05284280936454849,0.1427977551444606,0.09782028225450455,0.3700535019692035,0.3700535019692035,0.9100450542200879,0.9100450542200879,0.06139380530973451,0.14886499402628434,0.10512939966800942,None,None,1.0,None,None,1.0
GPyT_in_True,gpu=0,1,0.8563898557931378,0.6008789452656812,0.9410752118644068,0.3079716779919302,0.3079716779919302,0.08935242386801369,-0.032594909835998206,0.8270438488711065,0.9036402569593148,0.8487404668361451,0.87619036189773,1.0646838371308252,1.0646838371308252,1.0548997901231698,1.0548997901231698,0.9264029438822448,0.8227848101265823,0.8745938770044135,1.1259358856414974,1.1259358856414974,1.1036181337556625,1.1036181337556625,0.9145320197044335,0.8170141784820684,0.865773099093251,None,None,1.0,None,None,1.0,0.5650224215246636,0.6043859649122807,0.5847041932184722,0.9348701894602562,0.9348701894602562,0.960636456612383,0.960636456612383,0.5148247978436657,0.6158536585365854,0.5653392281901255,0.835953137092685,0.835953137092685,0.8989711393070804,0.8989711393070804,0.5363636363636364,0.6190476190476191,0.5777056277056277,None,None,1.0,None,None,1.0,0.967741935483871,0.9361468465641669,0.951944391024019,1.0337501419095347,1.0337501419095347,1.031595088919704,1.031595088919704,0.9792387543252595,0.9174174174174174,0.9483280858713385,1.0673862690353892,1.0673862690353892,1.0618213369078422,1.0618213369078422,0.9737891737891737,0.9126669965363682,0.943228085162771,None,None,1.0,None,None,1.0,0.032258064516129004,0.06385315343583309,0.048055608975981046,0.5051914084172143,0.5051914084172143,0.9684049110802959,0.9684049110802959,0.02076124567474047,0.08258258258258255,0.05167191412866151,0.2513998112614029,0.2513998112614029,0.9381786630921579,0.9381786630921579,0.026210826210826266,0.08733300346363182,0.05677191483722904,None,None,1.0,None,None,1.0,0.43497757847533636,0.3956140350877193,0.41529580678152783,1.0994998657691428,1.0994998657691428,1.039363543387617,1.039363543387617,0.48517520215633425,0.38414634146341464,0.43466077180987445,1.2629957643434733,1.2629957643434733,1.1010288606929195,1.1010288606929195,0.4636363636363636,0.38095238095238093,0.4222943722943723,None,None,1.0,None,None,1.0,0.11705924339757316,0.206262999768893,0.1616611215832331,0.5675241974020158,0.5675241974020158,0.9107962436286802,0.9107962436286802,0.07697025452315241,0.24992640565204594,0.16344833008759918,0.3079716779919302,0.3079716779919302,0.8270438488711065,0.8270438488711065,0.09532019704433498,0.26055045871559634,0.17793532787996566,None,None,1.0,None,None,1.0,0.7682926829268293,0.7719887955182073,0.7701407392225184,0.9952122199015894,0.9952122199015894,0.996303887408622,0.996303887408622,0.7609561752988048,0.7732626619552415,0.7671094186270231,0.9840849852683704,0.9840849852683704,0.9876935133435633,0.9876935133435633,0.7622739018087855,0.7740076824583867,0.7681407921335861,None,None,1.0,None,None,1.0,0.07841552142279709,0.13131460183432814,0.10486506162856261,0.597157668129926,0.597157668129926,0.947100919588469,0.947100919588469,0.059800664451827246,0.16071428571428573,0.11025747508305649,0.37209302325581395,0.37209302325581395,0.8990863787375415,0.8990863787375415,0.06942553770759598,0.16783216783216784,0.11862885276988192,None,None,1.0,None,None,1.0
GPyT_in_True,gpu=0,2,0.8527100944803581,0.5976827806632041,0.9372351694915254,0.3153729919379106,0.3153729919379106,0.08038650603594413,-0.03422794465950456,0.8275836310282256,0.897841726618705,0.845470282746682,0.8716560046826936,1.061943565540688,1.061943565540688,1.052371443872023,1.052371443872023,0.9251763262802821,0.8179275831616132,0.8715519547209476,1.1311225410740033,1.1311225410740033,1.107248743118669,1.107248743118669,0.9118964659034345,0.813317873115786,0.8626071695096102,None,None,1.0,None,None,1.0,0.5129310344827587,0.6063408190224571,0.5596359267526079,0.8459450830140486,0.8459450830140486,0.9065902154603016,0.9065902154603016,0.5202156334231806,0.6111632270168855,0.565689430220033,0.8511893556855111,0.8511893556855111,0.909052406406295,0.909052406406295,0.5216606498194946,0.6192919445869677,0.5704762972032311,None,None,1.0,None,None,1.0,0.9749568221070811,0.9304035032843291,0.9526801626957051,1.0478860179110232,1.0478860179110232,1.044553318822752,1.044553318822752,0.9771626297577855,0.9124839124839125,0.944823271120849,1.0708820357148086,1.0708820357148086,1.064678717273873,1.064678717273873,0.9743071593533488,0.9058219178082192,0.940064538580784,None,None,1.0,None,None,1.0,0.025043177892918878,0.06959649671567092,0.0473198373042949,0.35983388639847946,0.35983388639847946,0.955446681177248,0.955446681177248,0.02283737024221455,0.08751608751608753,0.05517672887915104,0.26095053938530444,0.26095053938530444,0.935321282726127,0.935321282726127,0.025692840646651227,0.09417808219178081,0.05993546141921602,None,None,1.0,None,None,1.0,0.4870689655172413,0.39365918097754293,0.44036407324739213,1.2372859291830594,1.2372859291830594,1.0934097845396984,1.0934097845396984,0.47978436657681944,0.3888367729831145,0.43431056977996696,1.2338965856957527,1.2338965856957527,1.090947593593705,1.090947593593705,0.47833935018050544,0.3807080554130323,0.4295237027967689,None,None,1.0,None,None,1.0,0.10647482014388489,0.21027120600115407,0.15837301307251947,0.5063689992023944,0.5063689992023944,0.8962036141427309,0.8962036141427309,0.07942348972707758,0.25183985869885195,0.16563167421296476,0.3153729919379106,0.3153729919379106,0.8275836310282256,0.8275836310282256,0.09407665505226481,0.2637071393076031,0.17889189717993395,None,None,1.0,None,None,1.0,0.8040540540540541,0.7557628979143798,0.779908475984217,1.0638972305638972,1.0638972305638972,1.0482911561396744,1.0482911561396744,0.7451737451737451,0.7615429573348919,0.7533583512543185,0.9785052018359769,0.9785052018359769,0.9836307878388533,0.9836307878388533,0.7645502645502645,0.7581658291457286,0.7613580468479966,None,None,1.0,None,None,1.0,0.09098228663446055,0.13064445418676018,0.11081337041061037,0.6964113953463239,0.6964113953463239,0.9603378324477003,0.9603378324477003,0.059293804130579615,0.16309266181388943,0.11119323297223452,0.36355899444600265,0.36355899444600265,0.8962011423166902,0.8962011423166902,0.07280219780219781,0.16692913385826771,0.11986566583023275,None,None,1.0,None,None,1.0
GPyT_in_True,gpu=0,3,0.8539035305818001,0.575309628445865,0.946239406779661,0.31732337031945274,0.31732337031945274,0.055553652694337353,-0.030981427651471185,0.8390273828748548,0.9055793991416309,0.8455585075661315,0.8755689533538812,1.070983723820915,1.070983723820915,1.0600208915754994,1.0600208915754994,0.9303894510886231,0.8171916396820724,0.8737905453853478,1.1385205206585205,1.1385205206585205,1.1131978114065508,1.1131978114065508,0.9194630872483222,0.8101790450928382,0.8648210661705802,None,None,1.0,None,None,1.0,0.5656108597285068,0.5762489044697634,0.5709298820991351,0.9815391497341843,0.9815391497341843,0.9893619552587434,0.9893619552587434,0.522911051212938,0.5844277673545967,0.5536694092837673,0.8947402577736627,0.8947402577736627,0.9384832838583413,0.9384832838583413,0.5506445672191529,0.5821428571428572,0.566393712181005,None,None,1.0,None,None,1.0,0.9694137638062872,0.9419607843137255,0.9556872740600064,1.029144503624493,1.029144503624493,1.0274529794925615,1.0274529794925615,0.9826989619377162,0.9236379236379236,0.95316844278782,1.0639439295294084,1.0639439295294084,1.0590610382997925,1.0590610382997925,0.9770114942528736,0.9199410609037328,0.9484762775783032,None,None,1.0,None,None,1.0,0.030586236193712812,0.05803921568627446,0.044312725939993636,0.5269925830673496,0.5269925830673496,0.9725470205074384,0.9725470205074384,0.01730103806228378,0.07636207636207637,0.046831557212180075,0.22656584114148026,0.22656584114148026,0.9409389617002074,0.9409389617002074,0.02298850574712641,0.08005893909626716,0.05152372242169678,None,None,1.0,None,None,1.0,0.4343891402714932,0.4237510955302366,0.4290701179008649,1.0251044654597183,1.0251044654597183,1.0106380447412566,1.0106380447412566,0.477088948787062,0.4155722326454033,0.44633059071623266,1.1480289377133366,1.1480289377133366,1.0615167161416585,1.0615167161416585,0.4493554327808471,0.4178571428571428,0.43360628781899496,None,None,1.0,None,None,1.0,0.11516452074391989,0.19464017558045513,0.1549023481621875,0.5916790837270709,0.5916790837270709,0.9205243451634648,0.9205243451634648,0.07482367371971788,0.23579629084486312,0.15530998228229048,0.31732337031945274,0.31732337031945274,0.8390273828748548,0.8390273828748548,0.09420830226199353,0.2432029177718833,0.1687056100169384,None,None,1.0,None,None,1.0,0.7763975155279503,0.7804154302670623,0.7784064728975063,0.9948515693266893,0.9948515693266893,0.995982085260888,0.995982085260888,0.7950819672131147,0.7777777777777778,0.7864298724954463,1.0222482435597189,1.0222482435597189,1.017304189435337,1.017304189435337,0.7889182058047494,0.7777777777777778,0.7833479917912636,None,None,1.0,None,None,1.0,0.07760711398544867,0.1386976477337923,0.10815238085962049,0.5595416739467923,0.5595416739467923,0.9389094662516564,0.9389094662516564,0.05866755054690089,0.17064714946070877,0.11465735000380484,0.34379449485271946,0.34379449485271946,0.8880204010861921,0.8880204010861921,0.06695938529088913,0.17940854326396494,0.12318396427742703,None,None,1.0,None,None,1.0
GPyT_in_True,gpu=0,4,0.8547986076578816,0.6140631242508989,0.9345868644067796,0.27391908594779696,0.27391908594779696,0.11057755784731975,-0.04188011753250927,0.8081667293606558,0.8953823953823954,0.8483100703656707,0.8718462328740331,1.0554895275455516,1.0554895275455516,1.0470723250167246,1.0470723250167246,0.9291628334866605,0.8191050927288784,0.8741339631077695,1.1343633945567604,1.1343633945567604,1.110057740757782,1.110057740757782,0.9141150112023898,0.8153362040410732,0.8647256076217316,None,None,1.0,None,None,1.0,0.5745614035087719,0.618021978021978,0.596291690765375,0.9296779466447057,0.9296779466447057,0.9565394254867939,0.9565394254867939,0.5067385444743935,0.6327392120075047,0.5697388782409492,0.800864771548856,0.800864771548856,0.8739993324668888,0.8739993324668888,0.54,0.6349206349206349,0.5874603174603175,None,None,1.0,None,None,1.0,0.9585492227979274,0.9302471066624961,0.9443981647302118,1.0304242990198298,1.0304242990198298,1.0283021161354313,1.0283021161354313,0.9833910034602076,0.9043329043329044,0.943861953896556,1.0874214559135407,1.0874214559135407,1.079058099127303,1.079058099127303,0.973464089991347,0.9015911872705018,0.9375276386309244,None,None,1.0,None,None,1.0,0.041450777202072575,0.0697528933375039,0.055601835269788236,0.594251725179489,0.594251725179489,0.9716978838645687,0.9716978838645687,0.01660899653979242,0.09566709566709564,0.05613804610344403,0.1736124257141531,0.1736124257141531,0.9209419008726968,0.9209419008726968,0.026535910008652963,0.0984088127294982,0.06247236136907558,None,None,1.0,None,None,1.0,0.42543859649122806,0.381978021978022,0.40370830923462503,1.1137776835644924,1.1137776835644924,1.043460574513206,1.043460574513206,0.4932614555256065,0.3672607879924953,0.4302611217590509,1.3430822773698508,1.3430822773698508,1.1260006675331113,1.1260006675331113,0.45999999999999996,0.3650793650793651,0.41253968253968254,None,None,1.0,None,None,1.0,0.12914862914862915,0.21363479063329105,0.1713917098909601,0.6045299492923683,0.6045299492923683,0.9155138385153381,0.9155138385153381,0.0723704385157927,0.2642037091551369,0.16828707383546482,0.27391908594779696,0.27391908594779696,0.8081667293606558,0.8081667293606558,0.0968384366442619,0.271944352434581,0.18439139453942144,None,None,1.0,None,None,1.0,0.7318435754189944,0.7591792656587473,0.7455114205388709,0.9639931021877508,0.9639931021877508,0.9726643097602471,0.9726643097602471,0.7966101694915254,0.7515320334261838,0.7740711014588546,1.0599816562174116,1.0599816562174116,1.0450781360653416,1.0450781360653416,0.7634961439588689,0.7551766138855055,0.7593363789221872,None,None,1.0,None,None,1.0,0.08036454018227009,0.1274754290743729,0.1039199846283215,0.6304316115334121,0.6304316115334121,0.9528891111078972,0.9528891111078972,0.060495867768595044,0.15663132626525306,0.10856359701692406,0.38623096165415916,0.38623096165415916,0.903864541503342,0.903864541503342,0.0697353914002205,0.16219290263876252,0.11596414701949151,None,None,1.0,None,None,1.0
GPyT_in_True,gpu=0,5,0.8516161113873695,0.6468238114262884,0.9194915254237288,0.3119199272641725,0.3119199272641725,0.05059262055585187,-0.04901137832532753,0.8038252721681929,0.905367231638418,0.8428058803102211,0.8740865559743196,1.074229846741422,1.074229846741422,1.0625613513281968,1.0625613513281968,0.932229377491567,0.8129231675007359,0.8725762724961514,1.1467619754984077,1.1467619754984077,1.119306209990831,1.119306209990831,0.9177607134010404,0.8072449318710535,0.8625028226360469,None,None,1.0,None,None,1.0,0.6311111111111111,0.6483757682177349,0.639743439664423,0.9733724516662904,0.9733724516662904,0.9827353428933762,0.9827353428933762,0.5929919137466307,0.6561913696060038,0.6245916416763173,0.9036874625502621,0.9036874625502621,0.936800544140627,0.936800544140627,0.6014625228519196,0.6595092024539877,0.6304858626529537,None,None,1.0,None,None,1.0,0.9571788413098237,0.9124351517057067,0.9348069965077652,1.0490376653293916,1.0490376653293916,1.044743689604117,1.044743689604117,0.9757785467128027,0.8845988845988846,0.9301887156558437,1.1030745840870724,1.1030745840870724,1.0911796621139183,1.0911796621139183,0.9673352435530086,0.8783850320039389,0.9228601377784738,None,None,1.0,None,None,1.0,0.04282115869017633,0.08756484829429334,0.06519300349223484,0.48902224493395274,0.48902224493395274,0.955256310395883,0.955256310395883,0.02422145328719727,0.11540111540111542,0.06981128434415634,0.20988924762995104,0.20988924762995104,0.9088203378860819,0.9088203378860819,0.032664756446991405,0.12161496799606109,0.07713986222152625,None,None,1.0,None,None,1.0,0.36888888888888893,0.3516242317822651,0.360256560335577,1.0490997364405608,1.0490997364405608,1.0172646571066237,1.0172646571066237,0.40700808625336926,0.34380863039399623,0.37540835832368274,1.183821609675557,1.183821609675557,1.063199455859373,1.063199455859373,0.3985374771480804,0.3404907975460123,0.36951413734704636,None,None,1.0,None,None,1.0,0.1362994350282486,0.23544391712003704,0.18587167607414282,0.5789040409090657,0.5789040409090657,0.9008555179082116,0.9008555179082116,0.08892977614228764,0.2851045039740948,0.18701714005819123,0.3119199272641725,0.3119199272641725,0.8038252721681929,0.8038252721681929,0.10973495169680456,0.2964440013293453,0.2030894765130749,None,None,1.0,None,None,1.0,0.7357512953367875,0.7261553588987217,0.7309533271177546,1.0132147154468691,1.0132147154468691,1.0095959364380658,1.0095959364380658,0.7586206896551724,0.7222509034589571,0.7404357965570647,1.050356165734145,1.050356165734145,1.0363697861962153,1.0363697861962153,0.7426636568848759,0.7230941704035875,0.7328789136442317,None,None,1.0,None,None,1.0,0.0678659035159444,0.12127176381529145,0.09456883366561793,0.5596183429747975,0.5596183429747975,0.946594139700653,0.946594139700653,0.05082463816896668,0.15091620341774759,0.10087042079335713,0.3367738984811339,0.3367738984811339,0.8999084347512191,0.8999084347512191,0.06065664997217585,0.15729806329711857,0.10897735663464721,None,None,1.0,None,None,1.0
GPyT_in_True,gpu=0,6,0.8533068125310791,0.5968837395125849,0.9382944915254238,0.3457890476766414,0.3457890476766414,0.01457871930669233,-0.03417155315226184,0.8381323799152832,0.9084022038567493,0.8440079042194584,0.8762050540381039,1.0762958490262517,1.0762958490262517,1.064394299637291,1.064394299637291,0.9331493406930389,0.8149838092434502,0.8740665749682446,1.1449912625372054,1.1449912625372054,1.1181655314495886,1.1181655314495886,0.921832884097035,0.8064948108470037,0.8641638474720194,None,None,1.0,None,None,1.0,0.6026200873362445,0.5963060686015831,0.5994630779689138,1.0105885535417551,1.0105885535417551,1.0063140187346615,1.0063140187346615,0.5822102425876011,0.599437148217636,0.5908236954026186,0.9712615314528682,0.9712615314528682,0.9827730943699651,0.9827730943699651,0.6,0.5959958932238193,0.5979979466119096,None,None,1.0,None,None,1.0,0.9656582174979559,0.9330067941222941,0.949332505810125,1.0349959116925593,1.0349959116925593,1.0326514233756616,1.0326514233756616,0.9782006920415225,0.9135564135564136,0.945878552798968,1.070761123807837,1.070761123807837,1.064644278485109,1.064644278485109,0.9724900737379467,0.9083457526080477,0.9404179131729973,None,None,1.0,None,None,1.0,0.034341782502044116,0.06699320587770585,0.050667494189874984,0.5126158996590496,0.5126158996590496,0.9673485766243383,0.9673485766243383,0.02179930795847751,0.0864435864435864,0.05412144720103196,0.25217958735092355,0.25217958735092355,0.9353557215148911,0.9353557215148911,0.027509926262053286,0.09165424739195227,0.05958208682700278,None,None,1.0,None,None,1.0,0.3973799126637555,0.4036939313984169,0.4005369220310862,0.9843593915004138,0.9843593915004138,0.9936859812653386,0.9936859812653386,0.4177897574123989,0.40056285178236395,0.4091763045973814,1.043006748013155,1.043006748013155,1.017226905630035,1.017226905630035,0.4,0.4040041067761807,0.40200205338809036,None,None,1.0,None,None,1.0,0.12396694214876033,0.20690456817389283,0.16543575516132658,0.5991503389358344,0.5991503389358344,0.9170623739748676,0.9170623739748676,0.08555657773689053,0.2474241978216073,0.1664903877792489,0.3457890476766414,0.3457890476766414,0.8381323799152832,0.8381323799152832,0.10536633178142613,0.25610980917308335,0.18073807047725474,None,None,1.0,None,None,1.0,0.7666666666666667,0.7617977528089888,0.7642322097378278,1.0063913470993118,1.0063913470993118,1.004868913857678,1.004868913857678,0.7741935483870968,0.760261748958953,0.767227648673025,1.0183250037861578,1.0183250037861578,1.0139317994281436,1.0139317994281436,0.7744186046511627,0.7588235294117647,0.7666210670314637,None,None,1.0,None,None,1.0,0.07154088050314465,0.13454492158874395,0.1030429010459443,0.5317248667461394,0.5317248667461394,0.9369959589144007,0.9369959589144007,0.051978537894030855,0.1670252298063759,0.10950188385020337,0.31120171458100676,0.31120171458100676,0.8849533080876549,0.8849533080876549,0.06080525883319639,0.1770927092709271,0.11894898405206175,None,None,1.0,None,None,1.0
GPyT_in_True,gpu=0,7,0.8560914967677772,0.5852976428286056,0.9458421610169492,0.329637181220621,0.329637181220621,0.045028502154932225,-0.029869220618469982,0.8403522165462121,0.8976157082748948,0.8492293429134314,0.8734225255941631,1.056976794037127,1.056976794037127,1.0483863653614633,1.0483863653614633,0.9310027598896045,0.8201354136002355,0.87556908674492,1.1351817571231106,1.1351817571231106,1.110867346289369,1.110867346289369,0.9162573673870335,0.8151429048972088,0.865700136142121,None,None,1.0,None,None,1.0,0.5269709543568465,0.5915119363395226,0.5592414453481845,0.8908881156615744,0.8908881156615744,0.9354590180173239,0.9354590180173239,0.5417789757412399,0.5928705440900562,0.5673247599156481,0.9138233989559522,0.9138233989559522,0.9489084316511837,0.9489084316511837,0.545774647887324,0.5968992248062015,0.5713369363467627,None,None,1.0,None,None,1.0,0.9729957805907173,0.9407884403957908,0.9568921104932541,1.03423441319217,1.03423441319217,1.0322073401949265,1.0322073401949265,0.9809688581314879,0.924066924066924,0.952517891099206,1.061577719732822,1.061577719732822,1.0569019340645638,1.0569019340645638,0.9763127853881278,0.9194664031620553,0.9478895942750916,None,None,1.0,None,None,1.0,0.02700421940928266,0.05921155960420921,0.04310788950674593,0.4560633023313068,0.4560633023313068,0.9677926598050735,0.9677926598050735,0.01903114186851207,0.07593307593307597,0.04748210890079402,0.2506304615565063,0.2506304615565063,0.9430980659354361,0.9430980659354361,0.023687214611872176,0.0805335968379447,0.05211040572490844,None,None,1.0,None,None,1.0,0.4730290456431535,0.4084880636604774,0.44075855465181546,1.1579996766718759,1.1579996766718759,1.064540981982676,1.064540981982676,0.4582210242587601,0.40712945590994376,0.43267524008435193,1.1254921932254336,1.1254921932254336,1.0510915683488165,1.0510915683488165,0.454225352112676,0.4031007751937985,0.42866306365323725,None,None,1.0,None,None,1.0,0.11150070126227209,0.1987484065360992,0.15512455389918564,0.5610143155639334,0.5610143155639334,0.9127522947261729,0.9127522947261729,0.07850352652560565,0.23815130997939357,0.1583274182524996,0.329637181220621,0.329637181220621,0.8403522165462121,0.8403522165462121,0.09651277013752456,0.2475346815978606,0.17202372586769257,None,None,1.0,None,None,1.0,0.7987421383647799,0.7801749271137026,0.7894585327392413,1.0237987797425991,1.0237987797425991,1.0185672112510773,1.0185672112510773,0.78515625,0.7812113720642769,0.7831838110321385,1.0050496934335442,1.0050496934335442,1.003944877935723,1.003944877935723,0.7888040712468194,0.7798784604996624,0.7843412658732409,None,None,1.0,None,None,1.0,0.08997632202052092,0.13364188602834828,0.1118091040244346,0.673264383603768,0.673264383603768,0.9563344359921726,0.9563344359921726,0.056572379367720464,0.16769706336939721,0.11213472136855884,0.3373486585337801,0.3373486585337801,0.8888753159983233,0.8888753159983233,0.07012775210655069,0.173256330519769,0.12169204131315983,None,None,1.0,None,None,1.0
GPyT_in_True,gpu=0,8,0.8503232222774739,0.6284458649620456,0.9238612288135594,0.309726192057487,0.309726192057487,0.07181811361347665,-0.044441103650328134,0.8100070619881514,0.8970588235294118,0.8425872261504579,0.8698230248399348,1.0646480218170635,1.0646480218170635,1.0544715973789538,1.0544715973789538,0.9273229070837167,0.8133647335884604,0.8703438203360885,1.14010709929909,1.14010709929909,1.1139581734952562,1.1139581734952562,0.914116485686081,0.8072630351490921,0.8606897604175865,None,None,1.0,None,None,1.0,0.5972850678733032,0.6314636283961438,0.6143743481347235,0.9458740630720872,0.9458740630720872,0.9658214394771594,0.9658214394771594,0.555256064690027,0.6411819887429644,0.5982190267164957,0.8659882442714978,0.8659882442714978,0.9140740759470626,0.9140740759470626,0.5796296296296296,0.6418746816097809,0.6107521556197053,None,None,1.0,None,None,1.0,0.951946975973488,0.9185185185185185,0.9352327472460032,1.0363938851324264,1.0363938851324264,1.0334284574549695,1.0334284574549695,0.9750865051903114,0.8921063921063921,0.9335964486483517,1.0930159382537226,1.0930159382537226,1.0829801130839192,1.0829801130839192,0.9655466970387244,0.8876237623762376,0.926585229707481,None,None,1.0,None,None,1.0,0.048053024026512015,0.08148148148148149,0.06476725275399675,0.5897416585071928,0.5897416585071928,0.9665715425450305,0.9665715425450305,0.02491349480968863,0.10789360789360791,0.06640355135164827,0.23090797773910213,0.23090797773910213,0.9170198869160807,0.9170198869160807,0.03445330296127558,0.11237623762376237,0.07341477029251897,None,None,1.0,None,None,1.0,0.40271493212669685,0.3685363716038562,0.38562565186527653,1.092741349718338,1.092741349718338,1.0341785605228406,1.0341785605228406,0.444743935309973,0.3588180112570356,0.4017809732835043,1.2394693726547223,1.2394693726547223,1.0859259240529373,1.0859259240529373,0.4203703703703704,0.3581253183902191,0.38924784438029475,None,None,1.0,None,None,1.0,0.1330532212885154,0.22696186391561377,0.18000754260206459,0.586236026586324,0.586236026586324,0.9060913573729017,0.9060913573729017,0.08524992333639987,0.27524286134824844,0.18024639234232415,0.309726192057487,0.309726192057487,0.8100070619881514,0.8100070619881514,0.10710760118460019,0.2855239047143095,0.19631575294945486,None,None,1.0,None,None,1.0,0.6947368421052632,0.7359550561797753,0.7153459491425193,0.9439935717155484,0.9439935717155484,0.9587817859254879,0.9587817859254879,0.7410071942446043,0.7310160427807486,0.7360116185126764,1.0136674859088588,1.0136674859088588,1.0099911514638555,1.0099911514638555,0.7211981566820277,0.73512252042007,0.7281603385510489,None,None,1.0,None,None,1.0,0.07189014539579967,0.12610586294796822,0.09899800417188395,0.5700777403621736,0.5700777403621736,0.9457842824478314,0.9457842824478314,0.05531344284277573,0.15536149471974006,0.1053374687812579,0.3560305785069643,0.3560305785069643,0.8999519481230357,0.8999519481230357,0.06274184632393588,0.16390767078573093,0.1133247585548334,None,None,1.0,None,None,1.0
GPyT_in_True,gpu=0,9,0.8530084535057185,0.6084698361965641,0.9340572033898306,0.318513336667522,0.318513336667522,0.05887953503116483,-0.037642832491104505,0.824161595404499,0.8937628512679918,0.8460912052117264,0.8699270282398591,1.0563433891791087,1.0563433891791087,1.0476716460562654,1.0476716460562654,0.9291628334866605,0.8164556962025317,0.8728092648445961,1.138044400704592,1.138044400704592,1.1127071372841288,1.1127071372841288,0.9141104294478528,0.811371237458194,0.8627408334530233,None,None,1.0,None,None,1.0,0.5659574468085107,0.6128747795414462,0.5894161131749784,0.9234471146487067,0.9234471146487067,0.9530826672670645,0.9530826672670645,0.5498652291105122,0.6186679174484052,0.5842665732794587,0.8887889829140349,0.8887889829140349,0.931197311662107,0.931197311662107,0.5704099821746881,0.6194644696189495,0.5949372258968189,None,None,1.0,None,None,1.0,0.9566993464052288,0.929677623261694,0.9431884848334614,1.029065691662806,1.029065691662806,1.0270217231435348,1.0270217231435348,0.9778546712802768,0.9069069069069069,0.9423807890935918,1.0782304819083848,1.0782304819083848,1.0709477643733698,1.0709477643733698,0.9689812179852021,0.9036651807825656,0.9363231993838839,None,None,1.0,None,None,1.0,0.0433006535947712,0.07032237673830599,0.056811515166538595,0.6157450246015999,0.6157450246015999,0.9729782768564652,0.9729782768564652,0.02214532871972319,0.0930930930930931,0.05761921090640815,0.23788369237638132,0.23788369237638132,0.9290522356266301,0.9290522356266301,0.031018782014797908,0.09633481921743436,0.06367680061611614,None,None,1.0,None,None,1.0,0.4340425531914893,0.3871252204585538,0.41058388682502156,1.1211942034604758,1.1211942034604758,1.0469173327329355,1.0469173327329355,0.45013477088948783,0.3813320825515948,0.4157334267205413,1.1804272220619778,1.1804272220619778,1.0688026883378932,1.0688026883378932,0.4295900178253119,0.3805355303810505,0.4050627741031812,None,None,1.0,None,None,1.0,0.12748457847840988,0.21347138203815727,0.1704779802582836,0.5971975131337391,0.5971975131337391,0.9140131964402526,0.9140131964402526,0.0821833793314934,0.25802178392699443,0.1701025816292439,0.318513336667522,0.318513336667522,0.824161595404499,0.824161595404499,0.1052760736196319,0.2662207357859532,0.18574840470279252,None,None,1.0,None,None,1.0,0.7150537634408602,0.7574931880108992,0.7362734757258798,0.9439738531755242,0.9439738531755242,0.9575605754299611,0.9575605754299611,0.7611940298507462,0.7524244152880776,0.7568092225694119,1.0116551435393162,1.0116551435393162,1.0087696145626688,1.0087696145626688,0.745920745920746,0.7556532663316583,0.7507870061262021,None,None,1.0,None,None,1.0,0.08012568735271014,0.12986244638367106,0.1049940668681906,0.6170042963458693,0.6170042963458693,0.950263240969039,0.950263240969039,0.0557968593384564,0.16127752430073397,0.10853719181959519,0.3459679802277475,0.3459679802277475,0.8945193350377224,0.8945193350377224,0.06609983543609435,0.16841385597082953,0.11725684570346194,None,None,1.0,None,None,1.0
GPyT_in_False,gpu=0,0,0.8549975136747887,0.6428286056731922,0.9253177966101694,0.3018639352775028,0.3018639352775028,0.06026729427586787,-0.04668132746901241,0.8049658153012511,0.8991291727140783,0.8479889362682955,0.8735590544911869,1.0603076694264824,1.0603076694264824,1.0511402364457827,1.0511402364457827,0.9337626494940202,0.8171916396820724,0.8754771445880463,1.142648314240341,1.142648314240341,1.1165710098119477,1.1165710098119477,0.9197515527950311,0.8117744610281924,0.8657630069116118,None,None,1.0,None,None,1.0,0.5919282511210763,0.6478070175438596,0.6198676343324679,0.9137416469573826,0.9137416469573826,0.9441212335772167,0.9441212335772167,0.5795148247978437,0.6538461538461539,0.6166804893219988,0.8863167908672903,0.8863167908672903,0.9256686709516898,0.9256686709516898,0.5895522388059702,0.6573462125063548,0.6234492256561626,None,None,1.0,None,None,1.0,0.9584415584415584,0.9193371893074879,0.9388893738745232,1.0425353935301223,1.0425353935301223,1.0391043691340704,1.0391043691340704,0.9792387543252595,0.8918918918918919,0.9355653231085757,1.0979343609101395,1.0979343609101395,1.0873468624333675,1.0873468624333675,0.9704786471768415,0.8865370415948807,0.9285078443858611,None,None,1.0,None,None,1.0,0.04155844155844157,0.08066281069251213,0.06111062612547685,0.5152119198630827,0.5152119198630827,0.9608956308659294,0.9608956308659294,0.02076124567474047,0.10810810810810811,0.06443467689142429,0.19204152249134934,0.19204152249134934,0.9126531375666324,0.9126531375666324,0.029521352823158487,0.11346295840511933,0.07149215561413891,None,None,1.0,None,None,1.0,0.4080717488789237,0.3521929824561404,0.38013236566753206,1.1586595111381643,1.1586595111381643,1.0558787664227833,1.0558787664227833,0.42048517520215634,0.34615384615384615,0.38331951067800124,1.2147349505840073,1.2147349505840073,1.0743313290483103,1.0743313290483103,0.4104477611940298,0.34265378749364517,0.3765507743438375,None,None,1.0,None,None,1.0,0.13062409288824384,0.2296876800737582,0.180155886481001,0.5687030878029563,0.5687030878029563,0.9009364128144857,0.9009364128144857,0.08432996013492794,0.2793641448336768,0.18184705248430236,0.3018639352775028,0.3018639352775028,0.8049658153012511,0.8049658153012511,0.10409937888198757,0.29087893864013264,0.1974891587610601,None,None,1.0,None,None,1.0,0.7333333333333333,0.7410938283993979,0.7372135808663656,0.9895283231776123,0.9895283231776123,0.9922395049339354,0.9922395049339354,0.7818181818181819,0.7344573234984194,0.7581377526583006,1.064484152862919,1.064484152862919,1.0473608583197624,1.0473608583197624,0.7541766109785203,0.7371721778791334,0.7456743944288269,None,None,1.0,None,None,1.0,0.07595993322203673,0.1201376421304608,0.09804878767624876,0.632274213768485,0.632274213768485,0.9558222910915759,0.9558222910915759,0.052243804420629605,0.15073529411764705,0.10148954926913833,0.34659304396125007,0.34659304396125007,0.9015085103029825,0.9015085103029825,0.06100942872989462,0.15762394761459309,0.10931668817224385,None,None,1.0,None,None,1.0
GPyT_in_False,gpu=0,1,0.8556936847339632,0.654814222932481,0.9222722457627118,0.27312996911017867,0.27312996911017867,0.1289740055575269,-0.04826053500957689,0.7894494817793394,0.9043540328336902,0.8478160388259764,0.8760850358298333,1.0666866294320232,1.0666866294320232,1.0565379940077138,1.0565379940077138,0.926096289481754,0.8219016779511333,0.8739989837164437,1.126772598628051,1.126772598628051,1.1041946115306207,1.1041946115306207,0.9150246305418719,0.815512927439533,0.8652687789907024,None,None,1.0,None,None,1.0,0.6278026905829597,0.6574561403508772,0.6426294154669184,0.9548966874777506,0.9548966874777506,0.9703465502320825,0.9703465502320825,0.522911051212938,0.6777673545966229,0.6003392029047805,0.7715199731390893,0.7715199731390893,0.8451436966163152,0.8451436966163152,0.5690909090909091,0.6789554531490015,0.6240231811199553,None,None,1.0,None,None,1.0,0.9567062818336163,0.9159083777847505,0.9363073298091834,1.0445436520053906,1.0445436520053906,1.0407979040488657,1.0407979040488657,0.9778546712802768,0.8878163878163878,0.9328355295483324,1.1014154330777122,1.1014154330777122,1.090038283463889,1.090038283463889,0.9692307692307692,0.8814943097476496,0.9253625394892094,None,None,1.0,None,None,1.0,0.04329371816638372,0.08409162221524946,0.06369267019081659,0.514839849986063,0.514839849986063,0.9592020959511343,0.9592020959511343,0.02214532871972319,0.11218361218361217,0.06716447045166768,0.19740252866414823,0.19740252866414823,0.909961716536111,0.909961716536111,0.03076923076923077,0.11850569025235036,0.07463746051079057,None,None,1.0,None,None,1.0,0.3721973094170403,0.3425438596491228,0.35737058453308157,1.0865683296681843,1.0865683296681843,1.0296534497679175,1.0296534497679175,0.477088948787062,0.32223264540337715,0.39966079709521957,1.4805729822620322,1.4805729822620322,1.154856303383685,1.154856303383685,0.4309090909090909,0.3210445468509985,0.3759768188800447,None,None,1.0,None,None,1.0,0.1363311920057102,0.23515137508666512,0.18574128354618766,0.5797592804016787,0.5797592804016787,0.901179816919045,0.901179816919045,0.07911683532658693,0.2896673535472476,0.18439209443691726,0.27312996911017867,0.27312996911017867,0.7894494817793394,0.7894494817793394,0.10369458128078818,0.3010842368640534,0.20238940907242078,None,None,1.0,None,None,1.0,0.7329842931937173,0.7366093366093366,0.7347968149015269,0.9950787435952066,0.9950787435952066,0.9963749565843807,0.9963749565843807,0.751937984496124,0.7342479674796748,0.7430929759878995,1.0240927013760361,1.0240927013760361,1.0176900170164491,1.0176900170164491,0.7434679334916865,0.7346260387811634,0.7390469861364249,None,None,1.0,None,None,1.0,0.06859504132231405,0.11799365463060886,0.09329434797646145,0.5813451709505719,0.5813451709505719,0.9506013866917051,0.9506013866917051,0.058941058941058944,0.14235391628677993,0.10064748761391944,0.41404592496295556,0.41404592496295556,0.916587142654279,0.916587142654279,0.0651277823577906,0.1496420047732697,0.10738489356553015,None,None,1.0,None,None,1.0
GPyT_in_False,gpu=0,2,0.8546991546494281,0.6160607271274471,0.933792372881356,0.31744960449889004,0.31744960449889004,0.0688203622124327,-0.03699442406218172,0.8219783189832254,0.8964028776978418,0.8480092325447202,0.8722060551212809,1.0570673564577842,1.0570673564577842,1.0483936451531215,1.0483936451531215,0.927936215884698,0.8195466588166029,0.8737414373506505,1.132255504798965,1.132255504798965,1.108389557068095,1.108389557068095,0.9128919860627178,0.8159681961239026,0.8644300910933103,None,None,1.0,None,None,1.0,0.5129310344827587,0.6265962131219727,0.5697636238023657,0.8185990016235735,0.8185990016235735,0.886334821360786,0.886334821360786,0.5471698113207547,0.6280487804878049,0.5876092959042798,0.8712218355010075,0.8712218355010075,0.9191210308329498,0.9191210308329498,0.5361010830324909,0.6387891226269882,0.5874451028297396,None,None,1.0,None,None,1.0,0.9732297063903281,0.9266499843603379,0.9499398453753329,1.0502667920100857,1.0502667920100857,1.0465797220299904,1.0465797220299904,0.9768166089965398,0.9071214071214071,0.9419690080589734,1.0768311731241118,1.0768311731241118,1.0696952018751327,1.0696952018751327,0.9731524249422633,0.900440313111546,0.9367963690269047,None,None,1.0,None,None,1.0,0.02677029360967187,0.07335001563966215,0.05006015462466701,0.3649664335612836,0.3649664335612836,0.9534202779700097,0.9534202779700097,0.02318339100346023,0.0928785928785929,0.058030991941026566,0.2496096278478789,0.2496096278478789,0.9303047981248673,0.9303047981248673,0.026847575057736717,0.09955968688845396,0.06320363097309534,None,None,1.0,None,None,1.0,0.4870689655172413,0.37340378687802733,0.43023637619763433,1.3044028545868573,1.3044028545868573,1.113665178639214,1.113665178639214,0.4528301886792453,0.3719512195121951,0.4123907040957202,1.217445097432725,1.217445097432725,1.0808789691670502,1.0808789691670502,0.46389891696750907,0.36121087737301183,0.41255489717026045,None,None,1.0,None,None,1.0,0.1079136690647482,0.21834968263127524,0.16313167584801172,0.4942240710602765,0.4942240710602765,0.889563986433473,0.889563986433473,0.0827966881324747,0.26081836914924933,0.17180752864086202,0.31744960449889004,0.31744960449889004,0.8219783189832254,0.8219783189832254,0.09706321553011449,0.2736458505880404,0.18535453305907745,None,None,1.0,None,None,1.0,0.7933333333333333,0.7521141649048626,0.7727237491190979,1.054804403841649,1.054804403841649,1.0412191684284706,1.0412191684284706,0.7518518518518519,0.7556433408577878,0.7537475963548199,0.9949824357591348,0.9949824357591348,0.996208510994064,0.996208510994064,0.7615384615384615,0.7536319612590799,0.7575852113987707,None,None,1.0,None,None,1.0,0.09112903225806451,0.12520301195924996,0.10816602210865724,0.7278501597687158,0.7278501597687158,0.9659260202988146,0.9659260202988146,0.05616850551654965,0.157905217045002,0.10703686128077582,0.35571025813885543,0.35571025813885543,0.8982632884715477,0.8982632884715477,0.07083792723263506,0.1605473204104903,0.11569262382156267,None,None,1.0,None,None,1.0
GPyT_in_False,gpu=0,3,0.8552958727001492,0.6200559328805434,0.9332627118644068,0.32439829631847517,0.32439829631847517,0.055798593195252086,-0.03717185146269679,0.8230945789153028,0.9091559370529327,0.8465981286819915,0.8778770328674621,1.0738931569200763,1.0738931569200763,1.0625578083709413,1.0625578083709413,0.9294694878871512,0.8196938475125111,0.8745816676998311,1.1339227331128219,1.1339227331128219,1.1097756403746402,1.1097756403746402,0.9194630872483222,0.8125,0.8659815436241611,None,None,1.0,None,None,1.0,0.6153846153846154,0.6205083260297984,0.6179464707072069,0.9917427205562799,0.9917427205562799,0.994876289354817,0.994876289354817,0.5633423180592992,0.6299249530956847,0.5966336355774919,0.894300686598977,0.894300686598977,0.9334173649636145,0.9334173649636145,0.5930018416206262,0.6275510204081632,0.6102764310143947,None,None,1.0,None,None,1.0,0.9643160577740016,0.9275294117647059,0.9459227347693537,1.039660894352995,1.039660894352995,1.0367866460092956,1.0367866460092956,0.9764705882352941,0.9064779064779065,0.9414742473566002,1.0772138860276719,1.0772138860276719,1.0699926817573875,1.0699926817573875,0.9704022988505747,0.9015225933202358,0.9359624460854052,None,None,1.0,None,None,1.0,0.035683942225998355,0.07247058823529406,0.05407726523064621,0.49239205993666596,0.49239205993666596,0.9632133539907043,0.9632133539907043,0.02352941176470591,0.09352209352209351,0.05852575264339971,0.2515920129519701,0.2515920129519701,0.9300073182426124,0.9300073182426124,0.029597701149425282,0.09847740667976423,0.06403755391459476,None,None,1.0,None,None,1.0,0.3846153846153846,0.37949167397020156,0.38205352929279307,1.0135015100373068,1.0135015100373068,1.005123710645183,1.005123710645183,0.43665768194070076,0.37007504690431525,0.403366364422508,1.1799165752820961,1.1799165752820961,1.0665826350363856,1.0665826350363856,0.4069981583793738,0.37244897959183676,0.3897235689856053,None,None,1.0,None,None,1.0,0.12732474964234622,0.21693427284278619,0.1721295112425662,0.5869277729785896,0.5869277729785896,0.9103904767995601,0.9103904767995601,0.08494326893590923,0.2618486900206064,0.1733959794782578,0.32439829631847517,0.32439829631847517,0.8230945789153028,0.8230945789153028,0.10564255530698484,0.2703912466843501,0.18801690099566748,None,None,1.0,None,None,1.0,0.7640449438202247,0.7539936102236422,0.7590192770219335,1.0133307941344505,1.0133307941344505,1.0100513335965826,1.0100513335965826,0.7545126353790613,0.7549184935356942,0.7547155644573778,0.9994623814887194,0.9994623814887194,0.9995941418433671,0.9995941418433671,0.7576470588235295,0.7541385652973636,0.7558928120604465,None,None,1.0,None,None,1.0,0.06967213114754098,0.12774745537689924,0.09870979326222011,0.545389580888199,0.545389580888199,0.9419246757706418,0.9419246757706418,0.054289544235924934,0.15732801595214357,0.10580878009403426,0.34507232489627826,0.34507232489627826,0.8969615282837814,0.8969615282837814,0.061423012784880486,0.1658713928652579,0.1136472028250692,None,None,1.0,None,None,1.0
GPyT_in_False,gpu=0,4,0.8545002486325212,0.6248501797842589,0.930614406779661,0.2976299995619223,0.2976299995619223,0.07692537380282319,-0.0424941561573304,0.8111230511038611,0.8975468975468975,0.8476179490137271,0.8725824232803123,1.0589050156279334,1.0589050156279334,1.0499289485331704,1.0499289485331704,0.9306961054891137,0.8179275831616132,0.8743118443253635,1.1378710348556844,1.1378710348556844,1.1127685223275006,1.1127685223275006,0.9158576051779935,0.8136800264988406,0.864768815838417,None,None,1.0,None,None,1.0,0.5833333333333334,0.6290109890109891,0.6061721611721612,0.9273817843000233,0.9273817843000233,0.9543223443223443,0.9543223443223443,0.5471698113207547,0.6383677298311444,0.5927687705759496,0.8571388962056202,0.8571388962056202,0.9088020814896103,0.9088020814896103,0.5654545454545454,0.6415770609318996,0.6035158031932225,None,None,1.0,None,None,1.0,0.959412780656304,0.925398811385674,0.9424057960209891,1.036756011410581,1.036756011410581,1.0340139692706298,1.0340139692706298,0.9799307958477509,0.9000429000429,0.9399868479453255,1.088760097769832,1.088760097769832,1.079887895804851,1.079887895804851,0.9714450533602538,0.8959608323133414,0.9337029428367976,None,None,1.0,None,None,1.0,0.040587219343696024,0.07460118861432596,0.057594203979010994,0.5440559339278663,0.5440559339278663,0.9659860307293701,0.9659860307293701,0.02006920415224911,0.0999570999571,0.06001315205467456,0.20077817544589122,0.20077817544589122,0.9201121041951491,0.9201121041951491,0.028554946639746226,0.10403916768665855,0.06629705716320239,None,None,1.0,None,None,1.0,0.41666666666666663,0.37098901098901094,0.3938278388278388,1.1231240126382307,1.1231240126382307,1.0456776556776557,1.0456776556776557,0.4528301886792453,0.3616322701688556,0.40723122942405043,1.2521841274502605,1.2521841274502605,1.0911979185103897,1.0911979185103897,0.43454545454545457,0.3584229390681004,0.3964841968067775,None,None,1.0,None,None,1.0,0.12987012987012986,0.22009458991809897,0.17498235989411443,0.5900650711971467,0.5900650711971467,0.9097755399520309,0.9097755399520309,0.08003679852805888,0.2689137474241978,0.17447527297612836,0.2976299995619223,0.2976299995619223,0.8111230511038611,0.8111230511038611,0.10206621857107294,0.27790659158661807,0.1899864050788455,None,None,1.0,None,None,1.0,0.7388888888888889,0.75,0.7444444444444445,0.9851851851851853,0.9851851851851853,0.9888888888888889,0.9888888888888889,0.7777777777777778,0.7449370552818829,0.7613574165298304,1.0440852314474651,1.0440852314474651,1.0328407224958949,1.0328407224958949,0.7585365853658537,0.7467222884386174,0.7526294369022355,None,None,1.0,None,None,1.0,0.07877280265339967,0.12483360449637627,0.10180320357488798,0.6310224155682881,0.6310224155682881,0.9539391981570234,0.9539391981570234,0.056,0.15522448157841756,0.10561224078920878,0.36076783398184176,0.36076783398184176,0.9007755184215824,0.9007755184215824,0.06626004990296645,0.16055045871559634,0.11340525430928139,None,None,1.0,None,None,1.0
GPyT_in_False,gpu=0,5,0.8524117354549975,0.6152616859768278,0.9310116525423728,0.36186790949015035,0.36186790949015035,0.0006743088334457021,-0.03652299027047895,0.8350662421349284,0.902542372881356,0.8441949299687463,0.8733686514250512,1.0691160783384115,1.0691160783384115,1.0583474429126096,1.0583474429126096,0.9325360318920577,0.813953488372093,0.8732447601320754,1.1456871248959566,1.1456871248959566,1.1185825435199646,1.1185825435199646,0.9175130047064652,0.8087404453306747,0.8631267250185699,None,None,1.0,None,None,1.0,0.6088888888888889,0.615891132572432,0.6123900107306605,0.9886307119664212,0.9886307119664212,0.9929977563164569,0.9929977563164569,0.6145552560646901,0.6153846153846154,0.6149699357246527,0.9986522911051213,0.9986522911051213,0.9991706406800747,0.9991706406800747,0.6051188299817185,0.6180981595092024,0.6116084947454605,None,None,1.0,None,None,1.0,0.9580184718723762,0.9259550385159566,0.9419867551941664,1.0346274192835627,1.0346274192835627,1.0320634333564196,1.0320634333564196,0.9733564013840831,0.9047619047619048,0.9390591530729939,1.0758149699508286,1.0758149699508286,1.0685944966221783,1.0685944966221783,0.9664756446991404,0.9005416051206302,0.9335086249098853,None,None,1.0,None,None,1.0,0.04198152812762379,0.07404496148404338,0.058013244805833586,0.5669734616131953,0.5669734616131953,0.9679365666435804,0.9679365666435804,0.02664359861591692,0.09523809523809523,0.060940846927006076,0.27975778546712765,0.27975778546712765,0.9314055033778217,0.9314055033778217,0.03352435530085962,0.0994583948793698,0.06649137509011471,None,None,1.0,None,None,1.0,0.3911111111111111,0.384108867427568,0.38760998926933954,1.0182298412698414,1.0182298412698414,1.007002243683543,1.007002243683543,0.3854447439353099,0.3846153846153846,0.38503006427534725,1.0021563342318058,1.0021563342318058,1.0008293593199253,1.0008293593199253,0.3948811700182815,0.38190184049079756,0.3883915052545395,None,None,1.0,None,None,1.0,0.13206214689265536,0.21692325500636647,0.17449270094951091,0.6087966312730254,0.6087966312730254,0.9151388918862888,0.9151388918862888,0.09352959214964734,0.2584633500147189,0.1759964710821831,0.36186790949015035,0.36186790949015035,0.8350662421349284,0.8350662421349284,0.11097349516968046,0.2680292455965437,0.18950137038311207,None,None,1.0,None,None,1.0,0.732620320855615,0.7486659551760939,0.7406431380158545,0.9785676987052192,0.9785676987052192,0.9839543656795211,0.9839543656795211,0.7475409836065574,0.7471526195899773,0.7473468015982674,1.0005197920831668,1.0005197920831668,1.00038836401658,1.00038836401658,0.7388392857142857,0.749535027898326,0.7441871568063059,None,None,1.0,None,None,1.0,0.07160292921074043,0.1293422025129342,0.10047256586183732,0.5535929326978961,0.5535929326978961,0.9422607266978063,0.9422607266978063,0.048376184032476316,0.1627630011909488,0.10556959261171256,0.29721855506782396,0.29721855506782396,0.8856131828415275,0.8856131828415275,0.060183895235441626,0.1695800227014756,0.11488195896845861,None,None,1.0,None,None,1.0
GPyT_in_False,gpu=0,6,0.8539035305818001,0.6060727127447063,0.9360434322033898,0.353326841585206,0.353326841585206,0.010130379794703374,-0.034402012063603986,0.8372371061393439,0.9090909090909091,0.8445890968266884,0.8768400029587987,1.0763706428446314,1.0763706428446314,1.0645018122642207,1.0645018122642207,0.9328426862925483,0.8160141301148072,0.8744284082036777,1.143169771044656,1.143169771044656,1.1168285561777411,1.1168285561777411,0.9213428081352609,0.8078339471041178,0.8645883776196894,None,None,1.0,None,None,1.0,0.611353711790393,0.6055408970976254,0.6084473044440092,1.0095993758978603,1.0095993758978603,1.0058128146927676,1.0058128146927676,0.5956873315363881,0.6078799249530957,0.601783628244742,0.9799424312002927,0.9799424312002927,0.9878074065832924,0.9878074065832924,0.6126126126126126,0.6042094455852156,0.6084110290989141,None,None,1.0,None,None,1.0,0.9648405560098119,0.9304787486174751,0.9476596523136436,1.0369291694661402,1.0369291694661402,1.0343618073923366,1.0343618073923366,0.9761245674740484,0.9111969111969112,0.9436607393354798,1.071255351592282,1.071255351592282,1.0649276562771373,1.0649276562771373,0.9699376063528077,0.9063586686537506,0.9381481375032792,None,None,1.0,None,None,1.0,0.03515944399018811,0.06952125138252485,0.05234034768635648,0.505736638667956,0.505736638667956,0.9656381926076633,0.9656381926076633,0.02387543252595159,0.08880308880308885,0.05633926066452022,0.2688581314878895,0.2688581314878895,0.9350723437228627,0.9350723437228627,0.03006239364719232,0.09364133134624941,0.061851862496720866,None,None,1.0,None,None,1.0,0.388646288209607,0.3944591029023746,0.3915526955559908,0.9852638343240205,0.9852638343240205,0.9941871853072324,0.9941871853072324,0.4043126684636119,0.39212007504690427,0.3982163717552581,1.0310940301009817,1.0310940301009817,1.0121925934167075,1.0121925934167075,0.3873873873873874,0.3957905544147844,0.3915889709010859,None,None,1.0,None,None,1.0,0.12603305785123967,0.2112053934673951,0.16861922565931736,0.5967321941079884,0.5967321941079884,0.9148276643838446,0.9148276643838446,0.08892977614228764,0.25169267000294376,0.1703112230726157,0.353326841585206,0.353326841585206,0.8372371061393439,0.8372371061393439,0.10928693947561872,0.26012721794442584,0.1847070787100223,None,None,1.0,None,None,1.0,0.7650273224043715,0.7578425976884975,0.7614349600464345,1.0094804973193487,1.0094804973193487,1.007184724715874,1.007184724715874,0.7620689655172413,0.7578947368421053,0.7599818511796733,1.005507662835249,1.005507662835249,1.004174228675136,1.004174228675136,0.7623318385650224,0.7574002574002574,0.7598660479826399,None,None,1.0,None,None,1.0,0.07013396375098503,0.13218390804597702,0.10115893589848102,0.5305786822900607,0.5305786822900607,0.937950055705008,0.937950055705008,0.05048805116122518,0.16443745082612116,0.10746275099367317,0.3070349905546278,0.3070349905546278,0.8860506003351041,0.8860506003351041,0.059147180192572216,0.17443438914027148,0.11679078466642184,None,None,1.0,None,None,1.0
GPyT_in_False,gpu=0,7,0.8595723520636499,0.6452257291250499,0.930614406779661,0.3531203384632976,0.3531203384632976,0.02591492307723004,-0.03569405627893316,0.8258547393360864,0.9025245441795231,0.852474214856878,0.8774993795182006,1.0587118395493618,1.0587118395493618,1.050050329322645,1.050050329322645,0.9316160686905857,0.8249926405652046,0.8783043546278951,1.1292416718436822,1.1292416718436822,1.106623428125381,1.106623428125381,0.9182220039292731,0.8196556911248537,0.8689388475270634,None,None,1.0,None,None,1.0,0.5975103734439834,0.6503094606542882,0.6239099170491358,0.9188092894155612,0.9188092894155612,0.9472009127896952,0.9472009127896952,0.6172506738544474,0.650093808630394,0.6336722412424207,0.9494793915279091,0.9494793915279091,0.9671568652240534,0.9671568652240534,0.6179577464788732,0.6532299741602067,0.6355938603195399,None,None,1.0,None,None,1.0,0.9645569620253165,0.9242971572168996,0.9444270596211081,1.0435572093823602,1.0435572093823602,1.0402598048084168,1.0402598048084168,0.9719723183391004,0.904976404976405,0.9384743616577527,1.0740305636636374,1.0740305636636374,1.0669959133626954,1.0669959133626954,0.9668949771689498,0.8992094861660079,0.9330522316674789,None,None,1.0,None,None,1.0,0.03544303797468351,0.07570284278310035,0.05557294037889193,0.4681863543253318,0.4681863543253318,0.9597401951915832,0.9597401951915832,0.02802768166089964,0.09502359502359503,0.061525638342247335,0.2949549704359235,0.2949549704359235,0.9330040866373046,0.9330040866373046,0.03310502283105021,0.10079051383399207,0.06694776833252114,None,None,1.0,None,None,1.0,0.4024896265560166,0.3496905393457118,0.3760900829508642,1.1509880344749803,1.1509880344749803,1.0527990872103048,1.0527990872103048,0.38274932614555257,0.349906191369606,0.3663277587575793,1.0938626854454667,1.0938626854454667,1.0328431347759466,1.0328431347759466,0.38204225352112675,0.3467700258397933,0.36440613968046004,None,None,1.0,None,None,1.0,0.13043478260869565,0.2263298180553946,0.1783823003320451,0.5763040138916716,0.5763040138916716,0.904104964553301,0.904104964553301,0.09506286415210058,0.26920812481601414,0.18213549448405736,0.3531203384632976,0.3531203384632976,0.8258547393360864,0.8258547393360864,0.11468565815324165,0.2794584656526826,0.19707206190296214,None,None,1.0,None,None,1.0,0.7741935483870968,0.753200204813108,0.7636968766001024,1.0278721957851802,1.0278721957851802,1.0209933435739886,1.0209933435739886,0.7387096774193549,0.7577911427009295,0.7482504100601421,0.9748196248196248,0.9748196248196248,0.9809185347184254,0.9809185347184254,0.7516059957173448,0.7559808612440191,0.753793428480682,None,None,1.0,None,None,1.0,0.07822580645161291,0.11848412222887957,0.09835496434024624,0.6602218506586192,0.6602218506586192,0.9597416842227333,0.9597416842227333,0.04811928159945781,0.15025176233635448,0.09918552196790614,0.3202576851760161,0.3202576851760161,0.8978675192631034,0.8978675192631034,0.06019417475728155,0.15564834145209927,0.10792125810469042,None,None,1.0,None,None,1.0
GPyT_in_False,gpu=0,8,0.8478368970661363,0.626847782660807,0.9210805084745762,0.29308243897852093,0.29308243897852093,0.09007890295087172,-0.04815693667923548,0.802512580097326,0.8942577030812325,0.8401530079981454,0.867205355539689,1.0643986209273997,1.0643986209273997,1.0541046950830872,1.0541046950830872,0.9264029438822448,0.810126582278481,0.8682647630803628,1.143528633854646,1.143528633854646,1.1162763616037639,1.1162763616037639,0.912142152023692,0.8044311177744461,0.858286634899069,None,None,1.0,None,None,1.0,0.583710407239819,0.6310254163014899,0.6073679117706545,0.9250188536953243,0.9250188536953243,0.9526849909383291,0.9526849909383291,0.5363881401617251,0.6425891181988743,0.5894886291802997,0.834729572864816,0.834729572864816,0.8937990219628508,0.8937990219628508,0.562962962962963,0.6444218033622007,0.6036923831625818,None,None,1.0,None,None,1.0,0.9511184755592378,0.9153664302600473,0.9332424529096426,1.0390576321321219,1.0390576321321219,1.0357520452991906,1.0357520452991906,0.9764705882352941,0.8867438867438867,0.9316072374895904,1.1011867156151285,1.1011867156151285,1.0897267014914074,1.0897267014914074,0.9658314350797267,0.8821782178217822,0.9240048264507544,None,None,1.0,None,None,1.0,0.048881524440762214,0.08463356973995273,0.06675754709035747,0.5775666155989501,0.5775666155989501,0.9642479547008095,0.9642479547008095,0.02352941176470591,0.11325611325611329,0.0683927625104096,0.20775401069518734,0.20775401069518734,0.9102732985085926,0.9102732985085926,0.034168564920273314,0.11782178217821782,0.07599517354924556,None,None,1.0,None,None,1.0,0.41628959276018096,0.3689745836985101,0.39263208822934553,1.1282337894046708,1.1282337894046708,1.0473150090616707,1.0473150090616707,0.4636118598382749,0.3574108818011257,0.4105113708197003,1.2971397443244124,1.2971397443244124,1.1062009780371493,1.1062009780371493,0.437037037037037,0.3555781966377993,0.39630761683741816,None,None,1.0,None,None,1.0,0.13165266106442577,0.22916425176770605,0.1804084564160659,0.5744903930211437,0.5744903930211437,0.9024884092967197,0.9024884092967197,0.08187672493100276,0.2793641448336768,0.18062043488233975,0.29308243897852093,0.29308243897852093,0.802512580097326,0.802512580097326,0.10463968410661402,0.2900216558387473,0.19733066997268064,None,None,1.0,None,None,1.0,0.6861702127659575,0.7283763277693475,0.7072732702676525,0.9420545212765958,0.9420545212765958,0.95779388499661,0.95779388499661,0.7453183520599251,0.7218124341412012,0.7335653931005632,1.0325651329998087,1.0325651329998087,1.0235059179187238,1.0235059179187238,0.7169811320754716,0.726593911545089,0.7217875218102803,None,None,1.0,None,None,1.0,0.07419354838709677,0.12661654135338346,0.10040504487024011,0.5859704237223201,0.5859704237223201,0.9475770070337133,0.9475770070337133,0.05744822979291917,0.1556372549019608,0.10654274234743998,0.3691161851261578,0.3691161851261578,0.9018109748909584,0.9018109748909584,0.06504961411245866,0.1637728765837635,0.11441124534811108,None,None,1.0,None,None,1.0
GPyT_in_False,gpu=0,9,0.8530084535057185,0.6244506592089493,0.928760593220339,0.3229915443294308,0.3229915443294308,0.04623157912340726,-0.04120462929825929,0.8187403030814299,0.8923920493488691,0.8463238715681712,0.8693579604585202,1.0544332723302925,1.0544332723302925,1.0460681777806977,1.0460681777806977,0.9310027598896045,0.8155725640270827,0.8732876619583436,1.1415327108265607,1.1415327108265607,1.1154301958625217,1.1154301958625217,0.914601226993865,0.8110367892976589,0.862819008145762,None,None,1.0,None,None,1.0,0.5829787234042553,0.6287477954144621,0.6058632594093587,0.9272059920623078,0.9272059920623078,0.9542309279897931,0.9542309279897931,0.5768194070080862,0.6327392120075047,0.6047793095077955,0.9116226654864639,0.9116226654864639,0.9440801950005815,0.9440801950005815,0.5900178253119429,0.6343975283213182,0.6122076768166306,None,None,1.0,None,None,1.0,0.951797385620915,0.9243046776232617,0.9380510316220884,1.029744205199034,1.029744205199034,1.0274927079976532,1.0274927079976532,0.9764705882352941,0.8991848991848992,0.9378277437100966,1.085950830713965,1.085950830713965,1.0772856890503948,1.0772856890503948,0.9664200341491178,0.8959881129271917,0.9312040735381548,None,None,1.0,None,None,1.0,0.04820261437908502,0.07569532237673826,0.06194896837791164,0.6367977949704596,0.6367977949704596,0.9725072920023468,0.9725072920023468,0.02352941176470591,0.10081510081510081,0.06217225628990336,0.23339173967459353,0.23339173967459353,0.9227143109496051,0.9227143109496051,0.03357996585088219,0.10401188707280828,0.06879592646184524,None,None,1.0,None,None,1.0,0.4170212765957447,0.37125220458553787,0.3941367405906413,1.1232829635619348,1.1232829635619348,1.0457690720102069,1.0457690720102069,0.4231805929919138,0.3672607879924953,0.39522069049220454,1.1522618445194894,1.1522618445194894,1.0559198049994185,1.0559198049994185,0.4099821746880571,0.36560247167868176,0.3877923231833694,None,None,1.0,None,None,1.0,0.1343385880740233,0.2216147045137273,0.1779766462938753,0.6061808415140705,0.6061808415140705,0.912723883560296,0.912723883560296,0.08647654093836246,0.26773623785693257,0.1771063893976475,0.3229915443294308,0.3229915443294308,0.8187403030814299,0.8187403030814299,0.1101840490797546,0.2762541806020067,0.19321911484088064,None,None,1.0,None,None,1.0,0.6989795918367347,0.7485564304461942,0.7237680111414645,0.9337700718436043,0.9337700718436043,0.9504231613905405,0.9504231613905405,0.7588652482269503,0.7416162726772952,0.7502407604521228,1.0232586260376744,1.0232586260376744,1.0172489755496552,1.0172489755496552,0.7371937639198218,0.7457627118644068,0.7414782378921143,None,None,1.0,None,None,1.0,0.07759303246239113,0.12584068151247946,0.1017168569874353,0.6165973636649157,0.6165973636649157,0.9517523509499117,0.9517523509499117,0.05270224907687143,0.15738693467336684,0.10504459187511914,0.33485784055866585,0.33485784055866585,0.8953153144035046,0.8953153144035046,0.063430777716492,0.16404805914972273,0.11373941843310736,None,None,1.0,None,None,1.0
