algorithm,params,run-id,accuracy,TPR,TNR,BCR,MCC,DIbinary,DIavgall,CV,0-accuracy-race,1-accuracy-race,race-accuracy,0-accuracy-race_over_1-accuracy-race,race-accuracyRatio,diff:1-accuracy-raceto0-accuracy-race,race-accuracyDiff,0-accuracy-sex,1-accuracy-sex,sex-accuracy,0-accuracy-sex_over_1-accuracy-sex,sex-accuracyRatio,diff:1-accuracy-sexto0-accuracy-sex,sex-accuracyDiff,0-accuracy-race-sex,1-accuracy-race-sex,race-sex-accuracy,0-accuracy-race-sex_over_1-1-accuracy-race-sex,1-accuracy-race-sex_over_1-1-accuracy-race-sex,race-sex-accuracyRatio,diff:1-1-accuracy-race-sexto0-accuracy-race-sex,diff:1-1-accuracy-race-sexto1-accuracy-race-sex,race-sex-accuracyDiff,0-TPR-race,1-TPR-race,race-TPR,0-TPR-race_over_1-TPR-race,race-TPRRatio,diff:1-TPR-raceto0-TPR-race,race-TPRDiff,0-TPR-sex,1-TPR-sex,sex-TPR,0-TPR-sex_over_1-TPR-sex,sex-TPRRatio,diff:1-TPR-sexto0-TPR-sex,sex-TPRDiff,0-TPR-race-sex,1-TPR-race-sex,race-sex-TPR,0-TPR-race-sex_over_1-1-TPR-race-sex,1-TPR-race-sex_over_1-1-TPR-race-sex,race-sex-TPRRatio,diff:1-1-TPR-race-sexto0-TPR-race-sex,diff:1-1-TPR-race-sexto1-TPR-race-sex,race-sex-TPRDiff,0-TNR-race,1-TNR-race,race-TNR,0-TNR-race_over_1-TNR-race,race-TNRRatio,diff:1-TNR-raceto0-TNR-race,race-TNRDiff,0-TNR-sex,1-TNR-sex,sex-TNR,0-TNR-sex_over_1-TNR-sex,sex-TNRRatio,diff:1-TNR-sexto0-TNR-sex,sex-TNRDiff,0-TNR-race-sex,1-TNR-race-sex,race-sex-TNR,0-TNR-race-sex_over_1-1-TNR-race-sex,1-TNR-race-sex_over_1-1-TNR-race-sex,race-sex-TNRRatio,diff:1-1-TNR-race-sexto0-TNR-race-sex,diff:1-1-TNR-race-sexto1-TNR-race-sex,race-sex-TNRDiff,0-FPR-race,1-FPR-race,race-FPR,0-FPR-race_over_1-FPR-race,race-FPRRatio,diff:1-FPR-raceto0-FPR-race,race-FPRDiff,0-FPR-sex,1-FPR-sex,sex-FPR,0-FPR-sex_over_1-FPR-sex,sex-FPRRatio,diff:1-FPR-sexto0-FPR-sex,sex-FPRDiff,0-FPR-race-sex,1-FPR-race-sex,race-sex-FPR,0-FPR-race-sex_over_1-1-FPR-race-sex,1-FPR-race-sex_over_1-1-FPR-race-sex,race-sex-FPRRatio,diff:1-1-FPR-race-sexto0-FPR-race-sex,diff:1-1-FPR-race-sexto1-FPR-race-sex,race-sex-FPRDiff,0-FNR-race,1-FNR-race,race-FNR,0-FNR-race_over_1-FNR-race,race-FNRRatio,diff:1-FNR-raceto0-FNR-race,race-FNRDiff,0-FNR-sex,1-FNR-sex,sex-FNR,0-FNR-sex_over_1-FNR-sex,sex-FNRRatio,diff:1-FNR-sexto0-FNR-sex,sex-FNRDiff,0-FNR-race-sex,1-FNR-race-sex,race-sex-FNR,0-FNR-race-sex_over_1-1-FNR-race-sex,1-FNR-race-sex_over_1-1-FNR-race-sex,race-sex-FNRRatio,diff:1-1-FNR-race-sexto0-FNR-race-sex,diff:1-1-FNR-race-sexto1-FNR-race-sex,race-sex-FNRDiff,0-PR-race,1-PR-race,race-PR,0-PR-race_over_1-PR-race,race-PRRatio,diff:1-PR-raceto0-PR-race,race-PRDiff,0-PR-sex,1-PR-sex,sex-PR,0-PR-sex_over_1-PR-sex,sex-PRRatio,diff:1-PR-sexto0-PR-sex,sex-PRDiff,0-PR-race-sex,1-PR-race-sex,race-sex-PR,0-PR-race-sex_over_1-1-PR-race-sex,1-PR-race-sex_over_1-1-PR-race-sex,race-sex-PRRatio,diff:1-1-PR-race-sexto0-PR-race-sex,diff:1-1-PR-race-sexto1-PR-race-sex,race-sex-PRDiff,0-calibration+-race,1-calibration+-race,race-calibration+,0-calibration+-race_over_1-calibration+-race,race-calibration+Ratio,diff:1-calibration+-raceto0-calibration+-race,race-calibration+Diff,0-calibration+-sex,1-calibration+-sex,sex-calibration+,0-calibration+-sex_over_1-calibration+-sex,sex-calibration+Ratio,diff:1-calibration+-sexto0-calibration+-sex,sex-calibration+Diff,0-calibration+-race-sex,1-calibration+-race-sex,race-sex-calibration+,0-calibration+-race-sex_over_1-1-calibration+-race-sex,1-calibration+-race-sex_over_1-1-calibration+-race-sex,race-sex-calibration+Ratio,diff:1-1-calibration+-race-sexto0-calibration+-race-sex,diff:1-1-calibration+-race-sexto1-calibration+-race-sex,race-sex-calibration+Diff,0-calibration--race,1-calibration--race,race-calibration-,0-calibration--race_over_1-calibration--race,race-calibration-Ratio,diff:1-calibration--raceto0-calibration--race,race-calibration-Diff,0-calibration--sex,1-calibration--sex,sex-calibration-,0-calibration--sex_over_1-calibration--sex,sex-calibration-Ratio,diff:1-calibration--sexto0-calibration--sex,sex-calibration-Diff,0-calibration--race-sex,1-calibration--race-sex,race-sex-calibration-,0-calibration--race-sex_over_1-1-calibration--race-sex,1-calibration--race-sex_over_1-1-calibration--race-sex,race-sex-calibration-Ratio,diff:1-1-calibration--race-sexto0-calibration--race-sex,diff:1-1-calibration--race-sexto1-calibration--race-sex,race-sex-calibration-Diff
FairGPopp*TPR0.6,s_as_input=True,0,0.806663352,0.366360368,0.952595339,0.659477853,0.414466508,0.780630961,0.780630961,0.971300592,0.837588652,0.801619433,0.819604043,1.044870693,1.044870693,1.035969219,1.035969219,0.887589928,0.766483108,0.827036518,1.158003248,1.158003248,1.12110682,1.12110682,0.869670543,0.762780496,0.816225519,None,None,1,None,None,1,0.30941704,0.371929825,0.340673432,0.831923175,0.831923175,0.937487216,0.937487216,0.220430108,0.391834819,0.306132463,0.562558753,0.562558753,0.828595288,0.828595288,0.248628885,0.399284254,0.323956569,None,None,1,None,None,1,0.936815501,0.955538099,0.9461768,0.980406226,0.980406226,0.981277402,0.981277402,0.971322537,0.940496949,0.955909743,1.032775852,1.032775852,1.030825589,1.030825589,0.964535046,0.941828255,0.95318165,None,None,1,None,None,1,0.063184499,0.044461901,0.0538232,1.421093055,1.421093055,1.018722598,1.018722598,0.028677463,0.059503051,0.044090257,0.48194945,0.48194945,0.969174411,0.969174411,0.035464954,0.058171745,0.04681835,None,None,1,None,None,1,0.69058296,0.628070175,0.659326568,1.099531528,1.099531528,1.062512784,1.062512784,0.779569892,0.608165181,0.693867537,1.281839075,1.281839075,1.171404712,1.171404712,0.751371115,0.600715746,0.676043431,None,None,1,None,None,1,0.10212766,0.130827068,0.116477364,0.780630961,0.780630961,0.971300592,0.971300592,0.050059952,0.164905492,0.107482722,0.303567525,0.303567525,0.88515446,0.88515446,0.06371124,0.170744053,0.117227646,None,None,1,None,None,1,0.479166667,0.749778957,0.614472812,0.639077241,0.639077241,0.72938771,0.72938771,0.491017964,0.753610108,0.622314036,0.651554376,0.651554376,0.737407856,0.737407856,0.517110266,0.77173913,0.644424698,None,None,1,None,None,1,0.12164297,0.190577589,0.156110279,0.638285808,0.638285808,0.931065381,0.931065381,0.091511518,0.230974871,0.161243194,0.396196857,0.396196857,0.860536647,0.860536647,0.106338939,0.23906409,0.172701514,None,None,1,None,None,1
FairGPopp*TPR0.6,s_as_input=True,1,0.804574838,0.356372353,0.953125,0.654748677,0.406158951,0.858256604,0.858256604,0.982079175,0.834042553,0.799768652,0.816905603,1.042854769,1.042854769,1.034273901,1.034273901,0.894609328,0.760550866,0.827580097,1.176264951,1.176264951,1.134058461,1.134058461,0.87383407,0.757398428,0.815616249,None,None,1,None,None,1,0.31838565,0.360087719,0.339236685,0.884189138,0.884189138,0.958297931,0.958297931,0.2,0.382216015,0.291108007,0.523264312,0.523264312,0.817783985,0.817783985,0.243445693,0.386998476,0.315222085,None,None,1,None,None,1,0.930918281,0.9572663,0.944092291,0.972475769,0.972475769,0.973651981,0.973651981,0.978283,0.937024973,0.957653986,1.044030872,1.044030872,1.041258027,1.041258027,0.968926554,0.939182453,0.954054503,None,None,1,None,None,1,0.069081719,0.0427337,0.055907709,1.616563011,1.616563011,1.026348019,1.026348019,0.021717,0.062975027,0.042346014,0.344850988,0.344850988,0.958741973,0.958741973,0.031073446,0.060817547,0.045945497,None,None,1,None,None,1,0.68161435,0.639912281,0.660763315,1.065168415,1.065168415,1.041702069,1.041702069,0.8,0.617783985,0.708891993,1.294951017,1.294951017,1.182216015,1.182216015,0.756554307,0.613001524,0.684777915,None,None,1,None,None,1,0.108510638,0.126431463,0.117471051,0.858256604,0.858256604,0.982079175,0.982079175,0.040884313,0.164519473,0.102701893,0.248507437,0.248507437,0.87636484,0.87636484,0.058910162,0.168199298,0.11355473,None,None,1,None,None,1,0.464052288,0.751143641,0.607597964,0.617794337,0.617794337,0.712908646,0.712908646,0.525925926,0.738973897,0.632449912,0.711697568,0.711697568,0.786952029,0.786952029,0.541666667,0.757455268,0.649560968,None,None,1,None,None,1,0.120922832,0.193193856,0.157058344,0.625914481,0.625914481,0.927728976,0.927728976,0.089674771,0.235200284,0.162437527,0.381269825,0.381269825,0.854474487,0.854474487,0.105372979,0.242613065,0.173993022,None,None,1,None,None,1
FairGPopp*TPR0.6,s_as_input=True,2,0.804077573,0.37514982,0.946239407,0.660694613,0.408246538,0.83371969,0.83371969,0.977226618,0.842553191,0.797802198,0.820177695,1.056092843,1.056092843,1.044750994,1.044750994,0.885046729,0.766106647,0.825576688,1.155252643,1.155252643,1.118940082,1.118940082,0.868848364,0.761235955,0.815042159,None,None,1,None,None,1,0.3632287,0.376315789,0.369772245,0.965223118,0.965223118,0.98691291,0.98691291,0.212938005,0.403377111,0.308157558,0.527888172,0.527888172,0.809560895,0.809560895,0.277173913,0.402870323,0.340022118,None,None,1,None,None,1,0.932603201,0.948782404,0.940692803,0.982947405,0.982947405,0.983820798,0.983820798,0.972877774,0.930193083,0.951535428,1.04588799,1.04588799,1.042684691,1.042684691,0.963488844,0.93172397,0.947606407,None,None,1,None,None,1,0.067396799,0.051217596,0.059307197,1.315891483,1.315891483,1.016179202,1.016179202,0.027122226,0.069806917,0.048464572,0.388532072,0.388532072,0.957315309,0.957315309,0.036511156,0.06827603,0.052393593,None,None,1,None,None,1,0.6367713,0.623684211,0.630227755,1.02098352,1.02098352,1.01308709,1.01308709,0.787061995,0.596622889,0.691842442,1.319195104,1.319195104,1.190439105,1.190439105,0.722826087,0.597129677,0.659977882,None,None,1,None,None,1,0.114184397,0.136957779,0.125571088,0.83371969,0.83371969,0.977226618,0.977226618,0.048598131,0.173703433,0.111150782,0.279776456,0.279776456,0.874894698,0.874894698,0.069697727,0.176140119,0.122918923,None,None,1,None,None,1,0.50310559,0.724662162,0.613883876,0.694262259,0.694262259,0.778443428,0.778443428,0.506410256,0.723296888,0.614853572,0.700141622,0.700141622,0.783113368,0.783113368,0.548387097,0.737335835,0.642861466,None,None,1,None,None,1,0.113690953,0.190591074,0.152141013,0.596517721,0.596517721,0.923099879,0.923099879,0.095612312,0.224893918,0.160253115,0.425144053,0.425144053,0.870718394,0.870718394,0.107142857,0.233654232,0.170398544,None,None,1,None,None,1
FairGPoppTPR0.6,s_as_input=False,0,0.812928891,0.369956053,0.959745763,0.664850908,0.435083728,0.632366504,0.632366504,0.952583997,0.865248227,0.804395604,0.834821916,1.075650118,1.075650118,1.060852623,1.060852623,0.901378897,0.769013246,0.835196071,1.172124019,1.172124019,1.132365651,1.132365651,0.885658915,0.762274338,0.823966626,None,None,1,None,None,1,0.331838565,0.373684211,0.352761388,0.888018695,0.888018695,0.958154354,0.958154354,0.23655914,0.393242609,0.314900874,0.601560295,0.601560295,0.843316531,0.843316531,0.274223035,0.396728016,0.335475526,None,None,1,None,None,1,0.965459141,0.958680283,0.962069712,1.007071031,1.007071031,1.006778858,1.006778858,0.984817814,0.943548387,0.9641831,1.043738538,1.043738538,1.041269427,1.041269427,0.97905613,0.942331906,0.960694018,None,None,1,None,None,1,0.034540859,0.041319717,0.037930288,0.835941329,0.835941329,0.993221142,0.993221142,0.015182186,0.056451613,0.0358169,0.268941585,0.268941585,0.958730573,0.958730573,0.02094387,0.057668094,0.039305982,None,None,1,None,None,1,0.668161435,0.626315789,0.647238612,1.066812375,1.066812375,1.041845646,1.041845646,0.76344086,0.606757391,0.685099126,1.258230838,1.258230838,1.156683469,1.156683469,0.725776965,0.603271984,0.664524474,None,None,1,None,None,1,0.081560284,0.128976287,0.105268285,0.632366504,0.632366504,0.952583997,0.952583997,0.039868106,0.163268344,0.101568225,0.244187603,0.244187603,0.876599762,0.876599762,0.054505814,0.169563017,0.112034415,None,None,1,None,None,1,0.643478261,0.764125561,0.703801911,0.842110635,0.842110635,0.8793527,0.8793527,0.661654135,0.76390155,0.712777843,0.866151058,0.866151058,0.897752586,0.897752586,0.666666667,0.772139303,0.719402985,None,None,1,None,None,1,0.115057915,0.189641434,0.152349675,0.606712955,0.606712955,0.925416481,0.925416481,0.088666875,0.229989328,0.159328101,0.38552604,0.38552604,0.858677547,0.858677547,0.101716628,0.239739943,0.170728286,None,None,1,None,None,1
FairGPoppTPR0.6,s_as_input=False,1,0.808751865,0.356771874,0.958554025,0.65766295,0.419662639,0.566470089,0.566470089,0.94463655,0.868794326,0.798958936,0.833876631,1.087407985,1.087407985,1.06983539,1.06983539,0.902180497,0.763068266,0.832624381,1.182306403,1.182306403,1.139112231,1.139112231,0.885861561,0.756228056,0.821044808,None,None,1,None,None,1,0.313901345,0.360964912,0.337433129,0.869617336,0.869617336,0.952936433,0.952936433,0.205633803,0.381750466,0.293692134,0.538660254,0.538660254,0.823883337,0.823883337,0.24906367,0.385982732,0.317523201,None,None,1,None,None,1,0.973041281,0.955852317,0.964446799,1.017982865,1.017982865,1.017188963,1.017188963,0.986087547,0.940933768,0.963510657,1.047988265,1.047988265,1.045153779,1.045153779,0.981920904,0.937936191,0.959928548,None,None,1,None,None,1,0.026958719,0.044147683,0.035553201,0.610648574,0.610648574,0.982811037,0.982811037,0.013912453,0.059066232,0.036489343,0.235539881,0.235539881,0.954846221,0.954846221,0.018079096,0.062063809,0.040071452,None,None,1,None,None,1,0.686098655,0.639035088,0.662566871,1.07364786,1.07364786,1.047063567,1.047063567,0.794366197,0.618249534,0.706307866,1.284863397,1.284863397,1.176116663,1.176116663,0.75093633,0.614017268,0.682476799,None,None,1,None,None,1,0.072340426,0.127703875,0.10002215,0.566470089,0.566470089,0.94463655,0.94463655,0.034524531,0.161705908,0.09811522,0.213501973,0.213501973,0.872818622,0.872818622,0.048355425,0.168700886,0.108528155,None,None,1,None,None,1,0.68627451,0.745471014,0.715872762,0.920591809,0.920591809,0.940803495,0.940803495,0.640350877,0.750915751,0.695633314,0.852759949,0.852759949,0.889435126,0.889435126,0.675126904,0.753221011,0.714173957,None,None,1,None,None,1,0.116972477,0.19321045,0.155091463,0.605414859,0.605414859,0.923762028,0.923762028,0.088456713,0.234587529,0.161522121,0.377073381,0.377073381,0.853869184,0.853869184,0.103430487,0.243161706,0.173296097,None,None,1,None,None,1
FairGPoppTPR0.6,s_as_input=False,2,0.809348583,0.373951258,0.953654661,0.66380296,0.424148208,0.660121197,0.660121197,0.954355201,0.865248227,0.800231348,0.832739787,1.081247604,1.081247604,1.065016879,1.065016879,0.895950156,0.768736304,0.83234323,1.165484382,1.165484382,1.127213852,1.127213852,0.880089933,0.762557832,0.821323882,None,None,1,None,None,1,0.35426009,0.375877193,0.365068641,0.94248892,0.94248892,0.978382897,0.978382897,0.229110512,0.399155722,0.314133117,0.573987793,0.573987793,0.82995479,0.82995479,0.278985507,0.400820092,0.3399028,None,None,1,None,None,1,0.961246841,0.952238806,0.956742823,1.009459848,1.009459848,1.009008035,1.009008035,0.983092638,0.935921918,0.959507278,1.050400273,1.050400273,1.04717072,1.04717072,0.976238771,0.934650085,0.955444428,None,None,1,None,None,1,0.038753159,0.047761194,0.043257177,0.811394271,0.811394271,0.990991965,0.990991965,0.016907362,0.064078082,0.040492722,0.263855616,0.263855616,0.95282928,0.95282928,0.023761229,0.065349915,0.044555572,None,None,1,None,None,1,0.64573991,0.624122807,0.634931359,1.034635977,1.034635977,1.021617103,1.021617103,0.770889488,0.600844278,0.685866883,1.283010451,1.283010451,1.17004521,1.17004521,0.721014493,0.599179908,0.6600972,None,None,1,None,None,1,0.088652482,0.134297282,0.111474882,0.660121197,0.660121197,0.954355201,0.954355201,0.041433022,0.16844412,0.104938571,0.245974878,0.245974878,0.872988902,0.872988902,0.058955783,0.173496365,0.116226074,None,None,1,None,None,1,0.632,0.738156761,0.685078381,0.856186698,0.856186698,0.893843239,0.893843239,0.639097744,0.738074588,0.688586166,0.865898589,0.865898589,0.901023156,0.901023156,0.652542373,0.744761905,0.698652139,None,None,1,None,None,1,0.112062257,0.190138963,0.15110061,0.589370295,0.589370295,0.921923294,0.921923294,0.092947676,0.225052706,0.159000191,0.413004039,0.413004039,0.867894971,0.867894971,0.105654367,0.233706517,0.169680442,None,None,1,None,None,1
FairGPopp*TPR0.7,s_as_input=True,0,0.803083043,0.405513384,0.934851695,0.670182539,0.412303981,0.784757612,0.784757612,0.966736399,0.814184397,0.801272412,0.807728404,1.016114352,1.016114352,1.012911985,1.012911985,0.886990408,0.761422831,0.824206619,1.164911757,1.164911757,1.125567577,1.125567577,0.864098837,0.760587144,0.81234299,None,None,1,None,None,1,0.295964126,0.41622807,0.356096098,0.711062388,0.711062388,0.879736055,0.879736055,0.303763441,0.423275458,0.363519449,0.717649548,0.717649548,0.880487983,0.880487983,0.305301645,0.433537832,0.369419739,None,None,1,None,None,1,0.911541702,0.939198743,0.925370222,0.970552515,0.970552515,0.972342959,0.972342959,0.960188934,0.918482999,0.939335967,1.045407411,1.045407411,1.041705935,1.041705935,0.949455459,0.921682196,0.935568828,None,None,1,None,None,1,0.088458298,0.060801257,0.074629778,1.454876145,1.454876145,1.027657041,1.027657041,0.039811066,0.081517001,0.060664033,0.488377464,0.488377464,0.958294065,0.958294065,0.050544541,0.078317804,0.064431172,None,None,1,None,None,1,0.704035874,0.58377193,0.643903902,1.206011866,1.206011866,1.120263945,1.120263945,0.696236559,0.576724542,0.636480551,1.207225474,1.207225474,1.119512017,1.119512017,0.694698355,0.566462168,0.630580261,None,None,1,None,None,1,0.121276596,0.154540197,0.137908396,0.784757612,0.784757612,0.966736399,0.966736399,0.069244604,0.189909213,0.129576908,0.364619511,0.364619511,0.879335392,0.879335392,0.084302326,0.195545807,0.139924066,None,None,1,None,None,1,0.385964912,0.710329341,0.548147127,0.543360509,0.543360509,0.675635571,0.675635571,0.489177489,0.706896552,0.59803702,0.69200718,0.69200718,0.782280937,0.782280937,0.479885057,0.731665229,0.605775143,None,None,1,None,None,1,0.126715093,0.182104255,0.154409674,0.695838177,0.695838177,0.944610838,0.944610838,0.083413849,0.225794599,0.154604224,0.369423579,0.369423579,0.85761925,0.85761925,0.100529101,0.23238255,0.166455825,None,None,1,None,None,1
FairGPopp*TPR0.7,s_as_input=True,1,0.803182496,0.401118658,0.936440678,0.668779668,0.411508529,0.809075958,0.809075958,0.971046684,0.821276596,0.800231348,0.810753972,1.026298955,1.026298955,1.021045248,1.021045248,0.891278013,0.760106619,0.825692316,1.17256973,1.17256973,1.131171394,1.131171394,0.867943054,0.75907039,0.813506722,None,None,1,None,None,1,0.322869955,0.40877193,0.365820942,0.789853538,0.789853538,0.914098025,0.914098025,0.276056338,0.421787709,0.348922024,0.654491186,0.654491186,0.854268629,0.854268629,0.292134831,0.43067547,0.361405151,None,None,1,None,None,1,0.914911542,0.940455617,0.927683579,0.972838617,0.972838617,0.974455925,0.974455925,0.965388531,0.917915309,0.94165192,1.05171852,1.05171852,1.047473221,1.047473221,0.95480226,0.920239282,0.937520771,None,None,1,None,None,1,0.085088458,0.059544383,0.072316421,1.428992182,1.428992182,1.025544075,1.025544075,0.034611469,0.082084691,0.05834808,0.421655598,0.421655598,0.952526779,0.952526779,0.04519774,0.079760718,0.062479229,None,None,1,None,None,1,0.677130045,0.59122807,0.634179058,1.145294141,1.145294141,1.085901975,1.085901975,0.723943662,0.578212291,0.651077976,1.252037831,1.252037831,1.145731371,1.145731371,0.707865169,0.56932453,0.638594849,None,None,1,None,None,1,0.122695035,0.151648352,0.137171694,0.809075958,0.809075958,0.971046684,0.971046684,0.060569352,0.190137717,0.125353534,0.318555166,0.318555166,0.870431635,0.870431635,0.077565047,0.195285069,0.136425058,None,None,1,None,None,1,0.416184971,0.710907704,0.563546338,0.585427572,0.585427572,0.705277267,0.705277267,0.49,0.705607477,0.597803738,0.694437086,0.694437086,0.784392523,0.784392523,0.493670886,0.726027397,0.609849142,None,None,1,None,None,1,0.122069523,0.183801473,0.152935498,0.664137895,0.664137895,0.93826805,0.93826805,0.082849774,0.22709819,0.154973982,0.364819175,0.364819175,0.855751585,0.855751585,0.100585418,0.232910866,0.166748142,None,None,1,None,None,1
FairGPopp*TPR0.7,s_as_input=True,2,0.804375932,0.422692769,0.930879237,0.676786003,0.420088595,0.77350207,0.77350207,0.963241574,0.824113475,0.801156738,0.812635107,1.028654489,1.028654489,1.022956737,1.022956737,0.888161994,0.765084003,0.826622998,1.160868598,1.160868598,1.123077991,1.123077991,0.86660005,0.763218771,0.81490941,None,None,1,None,None,1,0.340807175,0.430701754,0.385754465,0.791283461,0.791283461,0.910105421,0.910105421,0.283018868,0.446998124,0.365008496,0.633154487,0.633154487,0.836020744,0.836020744,0.311594203,0.454126089,0.382860146,None,None,1,None,None,1,0.914911542,0.933857031,0.924384286,0.979712645,0.979712645,0.981054511,0.981054511,0.967241987,0.908975175,0.938108581,1.064101653,1.064101653,1.058266812,1.058266812,0.955375254,0.910265789,0.932820521,None,None,1,None,None,1,0.085088458,0.066142969,0.075615714,1.286432392,1.286432392,1.018945489,1.018945489,0.032758013,0.091024825,0.061891419,0.359879993,0.359879993,0.941733188,0.941733188,0.044624746,0.089734211,0.067179479,None,None,1,None,None,1,0.659192825,0.569298246,0.614245535,1.157904192,1.157904192,1.089894579,1.089894579,0.716981132,0.553001876,0.634991504,1.296525677,1.296525677,1.163979256,1.163979256,0.688405797,0.545873911,0.617139854,None,None,1,None,None,1,0.125531915,0.162290341,0.143911128,0.77350207,0.77350207,0.963241574,0.963241574,0.061682243,0.201899196,0.13179072,0.305510096,0.305510096,0.859783046,0.859783046,0.081438921,0.20720423,0.144321575,None,None,1,None,None,1,0.429378531,0.699928724,0.564653628,0.613460366,0.613460366,0.729449807,0.729449807,0.53030303,0.689580318,0.609941674,0.769022862,0.769022862,0.840722712,0.840722712,0.527607362,0.706539075,0.617073218,None,None,1,None,None,1,0.119221411,0.179232256,0.149226834,0.66517832,0.66517832,0.939989155,0.939989155,0.088313413,0.215815486,0.15206445,0.409207952,0.409207952,0.872497927,0.872497927,0.103345118,0.221967486,0.162656302,None,None,1,None,None,1
FairGPoppTPR0.7,s_as_input=False,0,0.808552959,0.401118658,0.943591102,0.67235488,0.426744,0.633936389,0.633936389,0.945122216,0.84893617,0.801966455,0.825451312,1.05856818,1.05856818,1.046969716,1.046969716,0.894184652,0.766036613,0.830110632,1.167287095,1.167287095,1.12814804,1.12814804,0.875968992,0.76159946,0.818784226,None,None,1,None,None,1,0.322869955,0.40877193,0.365820942,0.789853538,0.789853538,0.914098025,0.914098025,0.274193548,0.423275458,0.348734503,0.647789858,0.647789858,0.850918091,0.850918091,0.290676417,0.43200409,0.361340253,None,None,1,None,None,1,0.947767481,0.942812255,0.945289868,1.005255794,1.005255794,1.004955227,1.004955227,0.971997301,0.925239756,0.948618528,1.050535599,1.050535599,1.046757545,1.046757545,0.965372801,0.923948628,0.944660714,None,None,1,None,None,1,0.052232519,0.057187745,0.054710132,0.913351602,0.913351602,0.995044773,0.995044773,0.028002699,0.074760244,0.051381472,0.374566715,0.374566715,0.953242455,0.953242455,0.034627199,0.076051372,0.055339286,None,None,1,None,None,1,0.677130045,0.59122807,0.634179058,1.145294141,1.145294141,1.085901975,1.085901975,0.725806452,0.576724542,0.651265497,1.258497598,1.258497598,1.149081909,1.149081909,0.709323583,0.56799591,0.638659747,None,None,1,None,None,1,0.095035461,0.149913245,0.122474353,0.633936389,0.633936389,0.945122216,0.945122216,0.055455635,0.185295431,0.120375533,0.299282261,0.299282261,0.870160205,0.870160205,0.068556202,0.193521174,0.131038688,None,None,1,None,None,1,0.537313433,0.719135802,0.628224618,0.74716546,0.74716546,0.81817763,0.81817763,0.551351351,0.724497992,0.637924672,0.761011566,0.761011566,0.826853359,0.826853359,0.561837456,0.736704446,0.649270951,None,None,1,None,None,1,0.118338558,0.183426317,0.150882437,0.645155833,0.645155833,0.934912241,0.934912241,0.085687083,0.224515893,0.155101488,0.38165264,0.38165264,0.86117119,0.86117119,0.100910273,0.232426778,0.166668526,None,None,1,None,None,1
FairGPoppTPR0.7,s_as_input=False,1,0.807856788,0.388333999,0.946901483,0.667617741,0.422149457,0.624930273,0.624930273,0.945941367,0.843971631,0.801966455,0.822969043,1.052377723,1.052377723,1.042005177,1.042005177,0.90096911,0.762327854,0.831648482,1.181865656,1.181865656,1.138641255,1.138641255,0.879479627,0.75907039,0.819275008,None,None,1,None,None,1,0.291479821,0.397807018,0.344643419,0.732716638,0.732716638,0.893672803,0.893672803,0.267605634,0.408286778,0.337946206,0.655435463,0.655435463,0.859318855,0.859318855,0.284644195,0.416455053,0.350549624,None,None,1,None,None,1,0.947767481,0.946739984,0.947253733,1.0010853,1.0010853,1.001027497,1.001027497,0.977265015,0.927470141,0.952367578,1.053688924,1.053688924,1.049794874,1.049794874,0.96920904,0.927218345,0.948213692,None,None,1,None,None,1,0.052232519,0.053260016,0.052746267,0.980707915,0.980707915,0.998972503,0.998972503,0.022734985,0.072529859,0.047632422,0.3134569,0.3134569,0.950205126,0.950205126,0.03079096,0.072781655,0.051786308,None,None,1,None,None,1,0.708520179,0.602192982,0.655356581,1.176566649,1.176566649,1.106327197,1.106327197,0.732394366,0.591713222,0.662053794,1.237752241,1.237752241,1.140681145,1.140681145,0.715355805,0.583544947,0.649450376,None,None,1,None,None,1,0.090070922,0.144129555,0.117100238,0.624930273,0.624930273,0.945941367,0.945941367,0.049061175,0.179327706,0.114194441,0.27358391,0.27358391,0.869733469,0.869733469,0.064064801,0.185922087,0.124993444,None,None,1,None,None,1,0.511811024,0.727929374,0.619870199,0.703105331,0.703105331,0.78388165,0.78388165,0.586419753,0.72419488,0.655307317,0.809754072,0.809754072,0.862224873,0.862224873,0.582375479,0.737410072,0.659892775,None,None,1,None,None,1,0.12314887,0.185565617,0.154357243,0.663640559,0.663640559,0.937583253,0.937583253,0.082802548,0.229339589,0.156071068,0.361047773,0.361047773,0.853462959,0.853462959,0.100183582,0.235982748,0.168083165,None,None,1,None,None,1
FairGPoppTPR0.7,s_as_input=False,2,0.806961711,0.415900919,0.936573093,0.676237006,0.425466098,0.661383702,0.661383702,0.946260086,0.85035461,0.799884326,0.825119468,1.063096978,1.063096978,1.050470284,1.050470284,0.890965732,0.767567568,0.82926665,1.160765214,1.160765214,1.123398165,1.123398165,0.874344242,0.762392597,0.81836842,None,None,1,None,None,1,0.358744395,0.421491228,0.390117811,0.851131342,0.851131342,0.937253167,0.937253167,0.288409704,0.438086304,0.363248004,0.658339923,0.658339923,0.8503234,0.8503234,0.324275362,0.441824705,0.383050034,None,None,1,None,None,1,0.942712721,0.935428123,0.939070422,1.007787449,1.007787449,1.007284599,1.007284599,0.969707644,0.916613622,0.943160633,1.057924103,1.057924103,1.053094022,1.053094022,0.962329759,0.914898805,0.938614282,None,None,1,None,None,1,0.057287279,0.064571877,0.060929578,0.887186204,0.887186204,0.992715401,0.992715401,0.030292356,0.083386378,0.056839367,0.363277038,0.363277038,0.946905978,0.946905978,0.037670241,0.085101195,0.061385718,None,None,1,None,None,1,0.641255605,0.578508772,0.609882189,1.108463063,1.108463063,1.062746833,1.062746833,0.711590296,0.561913696,0.636751996,1.266369376,1.266369376,1.1496766,1.1496766,0.675724638,0.558175295,0.616949966,None,None,1,None,None,1,0.104964539,0.158704453,0.131834496,0.661383702,0.661383702,0.946260086,0.946260086,0.060124611,0.193864134,0.126994372,0.310137875,0.310137875,0.866260476,0.866260476,0.077192106,0.200099141,0.138645623,None,None,1,None,None,1,0.540540541,0.700437318,0.620488929,0.771718649,0.771718649,0.840103223,0.840103223,0.554404145,0.703843255,0.6291237,0.787681264,0.787681264,0.85056089,0.85056089,0.579288026,0.711808423,0.645548224,None,None,1,None,None,1,0.113312203,0.181355699,0.147333951,0.624806407,0.624806407,0.931956504,0.931956504,0.087504143,0.217107648,0.152305895,0.40304496,0.40304496,0.870396495,0.870396495,0.100974553,0.224953522,0.162964038,None,None,1,None,None,1
FairGPopp*TPR0.8,s_as_input=True,0,0.807558429,0.438274071,0.929952331,0.684113201,0.432442174,0.730005906,0.730005906,0.954621004,0.831205674,0.803701562,0.817453618,1.034221798,1.034221798,1.027504112,1.027504112,0.886990408,0.768120256,0.827555332,1.154754611,1.154754611,1.118870152,1.118870152,0.866036822,0.766829762,0.816433292,None,None,1,None,None,1,0.35426009,0.446491228,0.400375659,0.793431242,0.793431242,0.907768862,0.907768862,0.322580645,0.458470202,0.390525423,0.703602206,0.703602206,0.864110443,0.864110443,0.327239488,0.469325153,0.398282321,None,None,1,None,None,1,0.920808762,0.931657502,0.926233132,0.988355441,0.988355441,0.98915126,0.98915126,0.95782726,0.911944202,0.934885731,1.050313449,1.050313449,1.045883058,1.045883058,0.948338453,0.913371947,0.9308552,None,None,1,None,None,1,0.079191238,0.068342498,0.073766868,1.158740764,1.158740764,1.01084874,1.01084874,0.04217274,0.088055798,0.065114269,0.478932003,0.478932003,0.954116942,0.954116942,0.051661547,0.086628053,0.0691448,None,None,1,None,None,1,0.64573991,0.553508772,0.599624341,1.166629949,1.166629949,1.092231138,1.092231138,0.677419355,0.541529798,0.609474577,1.250936434,1.250936434,1.135889557,1.135889557,0.672760512,0.530674847,0.601717679,None,None,1,None,None,1,0.122695035,0.168074031,0.145384533,0.730005906,0.730005906,0.954621004,0.954621004,0.073441247,0.205536538,0.139488893,0.3573148,0.3573148,0.867904709,0.867904709,0.088178295,0.212923908,0.150551101,None,None,1,None,None,1,0.456647399,0.700619408,0.578633403,0.65177669,0.65177669,0.756027991,0.756027991,0.489795918,0.707458364,0.598627141,0.692331795,0.692331795,0.782337555,0.782337555,0.491758242,0.727416799,0.60958752,None,None,1,None,None,1,0.116410671,0.175472747,0.145941709,0.663411684,0.663411684,0.940937923,0.940937923,0.081527014,0.216185837,0.148856426,0.377115425,0.377115425,0.865341177,0.865341177,0.097768332,0.222508039,0.160138185,None,None,1,None,None,1
FairGPopp*TPR0.8,s_as_input=True,1,0.80099453,0.421094686,0.92690678,0.674000733,0.410740061,0.79822171,0.79822171,0.966833204,0.828368794,0.796529786,0.81244929,1.03997215,1.03997215,1.031839008,1.031839008,0.893095094,0.755960314,0.824527704,1.181404734,1.181404734,1.13713478,1.13713478,0.870152185,0.75388731,0.812019747,None,None,1,None,None,1,0.372197309,0.425877193,0.399037251,0.873954547,0.873954547,0.946320116,0.946320116,0.312676056,0.439013035,0.375844546,0.712224994,0.712224994,0.873663021,0.873663021,0.331460674,0.445403758,0.388432216,None,None,1,None,None,1,0.914069082,0.929300864,0.921684973,0.983609418,0.983609418,0.984768218,0.984768218,0.963013234,0.903800217,0.933406725,1.065515603,1.065515603,1.059213017,1.059213017,0.951412429,0.905284148,0.928348288,None,None,1,None,None,1,0.085930918,0.070699136,0.078315027,1.2154451,1.2154451,1.015231782,1.015231782,0.036986766,0.096199783,0.066593275,0.384478687,0.384478687,0.940786983,0.940786983,0.048587571,0.094715852,0.071651712,None,None,1,None,None,1,0.627802691,0.574122807,0.600962749,1.093498957,1.093498957,1.053679884,1.053679884,0.687323944,0.560986965,0.624155454,1.225204839,1.225204839,1.126336979,1.126336979,0.668539326,0.554596242,0.611567784,None,None,1,None,None,1,0.131205674,0.16437247,0.147789072,0.79822171,0.79822171,0.966833204,0.966833204,0.066626287,0.205242115,0.135934201,0.324622884,0.324622884,0.861384172,0.861384172,0.085665194,0.210165524,0.147915359,None,None,1,None,None,1,0.448648649,0.683321605,0.565985127,0.656570267,0.656570267,0.765327044,0.765327044,0.504545455,0.68037518,0.592460317,0.741569459,0.741569459,0.824170274,0.824170274,0.507163324,0.69769292,0.602428122,None,None,1,None,None,1,0.114285714,0.18120155,0.147743632,0.630710466,0.630710466,0.933084164,0.933084164,0.079169371,0.224520216,0.151844793,0.352615777,0.352615777,0.854649154,0.854649154,0.095838926,0.231160034,0.16349948,None,None,1,None,None,1
FairGPopp*TPR0.8,s_as_input=True,2,0.805768274,0.438274071,0.927568856,0.682921464,0.427741468,0.73507643,0.73507643,0.955013557,0.830496454,0.801735107,0.81611578,1.035873877,1.035873877,1.028761347,1.028761347,0.890031153,0.766252739,0.828141946,1.161537319,1.161537319,1.123778413,1.123778413,0.870097427,0.763218771,0.816658099,None,None,1,None,None,1,0.358744395,0.446052632,0.402398513,0.804264719,0.804264719,0.912691763,0.912691763,0.320754717,0.458724203,0.38973946,0.699232164,0.699232164,0.862030514,0.862030514,0.336956522,0.466940031,0.401948276,None,None,1,None,None,1,0.919123842,0.929143755,0.924133798,0.989215971,0.989215971,0.989980087,0.989980087,0.964424093,0.905368131,0.934896112,1.065228674,1.065228674,1.059055962,1.059055962,0.955375254,0.904169715,0.929772484,None,None,1,None,None,1,0.080876158,0.070856245,0.075866202,1.141411858,1.141411858,1.010019913,1.010019913,0.035575907,0.094631869,0.065103888,0.375940022,0.375940022,0.940944038,0.940944038,0.044624746,0.095830285,0.070227516,None,None,1,None,None,1,0.641255605,0.553947368,0.597601487,1.157611069,1.157611069,1.087308237,1.087308237,0.679245283,0.541275797,0.61026054,1.254896831,1.254896831,1.137969486,1.137969486,0.663043478,0.533059969,0.598051724,None,None,1,None,None,1,0.124822695,0.169809138,0.147315917,0.73507643,0.73507643,0.955013557,0.955013557,0.068535826,0.208035062,0.138285444,0.329443628,0.329443628,0.860500763,0.860500763,0.084936298,0.215465962,0.15020113,None,None,1,None,None,1,0.454545455,0.692779292,0.573662373,0.656118709,0.656118709,0.761766163,0.761766163,0.540909091,0.686797753,0.613853422,0.787581335,0.787581335,0.854111338,0.854111338,0.547058824,0.698619632,0.622839228,None,None,1,None,None,1,0.115883306,0.175978821,0.145931064,0.658507118,0.658507118,0.939904485,0.939904485,0.084280936,0.212875853,0.148578395,0.395915907,0.395915907,0.871405083,0.871405083,0.0999181,0.219039596,0.159478848,None,None,1,None,None,1
FairGPoppTPR0.8,s_as_input=False,0,0.811536549,0.427087495,0.938956568,0.683022031,0.440658217,0.607835045,0.607835045,0.936854411,0.856028369,0.804279931,0.83015415,1.064341327,1.064341327,1.051748438,1.051748438,0.893285372,0.770948058,0.832116715,1.15868425,1.15868425,1.122337314,1.122337314,0.876937984,0.765986165,0.821462075,None,None,1,None,None,1,0.35426009,0.434210526,0.394235308,0.815871722,0.815871722,0.920049563,0.920049563,0.274193548,0.453777569,0.363985559,0.604246589,0.604246589,0.820415979,0.820415979,0.305301645,0.461145194,0.38322342,None,None,1,None,None,1,0.950294861,0.936842105,0.943568483,1.014359683,1.014359683,1.013452756,1.013452756,0.970985155,0.918265039,0.944625097,1.057412744,1.057412744,1.052720116,1.052720116,0.964255794,0.91614203,0.940198912,None,None,1,None,None,1,0.049705139,0.063157895,0.056431517,0.786998034,0.786998034,0.986547244,0.986547244,0.029014845,0.081734961,0.055374903,0.354986955,0.354986955,0.947279884,0.947279884,0.035744206,0.08385797,0.059801088,None,None,1,None,None,1,0.64573991,0.565789474,0.605764692,1.141307748,1.141307748,1.079950437,1.079950437,0.725806452,0.546222431,0.636014441,1.328774526,1.328774526,1.179584021,1.179584021,0.694698355,0.538854806,0.61677658,None,None,1,None,None,1,0.09787234,0.161017929,0.129445135,0.607835045,0.607835045,0.936854411,0.936854411,0.056354916,0.199732103,0.12804351,0.282152519,0.282152519,0.856622813,0.856622813,0.071463178,0.208368483,0.139915831,None,None,1,None,None,1,0.572463768,0.711206897,0.641835332,0.804918753,0.804918753,0.861256872,0.861256872,0.542553191,0.720566319,0.631559755,0.75295386,0.75295386,0.821986873,0.821986873,0.566101695,0.730364372,0.648233034,None,None,1,None,None,1,0.113207547,0.177857438,0.145532493,0.63650724,0.63650724,0.935350109,0.935350109,0.085768742,0.21647759,0.151123166,0.396201483,0.396201483,0.869291152,0.869291152,0.099139056,0.224637681,0.161888368,None,None,1,None,None,1
FairGPoppTPR0.8,s_as_input=False,1,0.811536549,0.410307631,0.944518008,0.67741282,0.437235996,0.570021389,0.570021389,0.934197605,0.858156028,0.803932909,0.831044469,1.067447319,1.067447319,1.054223119,1.054223119,0.897940642,0.769287724,0.833614183,1.167236411,1.167236411,1.128652918,1.128652918,0.88119784,0.764086273,0.822642057,None,None,1,None,None,1,0.32735426,0.418421053,0.372887656,0.782356093,0.782356093,0.908933207,0.908933207,0.264788732,0.434357542,0.349573137,0.609610072,0.609610072,0.83043119,0.83043119,0.290262172,0.442864398,0.366563285,None,None,1,None,None,1,0.957877001,0.942026709,0.949951855,1.016825736,1.016825736,1.015850292,1.015850292,0.974211062,0.925515744,0.949863403,1.052614252,1.052614252,1.048695318,1.048695318,0.970338983,0.921734796,0.946036889,None,None,1,None,None,1,0.042122999,0.057973291,0.050048145,0.726593197,0.726593197,0.984149708,0.984149708,0.025788938,0.074484256,0.050136597,0.346233408,0.346233408,0.951304682,0.951304682,0.029661017,0.078265204,0.053963111,None,None,1,None,None,1,0.67264574,0.581578947,0.627112344,1.156585435,1.156585435,1.091066793,1.091066793,0.735211268,0.565642458,0.650426863,1.299780908,1.299780908,1.16956881,1.16956881,0.709737828,0.557135602,0.633436715,None,None,1,None,None,1,0.087234043,0.153036437,0.12013524,0.570021389,0.570021389,0.934197605,0.934197605,0.051483949,0.188953058,0.120218504,0.272469521,0.272469521,0.862530891,0.862530891,0.063819342,0.1982946,0.131056971,None,None,1,None,None,1,0.593495935,0.721088435,0.657292185,0.823055683,0.823055683,0.8724075,0.8724075,0.552941176,0.731191223,0.6420662,0.756219658,0.756219658,0.821749954,0.821749954,0.596153846,0.735244519,0.665699183,None,None,1,None,None,1,0.116550117,0.181098061,0.148824089,0.643574625,0.643574625,0.935452056,0.935452056,0.083333333,0.221836772,0.152585053,0.375651578,0.375651578,0.861496561,0.861496561,0.099370739,0.228779979,0.164075359,None,None,1,None,None,1
FairGPoppTPR0.8,s_as_input=False,2,0.81223272,0.439472633,0.935778602,0.687625617,0.445273866,0.669326862,0.669326862,0.945340438,0.863120567,0.803932909,0.833526738,1.073622634,1.073622634,1.059187658,1.059187658,0.895327103,0.773265157,0.83429613,1.157852639,1.157852639,1.122061946,1.122061946,0.881338996,0.766523463,0.82393123,None,None,1,None,None,1,0.417040359,0.441666667,0.429353513,0.944242322,0.944242322,0.975373692,0.975373692,0.312668464,0.461538462,0.387103463,0.677448338,0.677448338,0.851130002,0.851130002,0.355072464,0.463352127,0.409212295,None,None,1,None,None,1,0.946925021,0.933699921,0.940312471,1.014164186,1.014164186,1.0132251,1.0132251,0.971468827,0.914279652,0.94287424,1.062551075,1.062551075,1.057189175,1.057189175,0.965517241,0.910753475,0.938135358,None,None,1,None,None,1,0.053074979,0.066300079,0.059687529,0.800526637,0.800526637,0.9867749,0.9867749,0.028531173,0.085720348,0.05712576,0.332840144,0.332840144,0.942810825,0.942810825,0.034482759,0.089246525,0.061864642,None,None,1,None,None,1,0.582959641,0.558333333,0.570646487,1.04410682,1.04410682,1.024626308,1.024626308,0.687331536,0.538461538,0.612896537,1.276472853,1.276472853,1.148869998,1.148869998,0.644927536,0.536647873,0.590787705,None,None,1,None,None,1,0.110638298,0.16529786,0.137968079,0.669326862,0.669326862,0.945340438,0.945340438,0.061370717,0.202775749,0.132073233,0.302653137,0.302653137,0.858594968,0.858594968,0.078690982,0.209847984,0.144269483,None,None,1,None,None,1,0.596153846,0.704688593,0.65042122,0.845981972,0.845981972,0.891465253,0.891465253,0.588832487,0.708933718,0.648883102,0.830588915,0.830588915,0.87989877,0.87989877,0.622222222,0.711811024,0.667016623,None,None,1,None,None,1,0.103668262,0.176413525,0.140040894,0.5876435,0.5876435,0.927254736,0.927254736,0.084633256,0.210371999,0.147502628,0.402302855,0.402302855,0.874261257,0.874261257,0.096529284,0.218946048,0.157737666,None,None,1,None,None,1
FairGPopp*TPR0.9,s_as_input=True,0,0.804674291,0.445065921,0.923861229,0.684463575,0.426705536,0.781749188,0.781749188,0.962181641,0.812765957,0.80335454,0.808060249,1.011715148,1.011715148,1.009411417,1.009411417,0.884592326,0.764994791,0.824793559,1.156337712,1.156337712,1.119597535,1.119597535,0.861434109,0.765142568,0.813288338,None,None,1,None,None,1,0.33632287,0.455701754,0.396012312,0.738032862,0.738032862,0.880621116,0.880621116,0.327956989,0.465509151,0.39673307,0.704512444,0.704512444,0.862447839,0.862447839,0.330895795,0.476993865,0.40394483,None,None,1,None,None,1,0.902274642,0.927886881,0.915080762,0.972397239,0.972397239,0.974387761,0.974387761,0.954453441,0.904097646,0.929275544,1.055697297,1.055697297,1.050355795,1.050355795,0.942474169,0.907076303,0.924775236,None,None,1,None,None,1,0.097725358,0.072113119,0.084919238,1.355167547,1.355167547,1.025612239,1.025612239,0.045546559,0.095902354,0.070724456,0.474926389,0.474926389,0.949644205,0.949644205,0.057525831,0.092923697,0.075224764,None,None,1,None,None,1,0.66367713,0.544298246,0.603987688,1.219326234,1.219326234,1.119378884,1.119378884,0.672043011,0.534490849,0.60326693,1.257351761,1.257351761,1.137552161,1.137552161,0.669104205,0.523006135,0.59605517,None,None,1,None,None,1,0.135460993,0.173279352,0.154370173,0.781749188,0.781749188,0.962181641,0.962181641,0.077038369,0.213126953,0.145082661,0.361467041,0.361467041,0.863911416,0.863911416,0.09375,0.219672684,0.156711342,None,None,1,None,None,1,0.392670157,0.693591455,0.543130806,0.566140419,0.566140419,0.699078702,0.699078702,0.474708171,0.69273743,0.583722801,0.685264215,0.685264215,0.781970741,0.781970741,0.467700258,0.716589862,0.59214506,None,None,1,None,None,1,0.121410993,0.173639289,0.147525141,0.699213831,0.699213831,0.947771703,0.947771703,0.081195193,0.215434084,0.148314638,0.376891121,0.376891121,0.86576111,0.86576111,0.097834804,0.221189189,0.159511996,None,None,1,None,None,1
FairGPopp*TPR0.9,s_as_input=True,1,0.809547489,0.452257291,0.927966102,0.690111696,0.441130561,0.728541128,0.728541128,0.952961783,0.834751773,0.805436669,0.820094221,1.036396536,1.036396536,1.029315104,1.029315104,0.896123561,0.767214571,0.831669066,1.168022083,1.168022083,1.12890899,1.12890899,0.876779578,0.763751881,0.820265729,None,None,1,None,None,1,0.376681614,0.459649123,0.418165369,0.819498169,0.819498169,0.917032492,0.917032492,0.335211268,0.47160149,0.403406379,0.710793487,0.710793487,0.863609778,0.863609778,0.353932584,0.478923311,0.416427948,None,None,1,None,None,1,0.920808762,0.929300864,0.925054813,0.990861837,0.990861837,0.991507897,0.991507897,0.96369189,0.905103149,0.934397519,1.064731563,1.064731563,1.058588741,1.058588741,0.955649718,0.903539382,0.92959455,None,None,1,None,None,1,0.079191238,0.070699136,0.074945187,1.120116072,1.120116072,1.008492103,1.008492103,0.03630811,0.094896851,0.065602481,0.382606056,0.382606056,0.941411259,0.941411259,0.044350282,0.096460618,0.07040545,None,None,1,None,None,1,0.623318386,0.540350877,0.581834631,1.153543766,1.153543766,1.082967508,1.082967508,0.664788732,0.52839851,0.596593621,1.258119998,1.258119998,1.136390222,1.136390222,0.646067416,0.521076689,0.583572052,None,None,1,None,None,1,0.126241135,0.173279352,0.149760243,0.728541128,0.728541128,0.952961783,0.952961783,0.068443368,0.214719384,0.141581376,0.318757284,0.318757284,0.853723984,0.853723984,0.084928817,0.222370841,0.153649829,None,None,1,None,None,1,0.471910112,0.699599466,0.585754789,0.674543271,0.674543271,0.772310646,0.772310646,0.526548673,0.69862069,0.612584681,0.753697508,0.753697508,0.827927983,0.827927983,0.546242775,0.709022556,0.627632665,None,None,1,None,None,1,0.112824675,0.17238002,0.142602347,0.654511327,0.654511327,0.940444656,0.940444656,0.076723017,0.214029794,0.145376406,0.358468862,0.358468862,0.862693222,0.862693222,0.092542918,0.220597721,0.15657032,None,None,1,None,None,1
FairGPopp*TPR0.9,s_as_input=True,2,0.806563899,0.47223332,0.917372881,0.694803101,0.438861771,0.79372081,0.79372081,0.961846105,0.826950355,0.803238866,0.815094611,1.029519847,1.029519847,1.023711488,1.023711488,0.884423676,0.770051132,0.827237404,1.148525908,1.148525908,1.114372544,1.114372544,0.865350987,0.767680106,0.816515546,None,None,1,None,None,1,0.417040359,0.477631579,0.447335969,0.873142349,0.873142349,0.93940878,0.93940878,0.339622642,0.495309568,0.417466105,0.68567753,0.68567753,0.844313073,0.844313073,0.373188406,0.500256279,0.436722342,None,None,1,None,None,1,0.903959562,0.919874313,0.911916937,0.982698994,0.982698994,0.984085249,0.984085249,0.955618175,0.894334819,0.924976497,1.068523953,1.068523953,1.061283357,1.061283357,0.944074181,0.894903682,0.919488932,None,None,1,None,None,1,0.096040438,0.080125687,0.088083063,1.19862233,1.19862233,1.015914751,1.015914751,0.044381825,0.105665181,0.075023503,0.420023171,0.420023171,0.938716643,0.938716643,0.055925819,0.105096318,0.080511068,None,None,1,None,None,1,0.582959641,0.522368421,0.552664031,1.115993268,1.115993268,1.06059122,1.06059122,0.660377358,0.504690432,0.582533895,1.308480045,1.308480045,1.155686927,1.155686927,0.626811594,0.499743721,0.563277658,None,None,1,None,None,1,0.146808511,0.184962406,0.165885458,0.79372081,0.79372081,0.961846105,0.961846105,0.078504673,0.227027027,0.15276585,0.345794393,0.345794393,0.851477646,0.851477646,0.099675244,0.232485129,0.166080186,None,None,1,None,None,1,0.449275362,0.681050657,0.565163009,0.659679802,0.659679802,0.768224706,0.768224706,0.5,0.67953668,0.58976834,0.735795455,0.735795455,0.82046332,0.82046332,0.516290727,0.693674485,0.604982606,None,None,1,None,None,1,0.108063175,0.169032075,0.138547625,0.639305738,0.639305738,0.9390311,0.9390311,0.082826234,0.203364203,0.143095219,0.407280301,0.407280301,0.879462031,0.879462031,0.09600444,0.209903122,0.152953781,None,None,1,None,None,1
FairGPoppTPR0.9,s_as_input=False,0,0.811934361,0.453056332,0.930879237,0.691967785,0.447585293,0.601736366,0.601736366,0.930528449,0.856028369,0.804742626,0.830385497,1.063729373,1.063729373,1.051285743,1.051285743,0.896882494,0.769757404,0.833319949,1.165149551,1.165149551,1.12712509,1.12712509,0.879844961,0.76463641,0.822240685,None,None,1,None,None,1,0.376681614,0.460526316,0.418603965,0.81793722,0.81793722,0.916155299,0.916155299,0.346774194,0.471609573,0.409191883,0.73529931,0.73529931,0.875164621,0.875164621,0.363802559,0.47801636,0.42090946,None,None,1,None,None,1,0.946082561,0.928043991,0.937063276,1.019437193,1.019437193,1.018038571,1.018038571,0.965924426,0.908238884,0.937081655,1.063513623,1.063513623,1.057685542,1.057685542,0.958670762,0.905817175,0.932243968,None,None,1,None,None,1,0.053917439,0.071956009,0.062936724,0.749311133,0.749311133,0.981961429,0.981961429,0.034075574,0.091761116,0.062918345,0.371350906,0.371350906,0.942314458,0.942314458,0.041329238,0.094182825,0.067756032,None,None,1,None,None,1,0.623318386,0.539473684,0.581396035,1.155419447,1.155419447,1.083844701,1.083844701,0.653225806,0.528390427,0.590808117,1.236255945,1.236255945,1.124835379,1.124835379,0.636197441,0.52198364,0.57909054,None,None,1,None,None,1,0.104964539,0.17443609,0.139700315,0.601736366,0.601736366,0.930528449,0.930528449,0.068944844,0.212233963,0.140589404,0.324853021,0.324853021,0.856710881,0.856710881,0.084060078,0.22085372,0.152456899,None,None,1,None,None,1,0.567567568,0.696286472,0.63192702,0.815135135,0.815135135,0.871281095,0.871281095,0.560869565,0.704768583,0.632819074,0.795820896,0.795820896,0.856100982,0.856100982,0.573487032,0.714285714,0.643886373,None,None,1,None,None,1,0.110142631,0.17234132,0.141241975,0.639095899,0.639095899,0.937801311,0.937801311,0.078235673,0.212733799,0.145484736,0.367763247,0.367763247,0.865501874,0.865501874,0.092039143,0.221091382,0.156565262,None,None,1,None,None,1
FairGPoppTPR0.9,s_as_input=False,1,0.811735455,0.432680783,0.937367585,0.685024184,0.44241638,0.544900714,0.544900714,0.924773062,0.858156028,0.804164257,0.831160143,1.067140228,1.067140228,1.053991772,1.053991772,0.900363416,0.76839923,0.834381323,1.171739092,1.171739092,1.131964186,1.131964186,0.883406971,0.7629159,0.823161436,None,None,1,None,None,1,0.33632287,0.442105263,0.389214067,0.760730301,0.760730301,0.894217607,0.894217607,0.304225352,0.453910615,0.379067983,0.670231853,0.670231853,0.850314738,0.850314738,0.322097378,0.462671407,0.392384393,None,None,1,None,None,1,0.956192081,0.933857031,0.945024556,1.023916991,1.023916991,1.02233505,1.02233505,0.972175093,0.915092291,0.943633692,1.062379284,1.062379284,1.057082802,1.057082802,0.968079096,0.910269192,0.939174144,None,None,1,None,None,1,0.043807919,0.066142969,0.054975444,0.662321628,0.662321628,0.97766495,0.97766495,0.027824907,0.084907709,0.056366308,0.327707661,0.327707661,0.942917198,0.942917198,0.031920904,0.089730808,0.060825856,None,None,1,None,None,1,0.66367713,0.557894737,0.610785933,1.18960995,1.18960995,1.105782393,1.105782393,0.695774648,0.546089385,0.620932017,1.274103959,1.274103959,1.149685262,1.149685262,0.677902622,0.537328593,0.607615607,None,None,1,None,None,1,0.090070922,0.16529786,0.127684391,0.544900714,0.544900714,0.924773062,0.924773062,0.057540884,0.202280468,0.129910676,0.284460902,0.284460902,0.855260416,0.855260416,0.069955817,0.21250627,0.141231044,None,None,1,None,None,1,0.590551181,0.705388383,0.647969782,0.837200037,0.837200037,0.885162798,0.885162798,0.568421053,0.713762811,0.641091932,0.79637247,0.79637247,0.854658242,0.854658242,0.603508772,0.716758458,0.660133615,None,None,1,None,None,1,0.115354638,0.176274945,0.145814791,0.65440178,0.65440178,0.939079693,0.939079693,0.07937018,0.217746427,0.148558303,0.364507382,0.364507382,0.861623753,0.861623753,0.09553972,0.22462845,0.160084085,None,None,1,None,None,1
FairGPoppTPR0.9,s_as_input=False,2,0.812928891,0.466240511,0.927833686,0.697037099,0.453342477,0.610364084,0.610364084,0.929824972,0.869503546,0.803701562,0.836602554,1.081873655,1.081873655,1.065801985,1.065801985,0.894392523,0.774726077,0.8345593,1.154462912,1.154462912,1.119666446,1.119666446,0.881838621,0.767349636,0.824594129,None,None,1,None,None,1,0.434977578,0.469298246,0.452137912,0.926868111,0.926868111,0.965679333,0.965679333,0.299191375,0.495309568,0.397250472,0.604049253,0.604049253,0.803881806,0.803881806,0.355072464,0.497693491,0.426382977,None,None,1,None,None,1,0.951137321,0.923487824,0.937312573,1.029940294,1.029940294,1.027649497,1.027649497,0.9721733,0.901124549,0.936648925,1.078844541,1.078844541,1.071048751,1.071048751,0.966096784,0.895635211,0.930865997,None,None,1,None,None,1,0.048862679,0.076512176,0.062687427,0.638626185,0.638626185,0.972350503,0.972350503,0.0278267,0.098875451,0.063351075,0.281431835,0.281431835,0.928951249,0.928951249,0.033903216,0.104364789,0.069134003,None,None,1,None,None,1,0.565022422,0.530701754,0.547862088,1.064670348,1.064670348,1.034320667,1.034320667,0.700808625,0.504690432,0.602749528,1.388591068,1.388591068,1.196118194,1.196118194,0.644927536,0.502306509,0.573617023,None,None,1,None,None,1,0.109929078,0.180104106,0.145016592,0.610364084,0.610364084,0.929824972,0.929824972,0.059190031,0.222352082,0.140771056,0.266199582,0.266199582,0.836837949,0.836837949,0.078191356,0.231163252,0.154677304,None,None,1,None,None,1,0.625806452,0.687219011,0.656512731,0.910636117,0.910636117,0.938587441,0.938587441,0.584210526,0.693823916,0.639017221,0.84201555,0.84201555,0.89038661,0.89038661,0.626198083,0.694067191,0.660132637,None,None,1,None,None,1,0.100398406,0.170711061,0.135554734,0.588118929,0.588118929,0.929687345,0.929687345,0.086092715,0.202141649,0.144117182,0.425902903,0.425902903,0.883951066,0.883951066,0.096476965,0.210616806,0.153546886,None,None,1,None,None,1