algorithm,params,run-id,accuracy,TPR,TNR,DIbinary,DIavgall,TPRNormDiff,TNRNormDiff,CV,0-accuracy-sex,1-accuracy-sex,sex-accuracy,0-accuracy-sex_over_1-accuracy-sex,sex-accuracyRatio,diff:1-accuracy-sexto0-accuracy-sex,sex-accuracyDiff,0-accuracy-race,1-accuracy-race,race-accuracy,0-accuracy-race_over_1-accuracy-race,race-accuracyRatio,diff:1-accuracy-raceto0-accuracy-race,race-accuracyDiff,0-accuracy-sex-race,1-accuracy-sex-race,sex-race-accuracy,0-accuracy-sex-race_over_1-1-accuracy-sex-race,1-accuracy-sex-race_over_1-1-accuracy-sex-race,sex-race-accuracyRatio,diff:1-1-accuracy-sex-raceto0-accuracy-sex-race,diff:1-1-accuracy-sex-raceto1-accuracy-sex-race,sex-race-accuracyDiff,0-TPR-sex,1-TPR-sex,sex-TPR,0-TPR-sex_over_1-TPR-sex,sex-TPRRatio,diff:1-TPR-sexto0-TPR-sex,sex-TPRDiff,0-TPR-race,1-TPR-race,race-TPR,0-TPR-race_over_1-TPR-race,race-TPRRatio,diff:1-TPR-raceto0-TPR-race,race-TPRDiff,0-TPR-sex-race,1-TPR-sex-race,sex-race-TPR,0-TPR-sex-race_over_1-1-TPR-sex-race,1-TPR-sex-race_over_1-1-TPR-sex-race,sex-race-TPRRatio,diff:1-1-TPR-sex-raceto0-TPR-sex-race,diff:1-1-TPR-sex-raceto1-TPR-sex-race,sex-race-TPRDiff,0-TNR-sex,1-TNR-sex,sex-TNR,0-TNR-sex_over_1-TNR-sex,sex-TNRRatio,diff:1-TNR-sexto0-TNR-sex,sex-TNRDiff,0-TNR-race,1-TNR-race,race-TNR,0-TNR-race_over_1-TNR-race,race-TNRRatio,diff:1-TNR-raceto0-TNR-race,race-TNRDiff,0-TNR-sex-race,1-TNR-sex-race,sex-race-TNR,0-TNR-sex-race_over_1-1-TNR-sex-race,1-TNR-sex-race_over_1-1-TNR-sex-race,sex-race-TNRRatio,diff:1-1-TNR-sex-raceto0-TNR-sex-race,diff:1-1-TNR-sex-raceto1-TNR-sex-race,sex-race-TNRDiff,0-FPR-sex,1-FPR-sex,sex-FPR,0-FPR-sex_over_1-FPR-sex,sex-FPRRatio,diff:1-FPR-sexto0-FPR-sex,sex-FPRDiff,0-FPR-race,1-FPR-race,race-FPR,0-FPR-race_over_1-FPR-race,race-FPRRatio,diff:1-FPR-raceto0-FPR-race,race-FPRDiff,0-FPR-sex-race,1-FPR-sex-race,sex-race-FPR,0-FPR-sex-race_over_1-1-FPR-sex-race,1-FPR-sex-race_over_1-1-FPR-sex-race,sex-race-FPRRatio,diff:1-1-FPR-sex-raceto0-FPR-sex-race,diff:1-1-FPR-sex-raceto1-FPR-sex-race,sex-race-FPRDiff,0-FNR-sex,1-FNR-sex,sex-FNR,0-FNR-sex_over_1-FNR-sex,sex-FNRRatio,diff:1-FNR-sexto0-FNR-sex,sex-FNRDiff,0-FNR-race,1-FNR-race,race-FNR,0-FNR-race_over_1-FNR-race,race-FNRRatio,diff:1-FNR-raceto0-FNR-race,race-FNRDiff,0-FNR-sex-race,1-FNR-sex-race,sex-race-FNR,0-FNR-sex-race_over_1-1-FNR-sex-race,1-FNR-sex-race_over_1-1-FNR-sex-race,sex-race-FNRRatio,diff:1-1-FNR-sex-raceto0-FNR-sex-race,diff:1-1-FNR-sex-raceto1-FNR-sex-race,sex-race-FNRDiff,0-PR-sex,1-PR-sex,sex-PR,0-PR-sex_over_1-PR-sex,sex-PRRatio,diff:1-PR-sexto0-PR-sex,sex-PRDiff,0-PR-race,1-PR-race,race-PR,0-PR-race_over_1-PR-race,race-PRRatio,diff:1-PR-raceto0-PR-race,race-PRDiff,0-PR-sex-race,1-PR-sex-race,sex-race-PR,0-PR-sex-race_over_1-1-PR-sex-race,1-PR-sex-race_over_1-1-PR-sex-race,sex-race-PRRatio,diff:1-1-PR-sex-raceto0-PR-sex-race,diff:1-1-PR-sex-raceto1-PR-sex-race,sex-race-PRDiff,0-calibration+-sex,1-calibration+-sex,sex-calibration+,0-calibration+-sex_over_1-calibration+-sex,sex-calibration+Ratio,diff:1-calibration+-sexto0-calibration+-sex,sex-calibration+Diff,0-calibration+-race,1-calibration+-race,race-calibration+,0-calibration+-race_over_1-calibration+-race,race-calibration+Ratio,diff:1-calibration+-raceto0-calibration+-race,race-calibration+Diff,0-calibration+-sex-race,1-calibration+-sex-race,sex-race-calibration+,0-calibration+-sex-race_over_1-1-calibration+-sex-race,1-calibration+-sex-race_over_1-1-calibration+-sex-race,sex-race-calibration+Ratio,diff:1-1-calibration+-sex-raceto0-calibration+-sex-race,diff:1-1-calibration+-sex-raceto1-calibration+-sex-race,sex-race-calibration+Diff,0-calibration--sex,1-calibration--sex,sex-calibration-,0-calibration--sex_over_1-calibration--sex,sex-calibration-Ratio,diff:1-calibration--sexto0-calibration--sex,sex-calibration-Diff,0-calibration--race,1-calibration--race,race-calibration-,0-calibration--race_over_1-calibration--race,race-calibration-Ratio,diff:1-calibration--raceto0-calibration--race,race-calibration-Diff,0-calibration--sex-race,1-calibration--sex-race,sex-race-calibration-,0-calibration--sex-race_over_1-1-calibration--sex-race,1-calibration--sex-race_over_1-1-calibration--sex-race,sex-race-calibration-Ratio,diff:1-1-calibration--sex-raceto0-calibration--sex-race,diff:1-1-calibration--sex-raceto1-calibration--sex-race,sex-race-calibration-Diff
GPyT_in_True,gpu=0,0,0.6723383568303355,0.575240128068303,0.7535714285714286,0.3742745429279856,0.3742745429279856,0.3316083848061865,-0.12465003316954704,0.7185174970889256,0.6989795918367347,0.6660660660660661,0.6825228289514005,1.0494148064996964,1.0494148064996964,1.0329135257706685,1.0329135257706685,0.6669133974833457,0.6827195467422096,0.6748164721127776,0.9768482544050665,0.9768482544050665,0.9841938507411361,0.9841938507411361,0.6742021276595744,0.6672694394213382,0.6707357835404564,None,None,1.0,None,None,1.0,0.3115942028985507,0.6207759699624531,0.46618508643050194,0.5019430808789154,0.5019430808789154,0.6908182329360977,0.6908182329360977,0.6234756097560976,0.4626334519572954,0.5430545308566965,1.3476665103189494,1.3476665103189494,1.1608421577988022,1.1608421577988022,0.6014084507042253,0.4933920704845815,0.5474002605944034,None,None,1.0,None,None,1.0,0.9094488188976378,0.707852193995381,0.8086505064465095,1.2848004521457659,1.2848004521457659,1.201596624902257,1.201596624902257,0.7079136690647482,0.8282352941176471,0.7680744815911976,0.8547253106605625,0.8547253106605625,0.8796783749471011,0.8796783749471011,0.739294710327456,0.7883435582822086,0.7638191343048323,None,None,1.0,None,None,1.0,0.09055118110236215,0.292147806004619,0.19134949355349057,0.30994989262705774,0.30994989262705774,0.7984033750977432,0.7984033750977432,0.2920863309352518,0.17176470588235293,0.23192551840880238,1.700502611609343,1.700502611609343,1.120321625052899,1.120321625052899,0.260705289672544,0.2116564417177914,0.23618086569516772,None,None,1.0,None,None,1.0,0.6884057971014492,0.3792240300375469,0.5338149135694981,1.815301095326924,1.815301095326924,1.3091817670639023,1.3091817670639023,0.3765243902439024,0.5373665480427046,0.4569454691433035,0.7006844613148118,0.7006844613148118,0.8391578422011978,0.8391578422011978,0.39859154929577467,0.5066079295154184,0.45259973940559656,None,None,1.0,None,None,1.0,0.1683673469387755,0.4498498498498498,0.30910859839431265,0.3742745429279856,0.3742745429279856,0.7185174970889256,0.7185174970889256,0.4529977794226499,0.28753541076487255,0.37026659509376125,1.5754504052827134,1.5754504052827134,1.1654623686577774,1.1654623686577774,0.42154255319148937,0.32730560578661844,0.3744240794890539,None,None,1.0,None,None,1.0,0.6515151515151515,0.6622162883845126,0.656865719949832,0.9838404203323559,0.9838404203323559,0.9892988631306389,0.9892988631306389,0.6683006535947712,0.6403940886699507,0.654347371132361,1.0435771744595272,1.0435771744595272,1.0279065649248205,1.0279065649248205,0.6735015772870663,0.6187845303867403,0.6461430538369033,None,None,1.0,None,None,1.0,0.29141104294478526,0.3307860262008734,0.3110985345728293,0.8809653971532121,0.8809653971532121,0.9606250167439119,0.9606250167439119,0.3342354533152909,0.30019880715705766,0.31721713023617426,1.1133803511098763,1.1133803511098763,1.0340366461582333,1.0340366461582333,0.3252873563218391,0.30913978494623656,0.3172135706340378,None,None,1.0,None,None,1.0
GPyT_in_True,gpu=0,1,0.6713660670879922,0.5432230522945571,0.7785714285714286,0.22448269989497885,0.22448269989497885,0.5247746717298806,-0.13407216606420053,0.6651069436783723,0.6836734693877551,0.6684684684684684,0.6760709689281117,1.0227460256339733,1.0227460256339733,1.0152050009192868,1.0152050009192868,0.6697841726618705,0.6746626686656672,0.6722234206637688,0.9927689848121504,0.9927689848121504,0.9951215039962034,0.9951215039962034,0.6724806201550387,0.6679764243614931,0.6702285222582659,None,None,1.0,None,None,1.0,0.18840579710144928,0.60450563204005,0.3964557145707497,0.3116692171512588,0.3116692171512588,0.5839001650613993,0.5839001650613993,0.5991058122205664,0.40225563909774437,0.5006807256591553,1.4893658509408472,1.4893658509408472,1.196850173122822,1.196850173122822,0.5678670360110804,0.4604651162790698,0.514166076145075,None,None,1.0,None,None,1.0,0.952755905511811,0.7274826789838337,0.8401192922478223,1.3096612923384576,1.3096612923384576,1.2252732265279773,1.2252732265279773,0.7357440890125174,0.8553615960099751,0.7955528425112462,0.860155625930086,0.860155625930086,0.8803824930025423,0.8803824930025423,0.7639225181598063,0.8197278911564626,0.7918252046581344,None,None,1.0,None,None,1.0,0.047244094488189003,0.2725173210161663,0.15988070775217766,0.17336180435072743,0.17336180435072743,0.7747267734720227,0.7747267734720227,0.2642559109874826,0.14463840399002492,0.20444715748875375,1.8270106949306988,1.8270106949306988,1.1196175069974577,1.1196175069974577,0.23607748184019373,0.1802721088435374,0.20817479534186556,None,None,1.0,None,None,1.0,0.8115942028985508,0.39549436795994997,0.6035442854292503,2.0521005320124748,2.0521005320124748,1.416099834938601,1.416099834938601,0.40089418777943364,0.5977443609022557,0.49931927434084467,0.6706783267253418,0.6706783267253418,0.803149826877178,0.803149826877178,0.43213296398891965,0.5395348837209302,0.4858339238549249,None,None,1.0,None,None,1.0,0.09693877551020408,0.4318318318318318,0.264385303671018,0.22448269989497885,0.22448269989497885,0.6651069436783723,0.6651069436783723,0.42589928057553955,0.24737631184407796,0.33663779620980877,1.7216655766296054,1.7216655766296054,1.1785229687314616,1.1785229687314616,0.39082687338501293,0.29862475442043224,0.3447258139027226,None,None,1.0,None,None,1.0,0.6842105263157895,0.6717663421418637,0.6779884342288266,1.018524572300316,1.018524572300316,1.0124441841739258,1.0124441841739258,0.6790540540540541,0.6484848484848484,0.6637694512694512,1.047139429148775,1.047139429148775,1.0305692055692055,1.0305692055692055,0.6776859504132231,0.6513157894736842,0.6645008699434536,None,None,1.0,None,None,1.0,0.3163841807909605,0.33403805496828753,0.325211117879624,0.947150110848888,0.947150110848888,0.9823461258226729,0.9823461258226729,0.33709273182957394,0.31673306772908366,0.3269128997793288,1.0642801973487177,1.0642801973487177,1.0203596641004902,1.0203596641004902,0.33085896076352067,0.32492997198879553,0.3278944663761581,None,None,1.0,None,None,1.0
GPyT_in_True,gpu=0,2,0.6771998055420515,0.5741728922091782,0.7633928571428571,0.3616071428571429,0.3616071428571429,0.38886093275095107,-0.11001404911031626,0.7162698412698413,0.6811224489795918,0.6762762762762763,0.6786993626279341,1.0071659658534817,1.0071659658534817,1.0048461727033156,1.0048461727033156,0.6716417910447762,0.6875871687587168,0.6796144799017465,0.9768096636492992,0.9768096636492992,0.9840546222860593,0.9840546222860593,0.6766666666666666,0.6786355475763016,0.6776511071214841,None,None,1.0,None,None,1.0,0.2753623188405797,0.6257822277847309,0.4505722733126553,0.4400289855072464,0.4400289855072464,0.6495800910558488,0.6495800910558488,0.6265243902439024,0.45195729537366547,0.5392408428087839,1.3862468792010754,1.3862468792010754,1.174567094870237,1.174567094870237,0.6008462623413258,0.49122807017543857,0.5460371662583822,None,None,1.0,None,None,1.0,0.9015748031496063,0.7228637413394919,0.8122192722445492,1.247226484868305,1.247226484868305,1.1787110618101142,1.1787110618101142,0.7149122807017544,0.8394495412844036,0.777180910993079,0.8516441376665709,0.8516441376665709,0.8754627394173508,0.8754627394173508,0.7446270543615676,0.8085106382978723,0.77656884632972,None,None,1.0,None,None,1.0,0.09842519685039375,0.27713625866050806,0.1877807277554509,0.3551509186351708,0.3551509186351708,0.8212889381898857,0.8212889381898857,0.2850877192982456,0.16055045871559637,0.222819089006921,1.7756892230576438,1.7756892230576438,1.1245372605826494,1.1245372605826494,0.2553729456384324,0.19148936170212771,0.22343115367028005,None,None,1.0,None,None,1.0,0.7246376811594203,0.3742177722152691,0.5494277266873446,1.9364063787504242,1.9364063787504242,1.350419908944151,1.350419908944151,0.3734756097560976,0.5480427046263345,0.4607591571912161,0.6814717294900222,0.6814717294900222,0.8254329051297631,0.8254329051297631,0.39915373765867423,0.5087719298245614,0.45396283374161783,None,None,1.0,None,None,1.0,0.16071428571428573,0.4444444444444444,0.30257936507936506,0.3616071428571429,0.3616071428571429,0.7162698412698413,0.7162698412698413,0.45223880597014926,0.27475592747559274,0.36349736672287103,1.6459656034548071,1.6459656034548071,1.1774828784945566,1.1774828784945566,0.4186666666666667,0.3141831238779174,0.36642489527229205,None,None,1.0,None,None,1.0,0.6031746031746031,0.6756756756756757,0.6394251394251393,0.8926984126984127,0.8926984126984127,0.9274989274989275,0.9274989274989275,0.6782178217821783,0.6446700507614214,0.6614439362717999,1.0520386684337726,1.0520386684337726,1.033547771020757,1.033547771020757,0.678343949044586,0.64,0.659171974522293,None,None,1.0,None,None,1.0,0.303951367781155,0.3232432432432432,0.3135973055121991,0.9403177765804963,0.9403177765804963,0.9807081245379118,0.9807081245379118,0.3337874659400545,0.29615384615384616,0.3149706560469503,1.127074560317067,1.127074560317067,1.0376336197862084,1.0376336197862084,0.32454128440366975,0.3036649214659686,0.31410310293481913,None,None,1.0,None,None,1.0
GPyT_in_True,gpu=0,3,0.6781720952843947,0.5624332977588047,0.775,0.3163617171006333,0.3163617171006333,0.3673214557636668,-0.1287233462398429,0.7023196666053808,0.7091836734693877,0.6708708708708708,0.6900272721701293,1.0571090566934025,1.0571090566934025,1.0383128025985169,1.0383128025985169,0.6890021849963583,0.6564327485380117,0.672717466767185,1.0496158007516907,1.0496158007516907,1.0325694364583466,1.0325694364583466,0.6929595827900913,0.6347992351816444,0.6638794089858678,None,None,1.0,None,None,1.0,0.2826086956521739,0.6107634543178974,0.44668607498503565,0.46271382751247325,0.46271382751247325,0.6718452413342766,0.6718452413342766,0.6272455089820359,0.40148698884758366,0.5143662489148098,1.562305943668219,1.562305943668219,1.2257585201344523,1.2257585201344523,0.6022253129346314,0.43119266055045874,0.5167089867425451,None,None,1.0,None,None,1.0,0.9409448818897638,0.7263279445727483,0.833636413231256,1.2954821426336016,1.2954821426336016,1.2146169373170155,1.2146169373170155,0.7475177304964539,0.8216867469879519,0.7846022387422029,0.9097356544165054,0.9097356544165054,0.925830983508502,0.925830983508502,0.7730061349693251,0.780327868852459,0.7766670019108921,None,None,1.0,None,None,1.0,0.05905511811023623,0.2736720554272517,0.16636358676874397,0.2157878999302303,0.2157878999302303,0.7853830626829845,0.7853830626829845,0.25248226950354613,0.17831325301204815,0.21539776125779714,1.415947862756374,1.415947862756374,1.0741690164914979,1.0741690164914979,0.22699386503067487,0.21967213114754103,0.22333299808910795,None,None,1.0,None,None,1.0,0.7173913043478262,0.38923654568210264,0.5533139250149643,1.8430728365720679,1.8430728365720679,1.3281547586657236,1.3281547586657236,0.3727544910179641,0.5985130111524164,0.48563375108519025,0.6228009818871574,0.6228009818871574,0.7742414798655477,0.7742414798655477,0.39777468706536856,0.5688073394495412,0.4832910132574549,None,None,1.0,None,None,1.0,0.1377551020408163,0.43543543543543545,0.2865952687381259,0.3163617171006333,0.3163617171006333,0.7023196666053808,0.7023196666053808,0.43481427530954114,0.26608187134502925,0.3504480733272852,1.6341371665479458,1.6341371665479458,1.168732403964512,1.168732403964512,0.4028683181225554,0.3078393881453155,0.3553538531339354,None,None,1.0,None,None,1.0,0.7222222222222222,0.6731034482758621,0.6976628352490422,1.0729735883424407,1.0729735883424407,1.04911877394636,1.04911877394636,0.7018425460636516,0.5934065934065934,0.6476245697351225,1.1827346609591165,1.1827346609591165,1.1084359526570582,1.1084359526570582,0.7006472491909385,0.5838509316770186,0.6422490904339786,None,None,1.0,None,None,1.0,0.29289940828402367,0.33085106382978724,0.3118752360569055,0.8852908160353127,0.8852908160353127,0.9620483444542365,0.9620483444542365,0.32087628865979384,0.3207171314741036,0.3207967100669487,1.00049625408209,1.00049625408209,1.0001591571856903,1.0001591571856903,0.31222707423580787,0.3425414364640884,0.32738425534994814,None,None,1.0,None,None,1.0
GPyT_in_True,gpu=0,4,0.6596985901798736,0.5741728922091782,0.73125,0.2979715483132028,0.2979715483132028,0.4256461865494614,-0.15389740173217858,0.6694352515781087,0.6862244897959183,0.6534534534534534,0.6698389716246859,1.0501505289615847,1.0501505289615847,1.032771036342465,1.032771036342465,0.6681318681318681,0.6430635838150289,0.6555977259734485,1.0389825904432646,1.0389825904432646,1.025068284316839,1.025068284316839,0.6710353866317169,0.6271186440677966,0.6490770153497567,None,None,1.0,None,None,1.0,0.2536231884057971,0.6295369211514393,0.4415800547786182,0.40287261935632585,0.40287261935632585,0.6240862672543578,0.6240862672543578,0.6452599388379205,0.4098939929328622,0.5275769658853914,1.5742117473373405,1.5742117473373405,1.2353659459050583,1.2353659459050583,0.6118143459915611,0.4557522123893805,0.5337832791904709,None,None,1.0,None,None,1.0,0.9212598425196851,0.6755196304849884,0.7983897365023367,1.3637795275590552,1.3637795275590552,1.2457402120346965,1.2457402120346965,0.6891701828410689,0.80440097799511,0.7467855804180894,0.8567495586078941,0.8567495586078941,0.8847692048459589,0.8847692048459589,0.7226993865030675,0.7540983606557377,0.7383988735794026,None,None,1.0,None,None,1.0,0.07874015748031493,0.3244803695150116,0.20161026349766326,0.24266539636282108,0.24266539636282108,0.7542597879653034,0.7542597879653034,0.3108298171589311,0.19559902200489,0.25321441958191054,1.5891174402250352,1.5891174402250352,1.1152307951540412,1.1152307951540412,0.27730061349693247,0.24590163934426235,0.2616011264205974,None,None,1.0,None,None,1.0,0.7463768115942029,0.37046307884856067,0.5584199452213818,2.0147130826478654,2.0147130826478654,1.375913732745642,1.375913732745642,0.35474006116207946,0.5901060070671378,0.4724230341146086,0.6011463311908293,0.6011463311908293,0.7646340540949417,0.7646340540949417,0.38818565400843885,0.5442477876106195,0.4662167208095292,None,None,1.0,None,None,1.0,0.14030612244897958,0.4708708708708709,0.3055884966599252,0.2979715483132028,0.2979715483132028,0.6694352515781087,0.6694352515781087,0.47106227106227105,0.2832369942196532,0.37714963264096213,1.6631382223218956,1.6631382223218956,1.1878252768426178,1.1878252768426178,0.43315858453473133,0.3352165725047081,0.38418757851971974,None,None,1.0,None,None,1.0,0.6363636363636364,0.6415816326530612,0.6389726345083488,0.9918669799385504,0.9918669799385504,0.9947820037105751,0.9947820037105751,0.656298600311042,0.5918367346938775,0.6240676675024598,1.1089183246634848,1.1089183246634848,1.0644618656171645,1.0644618656171645,0.6580937972768532,0.5786516853932584,0.6183727413350558,None,None,1.0,None,None,1.0,0.3056379821958457,0.33598183881952326,0.3208099105076845,0.9096860213329057,0.9096860213329057,0.9696561433763224,0.9696561433763224,0.32132963988919666,0.33669354838709675,0.32901159413814673,0.9543682717667159,0.9543682717667159,0.9846360915021,0.9846360915021,0.3190751445086705,0.34844192634560905,0.3337585354271398,None,None,1.0,None,None,1.0
GPyT_in_True,gpu=0,5,0.6830335439961108,0.5869797225186766,0.7633928571428571,0.41159667096986846,0.41159667096986846,0.31932415163992617,-0.10410172594876632,0.7374272231415089,0.6938775510204082,0.6804804804804805,0.6871790157504443,1.0196876632382874,1.0196876632382874,1.0133970705399276,1.0133970705399276,0.68993993993994,0.670344827586207,0.6801423837630735,1.0292313918857128,1.0292313918857128,1.019595112353733,1.019595112353733,0.686092715231788,0.6745886654478976,0.6803406903398428,None,None,1.0,None,None,1.0,0.32608695652173914,0.6320400500625782,0.4790635032921587,0.5159276797244942,0.5159276797244942,0.6940469064591609,0.6940469064591609,0.6527777777777778,0.43944636678200694,0.5461120722798923,1.4854549431321085,1.4854549431321085,1.213331410995771,1.213331410995771,0.6165730337078652,0.49333333333333335,0.5549531835205993,None,None,1.0,None,None,1.0,0.8937007874015748,0.7251732101616628,0.8094369987816188,1.232396308741662,1.232396308741662,1.168527577239912,1.168527577239912,0.7251461988304093,0.823394495412844,0.7742703471216267,0.8806789489973773,0.8806789489973773,0.9017517034175653,0.9017517034175653,0.7481203007518797,0.8012422360248447,0.7746812683883622,None,None,1.0,None,None,1.0,0.10629921259842523,0.2748267898383372,0.1905630012183812,0.38678621054721113,0.38678621054721113,0.831472422760088,0.831472422760088,0.2748538011695907,0.17660550458715596,0.22572965287837332,1.5563150299992408,1.5563150299992408,1.0982482965824347,1.0982482965824347,0.25187969924812026,0.19875776397515532,0.2253187316116378,None,None,1.0,None,None,1.0,0.6739130434782609,0.36795994993742176,0.5209364967078414,1.8314847678201716,1.8314847678201716,1.3059530935408392,1.3059530935408392,0.3472222222222222,0.560553633217993,0.4538879277201076,0.6194272976680385,0.6194272976680385,0.7866685890042292,0.7866685890042292,0.3834269662921348,0.5066666666666666,0.4450468164794007,None,None,1.0,None,None,1.0,0.1836734693877551,0.44624624624624626,0.3149598578170007,0.41159667096986846,0.41159667096986846,0.7374272231415089,0.7374272231415089,0.4587087087087087,0.2813793103448276,0.3700440095267682,1.6302147735971264,1.6302147735971264,1.177329398363881,1.177329398363881,0.423841059602649,0.31992687385740404,0.37188396673002655,None,None,1.0,None,None,1.0,0.625,0.6796769851951547,0.6523384925975774,0.9195544554455446,0.9195544554455446,0.9453230148048453,0.9453230148048453,0.6923076923076923,0.6225490196078431,0.6574283559577677,1.112053301029679,1.112053301029679,1.0697586726998491,1.0697586726998491,0.6859375,0.6342857142857142,0.6601116071428571,None,None,1.0,None,None,1.0,0.290625,0.3188720173535792,0.3047485086767896,0.9114158163265307,0.9114158163265307,0.9717529826464208,0.9717529826464208,0.3120665742024965,0.31094049904030713,0.31150353662140184,1.003621513330251,1.003621513330251,1.0011260751621893,1.0011260751621893,0.3137931034482759,0.3064516129032258,0.31012235817575085,None,None,1.0,None,None,1.0
GPyT_in_True,gpu=0,6,0.6912980068060282,0.6275346851654215,0.7446428571428572,0.24139069170594477,0.24139069170594477,0.463650399409277,-0.16448296938378615,0.6232012624869767,0.7066326530612245,0.6876876876876877,0.6971601703744561,1.027548792442741,1.027548792442741,1.0189449653735367,1.0189449653735367,0.7048327137546468,0.6657303370786517,0.6852815254166493,1.0587360594795538,1.0587360594795538,1.039102376675995,1.039102376675995,0.7016021361815754,0.6636851520572451,0.6826436441194103,None,None,1.0,None,None,1.0,0.2536231884057971,0.6921151439299124,0.47286916616785474,0.36644652357365626,0.36644652357365626,0.5615080444758848,0.5615080444758848,0.7035928143712575,0.43866171003717475,0.5711272622042162,1.6039531107276972,1.6039531107276972,1.2649311043340827,1.2649311043340827,0.6639118457300276,0.5023696682464455,0.5831407569882365,None,None,1.0,None,None,1.0,0.952755905511811,0.6836027713625866,0.8181793384371988,1.3937273888061288,1.3937273888061288,1.2691531341492244,1.2691531341492244,0.7060561299852289,0.8036117381489842,0.7548339340671066,0.878603555009709,0.878603555009709,0.9024443918362447,0.9024443918362447,0.7370466321243523,0.7614942528735632,0.7492704424989578,None,None,1.0,None,None,1.0,0.047244094488189003,0.3163972286374134,0.1818206615628012,0.14931892637507913,0.14931892637507913,0.7308468658507756,0.7308468658507756,0.29394387001477107,0.19638826185101577,0.24516606593289342,1.4967486714545242,1.4967486714545242,1.0975556081637552,1.0975556081637552,0.2629533678756477,0.2385057471264368,0.25072955750104226,None,None,1.0,None,None,1.0,0.7463768115942029,0.30788485607008764,0.5271308338321452,2.4242076116413336,2.4242076116413336,1.4384919555241154,1.4384919555241154,0.29640718562874246,0.5613382899628252,0.42887273779578383,0.5280366419478922,0.5280366419478922,0.7350688956659173,0.7350688956659173,0.3360881542699724,0.49763033175355453,0.41685924301176347,None,None,1.0,None,None,1.0,0.11989795918367346,0.4966966966966967,0.30829732794018505,0.24139069170594477,0.24139069170594477,0.6232012624869767,0.6232012624869767,0.49739776951672865,0.28792134831460675,0.39265955891566773,1.7275473751020038,1.7275473751020038,1.2094764212021218,1.2094764212021218,0.45727636849132175,0.33810375670840787,0.39769006259986484,None,None,1.0,None,None,1.0,0.7446808510638298,0.6686819830713422,0.7066814170675859,1.1136547266361432,1.1136547266361432,1.0759988679924875,1.0759988679924875,0.70254110612855,0.5756097560975609,0.6390754311130555,1.2205163284436675,1.2205163284436675,1.126931350030989,1.126931350030989,0.7036496350364964,0.5608465608465608,0.6322480979415286,None,None,1.0,None,None,1.0,0.2985507246376812,0.2935560859188544,0.2960534052782678,1.0170142570990928,1.0170142570990928,1.0049946387188267,1.0049946387188267,0.29289940828402367,0.2978303747534517,0.2953648915187377,0.9834437086092714,0.9834437086092714,0.995069033530572,0.995069033530572,0.3001230012300123,0.28378378378378377,0.291953392506898,None,None,1.0,None,None,1.0
GPyT_in_True,gpu=0,7,0.6806028196402528,0.49413020277481323,0.8366071428571429,0.24330722469020344,0.24330722469020344,0.5191454148800121,-0.08833918606515406,0.7223187473187473,0.6811224489795918,0.6804804804804805,0.6808014647300362,1.0009434047228776,1.0009434047228776,1.0006419684991115,1.0006419684991115,0.6985894580549369,0.6464788732394366,0.6725341656471868,1.0806067869695102,1.0806067869695102,1.0521105848155003,1.0521105848155003,0.6933245208195637,0.6452205882352942,0.669272554527429,None,None,1.0,None,None,1.0,0.17391304347826086,0.5494367959949937,0.3616749197366273,0.31652966227592355,0.31652966227592355,0.6244762474832671,0.6244762474832671,0.5755287009063444,0.29818181818181816,0.43685525954408133,1.930126740844448,1.930126740844448,1.2773468827245262,1.2773468827245262,0.5386740331491713,0.3427230046948357,0.4406985189220035,None,None,1.0,None,None,1.0,0.9566929133858267,0.8013856812933026,0.8790392973395647,1.1937983616601238,1.1937983616601238,1.1553072320925242,1.1553072320925242,0.8175182481751825,0.8666666666666667,0.8420924574209245,0.9432902863559798,0.9432902863559798,0.9508515815085158,0.9508515815085158,0.835234474017744,0.8398791540785498,0.8375568140481469,None,None,1.0,None,None,1.0,0.04330708661417326,0.19861431870669743,0.12096070266043535,0.21804614539461656,0.21804614539461656,0.8446927679074758,0.8446927679074758,0.18248175182481752,0.1333333333333333,0.1579075425790754,1.3686131386861318,1.3686131386861318,1.0491484184914843,1.0491484184914843,0.16476552598225602,0.16012084592145015,0.1624431859518531,None,None,1.0,None,None,1.0,0.8260869565217391,0.45056320400500627,0.6383250802633726,1.8334541062801932,1.8334541062801932,1.3755237525167328,1.3755237525167328,0.42447129909365555,0.7018181818181819,0.5631447404559187,0.604816617879561,0.604816617879561,0.7226531172754737,0.7226531172754737,0.4613259668508287,0.6572769953051643,0.5593014810779965,None,None,1.0,None,None,1.0,0.08928571428571429,0.36696696696696696,0.22812634062634063,0.24330722469020344,0.24330722469020344,0.7223187473187473,0.7223187473187473,0.37564959168522644,0.19718309859154928,0.2864163451383879,1.9050800721179342,1.9050800721179342,1.1784664930936772,1.1784664930936772,0.34368803701255785,0.23161764705882354,0.2876528420356907,None,None,1.0,None,None,1.0,0.6857142857142857,0.7184942716857611,0.7021042787000233,0.954376830458835,0.954376830458835,0.9672200140285246,0.9672200140285246,0.7529644268774703,0.5857142857142857,0.669339356295878,1.28554902149812,1.28554902149812,1.1672501411631846,1.1672501411631846,0.75,0.5793650793650794,0.6646825396825398,None,None,1.0,None,None,1.0,0.31932773109243695,0.3415559772296015,0.33044185416101923,0.9349206349206348,0.9349206349206348,0.9777717538628354,0.9777717538628354,0.3341260404280618,0.3385964912280702,0.336361265828066,0.9867971142175919,0.9867971142175919,0.9955295491999916,0.9955295491999916,0.3363544813695871,0.3349282296650718,0.33564135551732943,None,None,1.0,None,None,1.0
GPyT_in_True,gpu=0,8,0.679144385026738,0.575240128068303,0.7660714285714286,0.34392299429893414,0.34392299429893414,0.3316083848061865,-0.13088468659084895,0.7080161794447508,0.7142857142857143,0.6708708708708708,0.6925782925782926,1.0647141578206933,1.0647141578206933,1.0434148434148436,1.0434148434148436,0.6778625954198473,0.6813922356091031,0.6796274155144753,0.994819958307713,0.994819958307713,0.9964703598107442,0.9964703598107442,0.6836803223640027,0.6672535211267606,0.6754669217453817,None,None,1.0,None,None,1.0,0.3115942028985507,0.6207759699624531,0.46618508643050194,0.5019430808789154,0.5019430808789154,0.6908182329360977,0.6908182329360977,0.6318252730109204,0.4527027027027027,0.5422639878568115,1.395673737397257,1.395673737397257,1.1791225703082178,1.1791225703082178,0.6031073446327684,0.4890829694323144,0.5460951570325414,None,None,1.0,None,None,1.0,0.9330708661417323,0.7170900692840647,0.8250804677128984,1.3011906120430599,1.3011906120430599,1.2159807968576675,1.2159807968576675,0.7219730941704036,0.8314855875831486,0.7767293408767761,0.8682929745889386,0.8682929745889386,0.890487506587255,0.890487506587255,0.7567221510883483,0.7876106194690266,0.7721663852786874,None,None,1.0,None,None,1.0,0.06692913385826771,0.2829099307159353,0.1749195322871015,0.23657399967861162,0.23657399967861162,0.7840192031423324,0.7840192031423324,0.27802690582959644,0.1685144124168514,0.2232706591232239,1.6498701911730005,1.6498701911730005,1.109512493412745,1.109512493412745,0.24327784891165172,0.21238938053097345,0.22783361472131258,None,None,1.0,None,None,1.0,0.6884057971014492,0.3792240300375469,0.5338149135694981,1.815301095326924,1.815301095326924,1.3091817670639023,1.3091817670639023,0.3681747269890796,0.5472972972972974,0.4577360121431885,0.6727143159800466,0.6727143159800466,0.8208774296917822,0.8208774296917822,0.3968926553672316,0.5109170305676856,0.4539048429674586,None,None,1.0,None,None,1.0,0.15306122448979592,0.44504504504504505,0.29905313476742046,0.34392299429893414,0.34392299429893414,0.7080161794447508,0.7080161794447508,0.45114503816793894,0.28112449799196787,0.3661347680799534,1.6047873500545256,1.6047873500545256,1.1700205401759711,1.1700205401759711,0.4143720617864338,0.323943661971831,0.3691578618791324,None,None,1.0,None,None,1.0,0.7166666666666667,0.6693657219973009,0.6930161943319838,1.0706653225806453,1.0706653225806453,1.0473009446693657,1.0473009446693657,0.6852791878172588,0.638095238095238,0.6616872129562484,1.0739449958330176,1.0739449958330176,1.0471839497220208,1.0471839497220208,0.6920583468395461,0.6086956521739131,0.6503769995067297,None,None,1.0,None,None,1.0,0.286144578313253,0.32792207792207795,0.3070333281176655,0.8725993081235834,0.8725993081235834,0.9582225003911751,0.9582225003911751,0.3282336578581363,0.3016759776536313,0.3149548177558838,1.0880337917890073,1.0880337917890073,1.026557680204505,1.026557680204505,0.32224770642201833,0.3046875,0.3134676032110092,None,None,1.0,None,None,1.0
GPyT_in_True,gpu=0,9,0.6869227029654837,0.5827107790821772,0.7741071428571429,0.2895987940630798,0.2895987940630798,0.4075847903411652,-0.13234068286942455,0.6808527915670772,0.7066326530612245,0.6822822822822823,0.6944574676717534,1.0356895839321645,1.0356895839321645,1.0243503707789423,1.0243503707789423,0.6928104575163399,0.675,0.68390522875817,1.02638586298717,1.02638586298717,1.0178104575163398,1.0178104575163398,0.6950032446463336,0.6627906976744186,0.6788969711603761,None,None,1.0,None,None,1.0,0.26811594202898553,0.6370463078848561,0.4525811249569208,0.42087355143646255,0.42087355143646255,0.6310696341441295,0.6310696341441295,0.6548148148148148,0.3969465648854962,0.5258806898501556,1.6496296296296298,1.6496296296296298,1.2578682499293188,1.2578682499293188,0.6224350205198358,0.441747572815534,0.532091296667685,None,None,1.0,None,None,1.0,0.9448818897637795,0.7240184757505773,0.8344501827571784,1.3050521794823495,1.3050521794823495,1.2208634140132022,1.2208634140132022,0.7293447293447294,0.8492822966507177,0.7893135129977236,0.8587777376509771,0.8587777376509771,0.8800624326940116,0.8800624326940116,0.7604938271604939,0.8096774193548387,0.7850856232576663,None,None,1.0,None,None,1.0,0.055118110236220486,0.2759815242494227,0.16554981724282158,0.19971666721576123,0.19971666721576123,0.7791365859867978,0.7791365859867978,0.2706552706552706,0.15071770334928225,0.21068648700227643,1.795776240220685,1.795776240220685,1.1199375673059884,1.1199375673059884,0.23950617283950615,0.19032258064516128,0.2149143767423337,None,None,1.0,None,None,1.0,0.7318840579710144,0.36295369211514394,0.5474188750430792,2.0164667666166913,2.0164667666166913,1.3689303658558705,1.3689303658558705,0.34518518518518515,0.6030534351145038,0.4741193101498445,0.5723956868260666,0.5723956868260666,0.7421317500706813,0.7421317500706813,0.3775649794801642,0.558252427184466,0.4679087033323151,None,None,1.0,None,None,1.0,0.13010204081632654,0.44924924924924925,0.28967564503278787,0.2895987940630798,0.2895987940630798,0.6808527915670772,0.6808527915670772,0.4589687726942629,0.24558823529411763,0.35227850399419025,1.868854882826939,1.868854882826939,1.2133805374001452,1.2133805374001452,0.42115509409474366,0.29069767441860467,0.35592638425667417,None,None,1.0,None,None,1.0,0.7254901960784313,0.68048128342246,0.7029857397504456,1.066142763588736,1.066142763588736,1.0450089126559714,1.0450089126559714,0.6993670886075949,0.6227544910179641,0.6610607898127795,1.123022151898734,1.123022151898734,1.0766125975896308,1.0766125975896308,0.7010785824345146,0.6066666666666667,0.6538726245505906,None,None,1.0,None,None,1.0,0.2961876832844575,0.31624863685932386,0.3062181600718907,0.9365658812822328,0.9365658812822328,0.9799390464251336,0.9799390464251336,0.312751677852349,0.3079922027290448,0.3103719402906969,1.0154532325206014,1.0154532325206014,1.0047594751233042,1.0047594751233042,0.3094170403587444,0.31420765027322406,0.31181234531598423,None,None,1.0,None,None,1.0
GPyT_in_False,gpu=0,0,0.6665046183762762,0.5741728922091782,0.74375,0.7229700390794616,0.7229700390794616,0.08832807570977917,-0.043728334218361274,0.8826990255561684,0.6887755102040817,0.6612612612612613,0.6750183857326715,1.0416087415892787,1.0416087415892787,1.0275142489428204,1.0275142489428204,0.6602516654330126,0.6784702549575071,0.6693609601952599,0.9731475486340436,0.9731475486340436,0.9817814104755055,0.9817814104755055,0.668218085106383,0.6618444846292948,0.6650312848678389,None,None,1.0,None,None,1.0,0.4927536231884058,0.5882352941176471,0.5404944586530265,0.8376811594202899,0.8376811594202899,0.9045183290707588,0.9045183290707588,0.614329268292683,0.4804270462633452,0.5473781572780141,1.2787149954832882,1.2787149954832882,1.1339022220293378,1.1339022220293378,0.6056338028169014,0.47577092511013214,0.5407023639635168,None,None,1.0,None,None,1.0,0.7952755905511811,0.7286374133949192,0.7619565019730501,1.0914558818024134,1.0914558818024134,1.0666381771562619,1.0666381771562619,0.7035971223021583,0.8094117647058824,0.7565044435040204,0.8692697005186548,0.8692697005186548,0.8941853575962759,0.8941853575962759,0.7241813602015114,0.7914110429447853,0.7577962015731483,None,None,1.0,None,None,1.0,0.20472440944881887,0.27136258660508084,0.23804349802694985,0.7544312280113921,0.7544312280113921,0.933361822843738,0.933361822843738,0.2964028776978417,0.19058823529411761,0.24349555649597965,1.555200284217071,1.555200284217071,1.105814642403724,1.105814642403724,0.27581863979848864,0.20858895705521474,0.2422037984268517,None,None,1.0,None,None,1.0,0.5072463768115942,0.4117647058823529,0.4595055413469736,1.2318840579710146,1.2318840579710146,1.0954816709292414,1.0954816709292414,0.385670731707317,0.5195729537366548,0.4526218427219859,0.7422840795188773,0.7422840795188773,0.8660977779706622,0.8660977779706622,0.3943661971830986,0.5242290748898679,0.45929763603648327,None,None,1.0,None,None,1.0,0.30612244897959184,0.42342342342342343,0.36477293620150764,0.7229700390794616,0.7229700390794616,0.8826990255561684,0.8826990255561684,0.45077720207253885,0.3059490084985836,0.3783631052855612,1.4733736327000575,1.4733736327000575,1.1448281935739553,1.1448281935739553,0.4315159574468085,0.3182640144665461,0.37488998595667733,None,None,1.0,None,None,1.0,0.5666666666666667,0.6666666666666666,0.6166666666666667,0.85,0.85,0.9,0.9,0.6617405582922824,0.625,0.6433702791461412,1.0587848932676518,1.0587848932676518,1.0367405582922824,1.0367405582922824,0.662557781201849,0.6136363636363636,0.6380970724191064,None,None,1.0,None,None,1.0,0.25735294117647056,0.34270833333333334,0.300030637254902,0.750938673341677,0.750938673341677,0.9146446078431372,0.9146446078431372,0.34097035040431267,0.2979591836734694,0.31946476703889104,1.1443525458774877,1.1443525458774877,1.0430111667308433,1.0430111667308433,0.32748538011695905,0.3156498673740053,0.3215676237454822,None,None,1.0,None,None,1.0
GPyT_in_False,gpu=0,1,0.6806028196402528,0.5656350053361793,0.7767857142857143,0.6753002092367407,0.6753002092367407,0.12291889914011658,-0.040686695278969925,0.8687549794692652,0.6964285714285714,0.6768768768768769,0.6866527241527242,1.0288851565470907,1.0288851565470907,1.0195516945516945,1.0195516945516945,0.679136690647482,0.6836581709145427,0.6813974307810124,0.9933863435567336,0.9933863435567336,0.9954785197329393,0.9954785197329393,0.6841085271317829,0.6699410609037328,0.6770247940177578,None,None,1.0,None,None,1.0,0.45652173913043476,0.5844806007509387,0.5205011699406867,0.7810725258355833,0.7810725258355833,0.8720411383794962,0.8720411383794962,0.6154992548435171,0.4398496240601504,0.5276744394518338,1.399340186225432,1.399340186225432,1.1756496307833668,1.1756496307833668,0.5997229916897507,0.4511627906976744,0.5254428911937126,None,None,1.0,None,None,1.0,0.8267716535433071,0.7621247113163973,0.7944481824298522,1.0848246241947028,1.0848246241947028,1.0646469422269098,1.0646469422269098,0.7385257301808067,0.8453865336658354,0.791956131923321,0.8735953327507477,0.8735953327507477,0.8931391965149713,0.8931391965149713,0.7578692493946732,0.8299319727891157,0.7939006110918945,None,None,1.0,None,None,1.0,0.17322834645669294,0.23787528868360275,0.20555181757014784,0.7282317865606607,0.7282317865606607,0.9353530577730902,0.9353530577730902,0.2614742698191933,0.15461346633416462,0.20804386807667896,1.691148099959621,1.691148099959621,1.1068608034850287,1.1068608034850287,0.24213075060532685,0.17006802721088432,0.20609938890810559,None,None,1.0,None,None,1.0,0.5434782608695652,0.41551939924906134,0.47949883005931326,1.3079491880565741,1.3079491880565741,1.1279588616205038,1.1279588616205038,0.3845007451564829,0.5601503759398496,0.47232556054816627,0.6864241490713051,0.6864241490713051,0.8243503692166333,0.8243503692166333,0.40027700831024926,0.5488372093023256,0.47455710880628743,None,None,1.0,None,None,1.0,0.2729591836734694,0.4042042042042042,0.3385816939388368,0.6753002092367407,0.6753002092367407,0.8687549794692652,0.8687549794692652,0.43237410071942445,0.2683658170914543,0.35036995890543937,1.611137012177967,1.611137012177967,1.1640082836279702,1.1640082836279702,0.40891472868217055,0.2888015717092338,0.3488581501957022,None,None,1.0,None,None,1.0,0.5887850467289719,0.6939078751857355,0.6413464609573537,0.8485060737657347,0.8485060737657347,0.8948771715432364,0.8948771715432364,0.6871880199667221,0.6536312849162011,0.6704096524414616,1.051338936530284,1.051338936530284,1.0335567350505208,1.0335567350505208,0.684044233807267,0.6598639455782312,0.6719540896927492,None,None,1.0,None,None,1.0,0.2631578947368421,0.3346774193548387,0.2989176570458404,0.7863031071655041,0.7863031071655041,0.9284804753820034,0.9284804753820034,0.3269961977186312,0.305327868852459,0.3161620332855451,1.0709674126623627,1.0709674126623627,1.021668328866172,1.021668328866172,0.3158469945355191,0.3259668508287293,0.3209069226821242,None,None,1.0,None,None,1.0
GPyT_in_False,gpu=0,2,0.6781720952843947,0.5176093916755603,0.8125,0.6157751403691625,0.6157751403691625,0.23358878333010197,-0.02052581494677668,0.8599252313538028,0.6632653061224489,0.6816816816816816,0.6724734939020653,0.9729839072192754,0.9729839072192754,0.9815836244407673,0.9815836244407673,0.6723880597014925,0.6889818688981869,0.6806849642998397,0.97591546316998,0.97591546316998,0.9834061908033056,0.9834061908033056,0.6766666666666666,0.6822262118491921,0.6794464392579294,None,None,1.0,None,None,1.0,0.34057971014492755,0.5481852315394243,0.44438247084217597,0.6212858182780755,0.6212858182780755,0.7923944786055033,0.7923944786055033,0.5640243902439024,0.4092526690391459,0.48663852964152415,1.3781813361611874,1.3781813361611874,1.1547717212047566,1.1547717212047566,0.5472496473906912,0.42543859649122806,0.4863441219409596,None,None,1.0,None,None,1.0,0.8385826771653543,0.8048498845265589,0.8217162808459566,1.0419119059185034,1.0419119059185034,1.0337327926387954,1.0337327926387954,0.7763157894736842,0.8692660550458715,0.8227909222597778,0.8930704068879323,0.8930704068879323,0.9070497344278127,0.9070497344278127,0.7926675094816688,0.8601823708206687,0.8264249401511687,None,None,1.0,None,None,1.0,0.16141732283464572,0.19515011547344108,0.1782837191540434,0.8271443880165871,0.8271443880165871,0.9662672073612046,0.9662672073612046,0.22368421052631582,0.1307339449541285,0.17720907774022215,1.7109879963065555,1.7109879963065555,1.0929502655721874,1.0929502655721874,0.20733249051833125,0.13981762917933127,0.17357505984883126,None,None,1.0,None,None,1.0,0.6594202898550725,0.45181476846057567,0.555617529157824,1.459492552892529,1.459492552892529,1.207605521394497,1.207605521394497,0.4359756097560976,0.5907473309608541,0.5133614703584759,0.7380069056714664,0.7380069056714664,0.8452282787952435,0.8452282787952435,0.45275035260930885,0.5745614035087719,0.5136558780590403,None,None,1.0,None,None,1.0,0.22448979591836735,0.36456456456456454,0.29452718024146596,0.6157751403691625,0.6157751403691625,0.8599252313538028,0.8599252313538028,0.3902985074626866,0.2398884239888424,0.31509346572576447,1.6270001735508506,1.6270001735508506,1.1504100834738442,1.1504100834738442,0.368,0.25673249551166966,0.3123662477558348,None,None,1.0,None,None,1.0,0.5340909090909091,0.7215815485996705,0.6278362288452898,0.7401670817766708,0.7401670817766708,0.8125093604912386,0.8125093604912386,0.7074569789674953,0.6686046511627907,0.688030815065143,1.0581095685426887,1.0581095685426887,1.0388523278047046,1.0388523278047046,0.7028985507246377,0.6783216783216783,0.690610114523158,None,None,1.0,None,None,1.0,0.2993421052631579,0.34120982986767484,0.3202759675654164,0.8772962530981193,0.8772962530981193,0.9581322753954831,0.9581322753954831,0.35006119951040393,0.30458715596330277,0.32732417773685335,1.1492973116456031,1.1492973116456031,1.045474043547101,1.045474043547101,0.33860759493670883,0.3164251207729469,0.32751635785482786,None,None,1.0,None,None,1.0
GPyT_in_False,gpu=0,3,0.6713660670879922,0.48986125933831376,0.8232142857142857,0.58053368406186,0.58053368406186,0.1184288393833315,-0.06244065843797007,0.8543834650977508,0.7270408163265306,0.6582582582582582,0.6926495372923944,1.104491751079994,1.104491751079994,1.0687825580682724,1.0687825580682724,0.674435542607429,0.6652046783625731,0.669820110485001,1.0138767277878713,1.0138767277878713,1.0092308642448558,1.0092308642448558,0.68122555410691,0.6424474187380497,0.6618364864224798,None,None,1.0,None,None,1.0,0.39855072463768115,0.5056320400500626,0.45209138234387186,0.7882228440235328,0.7882228440235328,0.8929186845876186,0.8929186845876186,0.5508982035928144,0.3382899628252788,0.4445940832090466,1.6284793051260118,1.6284793051260118,1.2126082407675356,1.2126082407675356,0.5354659248956884,0.3394495412844037,0.4374577330900461,None,None,1.0,None,None,1.0,0.905511811023622,0.7990762124711316,0.8522940117473767,1.1331983068590414,1.1331983068590414,1.1064355985524905,1.1064355985524905,0.7914893617021277,0.8771084337349397,0.8342988977185337,0.9023848491933599,0.9023848491933599,0.914380927967188,0.914380927967188,0.8098159509202454,0.8590163934426229,0.8344161721814342,None,None,1.0,None,None,1.0,0.09448818897637801,0.2009237875288684,0.1477059882526232,0.4702688026065709,0.4702688026065709,0.8935644014475096,0.8935644014475096,0.2085106382978723,0.12289156626506026,0.16570110228146628,1.6967042136003332,1.6967042136003332,1.085619072032812,1.085619072032812,0.1901840490797546,0.14098360655737707,0.16558382781856584,None,None,1.0,None,None,1.0,0.6014492753623188,0.49436795994993743,0.5479086176561281,1.2166024582645385,1.2166024582645385,1.1070813154123815,1.1070813154123815,0.4491017964071856,0.6617100371747212,0.5554059167909534,0.6786987822108591,0.6786987822108591,0.7873917592324644,0.7873917592324644,0.46453407510431155,0.6605504587155964,0.562542266909954,None,None,1.0,None,None,1.0,0.20153061224489796,0.3471471471471472,0.27433887969602255,0.58053368406186,0.58053368406186,0.8543834650977508,0.8543834650977508,0.37509104151493083,0.20760233918128654,0.2913466903481087,1.806776566170512,1.806776566170512,1.1674887023336442,1.1674887023336442,0.3520208604954368,0.2237093690248566,0.2878651147601467,None,None,1.0,None,None,1.0,0.6962025316455697,0.698961937716263,0.6975822346809164,0.9960521368592555,0.9960521368592555,0.9972405939293066,0.9972405939293066,0.7145631067961165,0.6408450704225352,0.6777040886093258,1.1150325402752586,1.1150325402752586,1.0737180363735812,1.0737180363735812,0.7129629629629629,0.6324786324786325,0.6727207977207976,None,None,1.0,None,None,1.0,0.26517571884984026,0.36338546458141674,0.3142805917156285,0.7297367250374085,0.7297367250374085,0.9017902542684235,0.9017902542684235,0.34965034965034963,0.3284132841328413,0.33903181689159545,1.0646656714072444,1.0646656714072444,1.0212370655175083,1.0212370655175083,0.33601609657947684,0.35467980295566504,0.34534794976757094,None,None,1.0,None,None,1.0
GPyT_in_False,gpu=0,4,0.6655323286339329,0.5080042689434365,0.7973214285714286,0.560854776693286,0.560854776693286,0.22375071055759388,-0.051151447970070665,0.8362107004964148,0.6785714285714286,0.6624624624624624,0.6705169455169455,1.0243167983421837,1.0243167983421837,1.0161089661089662,1.0161089661089662,0.6776556776556777,0.6416184971098265,0.6596370873827522,1.0561660561660562,1.0561660561660562,1.036037180545851,1.036037180545851,0.6775884665792923,0.6308851224105462,0.6542367944949192,None,None,1.0,None,None,1.0,0.34057971014492755,0.5369211514392991,0.4387504307921133,0.6343197864936996,0.6343197864936996,0.8036585587056284,0.8036585587056284,0.5764525993883792,0.3498233215547703,0.46313796047157474,1.64783924875668,1.64783924875668,1.226629277833609,1.226629277833609,0.5555555555555556,0.3584070796460177,0.45698131760078664,None,None,1.0,None,None,1.0,0.8622047244094488,0.7782909930715936,0.8202478587405212,1.1078179396714876,1.1078179396714876,1.0839137313378553,1.0839137313378553,0.770745428973277,0.843520782396088,0.8071331056846824,0.9137242911596242,0.9137242911596242,0.9272246465771891,0.9272246465771891,0.7840490797546013,0.8327868852459016,0.8084179825002514,None,None,1.0,None,None,1.0,0.13779527559055116,0.22170900692840645,0.1797521412594788,0.6215141076115485,0.6215141076115485,0.9160862686621447,0.9160862686621447,0.22925457102672298,0.15647921760391204,0.1928668943153175,1.465079992967651,1.465079992967651,1.072775353422811,1.072775353422811,0.21595092024539875,0.1672131147540984,0.19158201749974857,None,None,1.0,None,None,1.0,0.6594202898550725,0.4630788485607009,0.5612495692078867,1.4239913826870347,1.4239913826870347,1.1963414412943716,1.1963414412943716,0.4235474006116208,0.6501766784452296,0.5368620395284252,0.6514343172450472,0.6514343172450472,0.7733707221663911,0.7733707221663911,0.4444444444444444,0.6415929203539823,0.5430186823992134,None,None,1.0,None,None,1.0,0.20918367346938777,0.372972972972973,0.2910783232211804,0.560854776693286,0.560854776693286,0.8362107004964148,0.8362107004964148,0.3956043956043956,0.23554913294797689,0.31557676427618625,1.6794984156947346,1.6794984156947346,1.1600552626564187,1.1600552626564187,0.37418086500655307,0.24858757062146894,0.311384217814011,None,None,1.0,None,None,1.0,0.573170731707317,0.6908212560386473,0.6319959938729822,0.8296946955483541,0.8296946955483541,0.8823494756686697,0.8823494756686697,0.6981481481481482,0.6073619631901841,0.6527550556691661,1.1494762439206883,1.1494762439206883,1.090786184957964,1.090786184957964,0.691768826619965,0.6136363636363636,0.6527025951281643,None,None,1.0,None,None,1.0,0.29354838709677417,0.3544061302681992,0.3239772586824867,0.8282824760244114,0.8282824760244114,0.939142256828575,0.939142256828575,0.33575757575757575,0.34782608695652173,0.3417918313570487,0.9653030303030303,0.9653030303030303,0.987931488801054,0.987931488801054,0.3308900523560209,0.3634085213032581,0.3471492868296395,None,None,1.0,None,None,1.0
GPyT_in_False,gpu=0,5,0.6728245017015071,0.5485592315901814,0.7767857142857143,0.6767559072187297,0.6767559072187297,0.15178914615173428,-0.031237056468314213,0.8720613470613471,0.6760204081632653,0.6720720720720721,0.6740462401176687,1.0058748700552607,1.0058748700552607,1.0039483360911932,1.0039483360911932,0.6779279279279279,0.663448275862069,0.6706881018949984,1.0218248393924068,1.0218248393924068,1.0144796520658588,1.0144796520658588,0.6748344370860927,0.6672760511882998,0.6710552441371962,None,None,1.0,None,None,1.0,0.42028985507246375,0.5707133917396746,0.4955016234060692,0.7364289346554792,0.7364289346554792,0.8495764633327891,0.8495764633327891,0.595679012345679,0.4429065743944637,0.5192927933700713,1.3449315200617282,1.3449315200617282,1.1527724379512154,1.1527724379512154,0.574438202247191,0.4666666666666667,0.5205524344569288,None,None,1.0,None,None,1.0,0.8149606299212598,0.7655889145496536,0.7902747722354567,1.0644885452666832,1.0644885452666832,1.0493717153716062,1.0493717153716062,0.7558479532163743,0.8096330275229358,0.7827404903696551,0.9335685767771649,0.9335685767771649,0.9462149256934386,0.9462149256934386,0.7644110275689223,0.8074534161490683,0.7859322218589953,None,None,1.0,None,None,1.0,0.18503937007874016,0.2344110854503464,0.20972522776454328,0.7893797758038867,0.7893797758038867,0.9506282846283938,0.9506282846283938,0.24415204678362568,0.19036697247706424,0.21725950963034496,1.2825336433453105,1.2825336433453105,1.0537850743065613,1.0537850743065613,0.23558897243107768,0.1925465838509317,0.2140677781410047,None,None,1.0,None,None,1.0,0.5797101449275363,0.4292866082603254,0.5044983765939308,1.3504035154434446,1.3504035154434446,1.1504235366672109,1.1504235366672109,0.404320987654321,0.5570934256055363,0.48070720662992866,0.7257687293919178,0.7257687293919178,0.8472275620487847,0.8472275620487847,0.425561797752809,0.5333333333333333,0.47944756554307116,None,None,1.0,None,None,1.0,0.26785714285714285,0.39579579579579577,0.3318264693264693,0.6767559072187297,0.6767559072187297,0.8720613470613471,0.8720613470613471,0.41516516516516516,0.2910344827586207,0.35309982396189293,1.4265153779371789,1.4265153779371789,1.1241306824065445,1.1241306824065445,0.39536423841059604,0.3053016453382084,0.3503329418744022,None,None,1.0,None,None,1.0,0.5523809523809524,0.6919575113808801,0.6221692318809162,0.7982873851294904,0.7982873851294904,0.8604234410000723,0.8604234410000723,0.6980108499095841,0.6066350710900474,0.6523229604998158,1.1506272603978298,1.1506272603978298,1.0913757788195366,1.0913757788195366,0.6850921273031826,0.6287425149700598,0.6569173211366213,None,None,1.0,None,None,1.0,0.2787456445993031,0.34095427435387676,0.30984995947658994,0.8175455348889181,0.8175455348889181,0.9377913702454264,0.9377913702454264,0.3363286264441592,0.3132295719844358,0.3247790992142975,1.0737448074055764,1.0737448074055764,1.0230990544597234,1.0230990544597234,0.33187294633077763,0.3157894736842105,0.32383121000749404,None,None,1.0,None,None,1.0
GPyT_in_False,gpu=0,6,0.681575109382596,0.5741728922091782,0.7714285714285715,0.5566457352171638,0.5566457352171638,0.24507433652910943,-0.05461219169153714,0.8130722559293988,0.673469387755102,0.6834834834834835,0.6784764356192927,0.9853484451777195,0.9853484451777195,0.9899859042716185,0.9899859042716185,0.6936802973977695,0.6587078651685393,0.6761940812831544,1.0530924770729464,1.0530924770729464,1.0349724322292302,1.0349724322292302,0.6875834445927904,0.6654740608228981,0.6765287527078443,None,None,1.0,None,None,1.0,0.3695652173913043,0.609511889862328,0.48953855362681614,0.6063297919828586,0.6063297919828586,0.7600533275289764,0.7600533275289764,0.6452095808383234,0.39776951672862454,0.521489548783474,1.6220689462197102,1.6220689462197102,1.2474400641096988,1.2474400641096988,0.6170798898071626,0.4265402843601896,0.521810087083676,None,None,1.0,None,None,1.0,0.8385826771653543,0.7517321016166282,0.7951573893909912,1.1155339453536048,1.1155339453536048,1.086850575548726,1.086850575548726,0.741506646971935,0.8171557562076749,0.779331201589805,0.9074238801341636,0.9074238801341636,0.9243508907642601,0.9243508907642601,0.7538860103626943,0.8103448275862069,0.7821154189744506,None,None,1.0,None,None,1.0,0.16141732283464572,0.24826789838337182,0.20484261060900877,0.6501739608130381,0.6501739608130381,0.9131494244512739,0.9131494244512739,0.258493353028065,0.1828442437923251,0.22066879841019504,1.4137352517460833,1.4137352517460833,1.0756491092357399,1.0756491092357399,0.24611398963730569,0.18965517241379315,0.21788458102554942,None,None,1.0,None,None,1.0,0.6304347826086957,0.39048811013767204,0.5104614463731838,1.6144788182831664,1.6144788182831664,1.2399466724710235,1.2399466724710235,0.35479041916167664,0.6022304832713754,0.478510451216526,0.5891273009536483,0.5891273009536483,0.7525599358903012,0.7525599358903012,0.38292011019283745,0.5734597156398105,0.47818991291632396,None,None,1.0,None,None,1.0,0.23469387755102042,0.42162162162162165,0.32815774958632105,0.5566457352171638,0.5566457352171638,0.8130722559293988,0.8130722559293988,0.45055762081784384,0.2640449438202247,0.35730128231903424,1.706367159693111,1.706367159693111,1.186512676997619,1.186512676997619,0.4259012016021362,0.27906976744186046,0.35248548452199835,None,None,1.0,None,None,1.0,0.5543478260869565,0.6937321937321937,0.6240400099095751,0.7990804392464959,0.7990804392464959,0.8606156323547628,0.8606156323547628,0.7112211221122112,0.5691489361702128,0.640185029141212,1.24962215847753,1.24962215847753,1.1420721859419984,1.1420721859419984,0.7021943573667712,0.5769230769230769,0.639558717144924,None,None,1.0,None,None,1.0,0.29,0.32398753894080995,0.30699376947040496,0.8950961538461538,0.8950961538461538,0.96601246105919,0.96601246105919,0.32070365358592695,0.30916030534351147,0.3149319794647192,1.0373377436976896,1.0373377436976896,1.0115433482424154,1.0115433482424154,0.32325581395348835,0.3002481389578164,0.31175197645565234,None,None,1.0,None,None,1.0
GPyT_in_False,gpu=0,7,0.6713660670879922,0.5058697972251868,0.8098214285714286,0.5597955821537841,0.5597955821537841,0.23283725396063373,-0.04389372578886523,0.8395170680884967,0.6785714285714286,0.6696696696696697,0.6741205491205491,1.0132927610506086,1.0132927610506086,1.008901758901759,1.008901758901759,0.6904231625835189,0.6352112676056338,0.6628172150945764,1.08691894774789,1.08691894774789,1.055211894977885,1.055211894977885,0.6834104428288169,0.6378676470588235,0.6606390449438202,None,None,1.0,None,None,1.0,0.3333333333333333,0.5356695869837297,0.4345014601585315,0.6222741433021807,0.6222741433021807,0.7976637463496037,0.7976637463496037,0.5891238670694864,0.3054545454545455,0.44728920626201596,1.9286793267155802,1.9286793267155802,1.2836693216149409,1.2836693216149409,0.5580110497237569,0.3286384976525822,0.4433247736881696,None,None,1.0,None,None,1.0,0.8661417322834646,0.7933025404157044,0.8297221363495845,1.091817671262708,1.091817671262708,1.0728391918677602,1.0728391918677602,0.7883211678832117,0.8436781609195402,0.815999664401376,0.9343861254201556,0.9343861254201556,0.9446430069636715,0.9446430069636715,0.7984790874524715,0.8368580060422961,0.8176685467473839,None,None,1.0,None,None,1.0,0.13385826771653542,0.20669745958429564,0.17027786365041553,0.6476048035894952,0.6476048035894952,0.9271608081322398,0.9271608081322398,0.21167883211678828,0.15632183908045982,0.18400033559862405,1.354121940747101,1.354121940747101,1.0553569930363285,1.0553569930363285,0.20152091254752846,0.1631419939577039,0.18233145325261618,None,None,1.0,None,None,1.0,0.6666666666666667,0.4643304130162703,0.5654985398414685,1.4357592093441152,1.4357592093441152,1.2023362536503965,1.2023362536503965,0.4108761329305136,0.6945454545454546,0.552710793737984,0.5915755840622577,0.5915755840622577,0.716330678385059,0.716330678385059,0.4419889502762431,0.6713615023474178,0.5566752263118304,None,None,1.0,None,None,1.0,0.20408163265306123,0.36456456456456454,0.2843230986088129,0.5597955821537841,0.5597955821537841,0.8395170680884967,0.8395170680884967,0.39717891610987377,0.2140845070422535,0.3056317115760636,1.8552436213027,1.8552436213027,1.1830944090676203,1.1830944090676203,0.3721083939193655,0.22794117647058823,0.3000247851949769,None,None,1.0,None,None,1.0,0.575,0.7051070840197694,0.6400535420098847,0.8154789719626168,0.8154789719626168,0.8698929159802306,0.8698929159802306,0.7289719626168224,0.5526315789473685,0.6408017707820954,1.3190921228304404,1.3190921228304404,1.176340383669454,1.176340383669454,0.7175843694493783,0.5645161290322581,0.6410502492408182,None,None,1.0,None,None,1.0,0.2948717948717949,0.3506616257088847,0.32276671029033976,0.8409012371276522,0.8409012371276522,0.9442101691629101,0.9442101691629101,0.33497536945812806,0.34229390681003585,0.33863463813408196,0.9786191421865731,0.9786191421865731,0.9926814626480922,0.9926814626480922,0.3368421052631579,0.3404761904761905,0.3386591478696742,None,None,1.0,None,None,1.0
GPyT_in_False,gpu=0,8,0.6655323286339329,0.5240128068303095,0.7839285714285714,0.6710029983557404,0.6710029983557404,0.1168541641297526,-0.04399945665708267,0.8749218606361464,0.6938775510204082,0.6588588588588589,0.6763682049396336,1.0531505218313397,1.0531505218313397,1.0350186921615494,1.0350186921615494,0.6694656488549618,0.6586345381526104,0.6640500935037861,1.0164447961273506,1.0164447961273506,1.0108311107023513,1.0108311107023513,0.6736064472800537,0.6443661971830986,0.6589863222315762,None,None,1.0,None,None,1.0,0.427536231884058,0.5406758448060075,0.48410603834503274,0.7907440955448202,0.7907440955448202,0.8868603870780505,0.8868603870780505,0.5850234009360374,0.3918918918918919,0.48845764641396466,1.492818333422992,1.492818333422992,1.1931315090441457,1.1931315090441457,0.5649717514124294,0.39737991266375544,0.48117583203809244,None,None,1.0,None,None,1.0,0.8385826771653543,0.7678983833718245,0.8032405302685894,1.0920490201882658,1.0920490201882658,1.07068429379353,1.07068429379353,0.750373692077728,0.8337028824833703,0.7920382872805491,0.900049295550679,0.900049295550679,0.9166708095943576,0.9166708095943576,0.7720870678617158,0.8112094395280236,0.7916482536948697,None,None,1.0,None,None,1.0,0.16141732283464572,0.23210161662817552,0.19675946973141062,0.695459709327379,0.695459709327379,0.9293157062064702,0.9293157062064702,0.24962630792227203,0.16629711751662968,0.20796171271945085,1.5010861983059294,1.5010861983059294,1.0833291904056424,1.0833291904056424,0.22791293213828423,0.1887905604719764,0.20835174630513031,None,None,1.0,None,None,1.0,0.572463768115942,0.4593241551939925,0.5158939616549673,1.2463175769063697,1.2463175769063697,1.1131396129219495,1.1131396129219495,0.41497659906396256,0.6081081081081081,0.5115423535860353,0.6824059629051829,0.6824059629051829,0.8068684909558544,0.8068684909558544,0.4350282485875706,0.6026200873362446,0.5188241679619077,None,None,1.0,None,None,1.0,0.25510204081632654,0.3801801801801802,0.3176411104982534,0.6710029983557404,0.6710029983557404,0.8749218606361464,0.8749218606361464,0.41374045801526715,0.2556894243641232,0.33471494118969514,1.6181367651173013,1.6181367651173013,1.158051033651144,1.158051033651144,0.38817998656816655,0.272887323943662,0.33053365525591427,None,None,1.0,None,None,1.0,0.59,0.6824644549763034,0.6362322274881517,0.8645138888888888,0.8645138888888888,0.9075355450236966,0.9075355450236966,0.6918819188191881,0.6073298429319371,0.6496058808755627,1.1392193663315944,1.1392193663315944,1.084552075887251,1.084552075887251,0.6920415224913494,0.5870967741935483,0.6395691483424488,None,None,1.0,None,None,1.0,0.2705479452054795,0.3556201550387597,0.3130840501221196,0.7607778731663619,0.7607778731663619,0.9149277901667198,0.9149277901667198,0.3463541666666667,0.3237410071942446,0.33504758693045567,1.0698495370370371,1.0698495370370371,1.0226131594724222,1.0226131594724222,0.3380900109769484,0.3341404358353511,0.33611522340614974,None,None,1.0,None,None,1.0
GPyT_in_False,gpu=0,9,0.6771998055420515,0.5506937033084311,0.7830357142857143,0.6894787011282308,0.6894787011282308,0.11689098850164903,-0.03541924060146096,0.8782159710731139,0.6938775510204082,0.6732732732732732,0.6835754121468407,1.030603142238162,1.030603142238162,1.020604277747135,1.020604277747135,0.6739288307915758,0.6838235294117647,0.6788761801016703,0.985530333200584,0.985530333200584,0.9901053013798111,0.9901053013798111,0.6774821544451655,0.6763565891472868,0.6769193717962261,None,None,1.0,None,None,1.0,0.4492753623188406,0.5682102628285357,0.5087428125736881,0.7906850539487965,0.7906850539487965,0.8810650994903049,0.8810650994903049,0.6088888888888889,0.40076335877862596,0.5048261238337575,1.5193227513227514,1.5193227513227514,1.208125530110263,1.208125530110263,0.5896032831737346,0.41262135922330095,0.5011123211985178,None,None,1.0,None,None,1.0,0.8267716535433071,0.7702078521939953,0.7984897528686512,1.073439658123694,1.073439658123694,1.0565638013493117,1.0565638013493117,0.7364672364672364,0.861244019138756,0.7988556278029962,0.8551202912314022,0.8551202912314022,0.8752232173284804,0.8752232173284804,0.7567901234567901,0.8516129032258064,0.8042015133412983,None,None,1.0,None,None,1.0,0.17322834645669294,0.22979214780600465,0.2015102471313488,0.7538479800577692,0.7538479800577692,0.9434361986506883,0.9434361986506883,0.26353276353276356,0.13875598086124397,0.20114437219700376,1.8992533647706071,1.8992533647706071,1.1247767826715196,1.1247767826715196,0.2432098765432099,0.1483870967741936,0.19579848665870175,None,None,1.0,None,None,1.0,0.5507246376811594,0.4317897371714643,0.49125718742631186,1.2754463348036127,1.2754463348036127,1.1189349005096951,1.1189349005096951,0.3911111111111111,0.5992366412213741,0.4951738761662426,0.6526822363765038,0.6526822363765038,0.791874469889737,0.791874469889737,0.41039671682626544,0.587378640776699,0.4988876788014822,None,None,1.0,None,None,1.0,0.27040816326530615,0.3921921921921922,0.3313001777287492,0.6894787011282308,0.6894787011282308,0.8782159710731139,0.8782159710731139,0.4328249818445897,0.23970588235294119,0.3362654320987654,1.8056502310081042,1.8056502310081042,1.1931190994916485,1.1931190994916485,0.40752757949383517,0.25387596899224807,0.3307017742430416,None,None,1.0,None,None,1.0,0.5849056603773585,0.6952526799387443,0.6400791701580514,0.8412850137145707,0.8412850137145707,0.8896529804386142,0.8896529804386142,0.6895973154362416,0.6441717791411042,0.6668845472886729,1.0705177372962609,1.0705177372962609,1.0454255362951375,1.0454255362951375,0.6863057324840764,0.648854961832061,0.6675803471580688,None,None,1.0,None,None,1.0,0.26573426573426573,0.3409090909090909,0.30332167832167833,0.7794871794871795,0.7794871794871795,0.9248251748251748,0.9248251748251748,0.3380281690140845,0.3036750483558994,0.32085160868499196,1.1131246075177177,1.1131246075177177,1.034353120658185,1.034353120658185,0.32858707557502737,0.3142857142857143,0.3214363949303708,None,None,1.0,None,None,1.0
