algorithm,params,run-id,accuracy,TPR,TNR,BCR,MCC,DIbinary,DIavgall,CV,0-accuracy,1-accuracy,race-accuracy,0-accuracy_over_1-accuracy,race-accuracyRatio,diff:1-accuracyto0-accuracy,race-accuracyDiff,0-accuracy,1-accuracy,sex-accuracy,0-accuracy_over_1-accuracy,sex-accuracyRatio,diff:1-accuracyto0-accuracy,sex-accuracyDiff,0-accuracy,1-accuracy,race-sex-accuracy,0-accuracy_over_1-1-accuracy,1-accuracy_over_1-1-accuracy,race-sex-accuracyRatio,diff:1-1-accuracyto0-accuracy,diff:1-1-accuracyto1-accuracy,race-sex-accuracyDiff,0-TPR,1-TPR,race-TPR,0-TPR_over_1-TPR,race-TPRRatio,diff:1-TPRto0-TPR,race-TPRDiff,0-TPR,1-TPR,sex-TPR,0-TPR_over_1-TPR,sex-TPRRatio,diff:1-TPRto0-TPR,sex-TPRDiff,0-TPR,1-TPR,race-sex-TPR,0-TPR_over_1-1-TPR,1-TPR_over_1-1-TPR,race-sex-TPRRatio,diff:1-1-TPRto0-TPR,diff:1-1-TPRto1-TPR,race-sex-TPRDiff,0-TNR,1-TNR,race-TNR,0-TNR_over_1-TNR,race-TNRRatio,diff:1-TNRto0-TNR,race-TNRDiff,0-TNR,1-TNR,sex-TNR,0-TNR_over_1-TNR,sex-TNRRatio,diff:1-TNRto0-TNR,sex-TNRDiff,0-TNR,1-TNR,race-sex-TNR,0-TNR_over_1-1-TNR,1-TNR_over_1-1-TNR,race-sex-TNRRatio,diff:1-1-TNRto0-TNR,diff:1-1-TNRto1-TNR,race-sex-TNRDiff,0-FPR,1-FPR,race-FPR,0-FPR_over_1-FPR,race-FPRRatio,diff:1-FPRto0-FPR,race-FPRDiff,0-FPR,1-FPR,sex-FPR,0-FPR_over_1-FPR,sex-FPRRatio,diff:1-FPRto0-FPR,sex-FPRDiff,0-FPR,1-FPR,race-sex-FPR,0-FPR_over_1-1-FPR,1-FPR_over_1-1-FPR,race-sex-FPRRatio,diff:1-1-FPRto0-FPR,diff:1-1-FPRto1-FPR,race-sex-FPRDiff,0-FNR,1-FNR,race-FNR,0-FNR_over_1-FNR,race-FNRRatio,diff:1-FNRto0-FNR,race-FNRDiff,0-FNR,1-FNR,sex-FNR,0-FNR_over_1-FNR,sex-FNRRatio,diff:1-FNRto0-FNR,sex-FNRDiff,0-FNR,1-FNR,race-sex-FNR,0-FNR_over_1-1-FNR,1-FNR_over_1-1-FNR,race-sex-FNRRatio,diff:1-1-FNRto0-FNR,diff:1-1-FNRto1-FNR,race-sex-FNRDiff,0-calibration+,1-calibration+,race-calibration+,0-calibration+_over_1-calibration+,race-calibration+Ratio,diff:1-calibration+to0-calibration+,race-calibration+Diff,0-calibration+,1-calibration+,sex-calibration+,0-calibration+_over_1-calibration+,sex-calibration+Ratio,diff:1-calibration+to0-calibration+,sex-calibration+Diff,0-calibration+,1-calibration+,race-sex-calibration+,0-calibration+_over_1-1-calibration+,1-calibration+_over_1-1-calibration+,race-sex-calibration+Ratio,diff:1-1-calibration+to0-calibration+,diff:1-1-calibration+to1-calibration+,race-sex-calibration+Diff,0-calibration-,1-calibration-,race-calibration-,0-calibration-_over_1-calibration-,race-calibration-Ratio,diff:1-calibration-to0-calibration-,race-calibration-Diff,0-calibration-,1-calibration-,sex-calibration-,0-calibration-_over_1-calibration-,sex-calibration-Ratio,diff:1-calibration-to0-calibration-,sex-calibration-Diff,0-calibration-,1-calibration-,race-sex-calibration-,0-calibration-_over_1-1-calibration-,1-calibration-_over_1-1-calibration-,race-sex-calibration-Ratio,diff:1-1-calibration-to0-calibration-,diff:1-1-calibration-to1-calibration-,race-sex-calibration-Diff
FairGP_input_True_fair_True,s_as_input=True;fair=True,0,0.8383727869504675,0.5924302788844622,0.9202014846235419,0.7563158817540021,0.5468662263651427,0.7068392947452018,0.7068392947452018,0.9309608244397458,0.8645980253878702,0.8340666975451598,0.849332361466515,1.0366053793210672,1.0366053793210672,1.0305313278427104,1.0305313278427104,0.9157509157509157,0.8009737385659487,0.8583623271584322,1.1432970541461975,1.1432970541461975,1.114777177184967,1.114777177184967,0.8969531830567253,0.7990693036396875,0.8480112433482064,None,None,1.0,None,None,1.0,0.7236842105263158,0.5793163891323401,0.651500299829328,1.249203758261008,1.249203758261008,1.1443678213939759,1.1443678213939759,0.7180156657963447,0.5698166431593794,0.643916154477862,1.2600819481425949,1.2600819481425949,1.1481990226369652,1.1481990226369652,0.7293906810035843,0.5532786885245902,0.6413346847640873,None,None,1.0,None,None,1.0,0.8915966386554622,0.9255587031790998,0.908577670917281,0.9633064176189094,0.9633064176189094,0.9660379354763624,0.9660379354763624,0.9419287936398203,0.9066867340356912,0.9243077638377557,1.0388690583871958,1.0388690583871958,1.035242059604129,1.035242059604129,0.9238286864041391,0.9170971709717097,0.9204629286879245,None,None,1.0,None,None,1.0,0.10840336134453776,0.07444129682090017,0.09142232908271897,1.4562261268143624,1.4562261268143624,1.0339620645236376,1.0339620645236376,0.058071206360179706,0.09331326596430878,0.07569223616224424,0.6223253013391606,0.6223253013391606,0.9647579403958709,0.9647579403958709,0.07617131359586093,0.08290282902829027,0.0795370713120756,None,None,1.0,None,None,1.0,0.2763157894736842,0.42068361086765993,0.34849970017067206,0.6568256578947368,0.6568256578947368,0.8556321786060243,0.8556321786060243,0.2819843342036553,0.4301833568406206,0.35608384552213795,0.6554980096734152,0.6554980096734152,0.8518009773630347,0.8518009773630347,0.2706093189964157,0.44672131147540983,0.3586653152359128,None,None,1.0,None,None,1.0,0.5612244897959183,0.7364902506963789,0.6488573702461486,0.7620256877334897,0.7620256877334897,0.8247342390995395,0.8247342390995395,0.6207674943566591,0.7363304981773997,0.6785489962670295,0.8430555245140767,0.8430555245140767,0.8844369961792594,0.8844369961792594,0.6056547619047619,0.7621736062103035,0.6839141840575327,None,None,1.0,None,None,1.0,0.05604982206405694,0.1403303610583248,0.09819009156119088,0.39941336743772243,0.39941336743772243,0.9157194610057321,0.9157194610057321,0.03812213201553124,0.17829306313328136,0.1082075975744063,0.21381724754503426,0.21381724754503426,0.8598290688822499,0.8598290688822499,0.04487369985141159,0.18956521739130436,0.11721945862135798,None,None,1.0,None,None,1.0
FairGP_input_True_fair_True,s_as_input=True;fair=True,1,0.4927392082753133,0.4940047961630695,0.4923199152542373,0.4931623557086534,-0.011825462810542677,0.9972861936446026,0.9972861936446026,0.9986299931952106,0.4992897727272727,0.49167244968771684,0.4954811112074948,1.0154926781933662,1.0154926781933662,1.0076173230395558,1.0076173230395558,0.49280245022970903,0.49270879363676534,0.4927556219332372,1.0001900850850507,1.0001900850850507,1.0000936565929437,1.0000936565929437,0.4950592885375494,0.4911754911754912,0.4931173898565203,None,None,1.0,None,None,1.0,0.48672566371681414,0.4947275922671353,0.49072662799197475,0.9838255866957984,0.9838255866957984,0.9919980714496788,0.9919980714496788,0.493573264781491,0.4940842404164695,0.49382875259898024,0.9989658127234583,0.9989658127234583,0.9994890243650215,0.9994890243650215,0.49466192170818507,0.49381443298969074,0.49423817734893793,None,None,1.0,None,None,1.0,0.5016920473773265,0.49058084772370486,0.49613644755051567,1.0226490693739425,1.0226490693739425,1.0111111996536217,1.0111111996536217,0.4926981919332406,0.49208725406330195,0.4923927229982713,1.001241523459293,1.001241523459293,1.0006109378699386,1.0006109378699386,0.4951233505450373,0.4899163797343827,0.49251986513971,None,None,1.0,None,None,1.0,0.49830795262267347,0.5094191522762952,0.5038635524494843,0.9781884925135377,0.9781884925135377,0.9888888003463783,0.9888888003463783,0.5073018080667594,0.5079127459366981,0.5076072770017288,0.9987971597979649,0.9987971597979649,0.9993890621300613,0.9993890621300613,0.5048766494549627,0.5100836202656174,0.50748013486029,None,None,1.0,None,None,1.0,0.5132743362831859,0.5052724077328647,0.5092733720080254,1.0158368603308965,1.0158368603308965,1.0080019285503212,1.0080019285503212,0.506426735218509,0.5059157595835305,0.5061712474010198,1.0010100014188115,1.0010100014188115,1.0005109756349784,1.0005109756349784,0.5053380782918149,0.5061855670103093,0.5057618226510621,None,None,1.0,None,None,1.0,0.15736766809728184,0.2576069549302219,0.20748731151375188,0.6108828394788801,0.6108828394788801,0.89976071316706,0.89976071316706,0.11629315566323441,0.30535244223457153,0.21082279894890296,0.3808489456059372,0.3808489456059372,0.8109407134286628,0.8109407134286628,0.1364082433758587,0.3159630606860158,0.22618565203093727,None,None,1.0,None,None,1.0,0.16361071932299012,0.26900584795321636,0.21630828363810323,0.6082050653093763,0.6082050653093763,0.8946048713697737,0.8946048713697737,0.12205700123915737,0.3172106824925816,0.21963384186586948,0.3847821273863053,0.3847821273863053,0.8048463187465758,0.8048463187465758,0.14129353233830846,0.3301950235373235,0.235744277937816,None,None,1.0,None,None,1.0
FairGP_input_True_fair_True,s_as_input=True;fair=True,2,0.8435448577680525,0.5525550477773161,0.9351379625997123,0.7438465051885141,0.5397996435543824,0.6577907786404845,0.6577907786404845,0.9278080747835741,0.8846153846153846,0.8367346938775511,0.8606750392464678,1.0572232645403377,1.0572232645403377,1.0478806907378335,1.0478806907378335,0.9187725631768953,0.8063893016344725,0.8625809324056839,1.1393660125632035,1.1393660125632035,1.1123832615424227,1.1123832615424227,0.90357317670093,0.802446380697051,0.8530097786989905,None,None,1.0,None,None,1.0,0.6650717703349283,0.5418562329390355,0.6034640016369819,1.2273952570916644,1.2273952570916644,1.1232155373958927,1.1232155373958927,0.6588921282798834,0.5348837209302325,0.596887924605058,1.2318418050449995,1.2318418050449995,1.1240084073496508,1.1240084073496508,0.6706114398422091,0.5210526315789473,0.5958320357105782,None,None,1.0,None,None,1.0,0.9221949221949222,0.9375972611266729,0.9298960916607975,0.9835725427426673,0.9835725427426673,0.9845976610682493,0.9845976610682493,0.9486749412948675,0.9264894984997857,0.9375822198973266,1.0239457034656145,1.0239457034656145,1.0221854427950818,1.0221854427950818,0.9365744621402626,0.933874139626352,0.9352243008833073,None,None,1.0,None,None,1.0,0.07780507780507784,0.062402738873327146,0.07010390833920249,1.2468215211357354,1.2468215211357354,1.0154023389317506,1.0154023389317506,0.05132505870513249,0.07351050150021432,0.062417780102673404,0.6982003612773999,0.6982003612773999,0.9778145572049182,0.9778145572049182,0.06342553785973737,0.06612586037364798,0.06477569911669268,None,None,1.0,None,None,1.0,0.33492822966507174,0.4581437670609645,0.3965359983630181,0.7310548647505737,0.7310548647505737,0.8767844626041073,0.8767844626041073,0.3411078717201166,0.4651162790697675,0.40311207539494204,0.7333819241982505,0.7333819241982505,0.8759915926503491,0.8759915926503491,0.32938856015779094,0.4789473684210527,0.4041679642894218,None,None,1.0,None,None,1.0,0.594017094017094,0.7481155778894473,0.6710663359532707,0.7940178116500535,0.7940178116500535,0.8459015161276467,0.8459015161276467,0.5963060686015831,0.7629578438147893,0.6796319562081862,0.7815714504225459,0.7815714504225459,0.8333482247867938,0.8333482247867938,0.599647266313933,0.7863383637807784,0.6929928150473557,None,None,1.0,None,None,1.0,0.05852842809364549,0.14320250284414107,0.10086546546889327,0.40871092984559587,0.40871092984559587,0.9153259252495044,0.9153259252495044,0.03972835314091681,0.18171493469619535,0.11072164391855607,0.2186300933786078,0.2186300933786078,0.8580134184447215,0.8580134184447215,0.04745666382495027,0.19324697387980463,0.12035181885237745,None,None,1.0,None,None,1.0
FairGP_input_True_fair_True,s_as_input=True;fair=True,3,0.8509051123930774,0.6649402390438247,0.912778366914104,0.7888593029789643,0.5928576216818602,0.4650509160697618,0.4650509160697618,0.8424008922861124,0.8970076548364648,0.843216896831844,0.8701122758341544,1.063792315128794,1.063792315128794,1.0537907580046209,1.0537907580046209,0.9209558823529411,0.8172312223858615,0.8690935523694013,1.1269220474277293,1.1269220474277293,1.1037246599670796,1.1037246599670796,0.9108960039712087,0.8107883817427386,0.8608421928569736,None,None,1.0,None,None,1.0,0.6875,0.6627296587926509,0.6751148293963254,1.0373762376237625,1.0373762376237625,1.0247703412073492,1.0247703412073492,0.65,0.6676056338028169,0.6588028169014084,0.9736286919831224,0.9736286919831224,0.9823943661971831,0.9823943661971831,0.676416819012797,0.6617422312786552,0.6690795251457261,None,None,1.0,None,None,1.0,0.9356966199505359,0.9083873005844258,0.9220419602674809,1.030063519545617,1.030063519545617,1.02730931936611,1.02730931936611,0.9566574202496533,0.8856223175965665,0.9211398689231098,1.0802092508755474,1.0802092508755474,1.0710351026530867,1.0710351026530867,0.9477311889718553,0.8828163466272771,0.9152737677995662,None,None,1.0,None,None,1.0,0.06430338004946412,0.09161269941557415,0.07795803973251914,0.7019046536088921,0.7019046536088921,0.97269068063389,0.97269068063389,0.04334257975034672,0.11437768240343349,0.0788601310768901,0.3789426297122246,0.3789426297122246,0.9289648973469132,0.9289648973469132,0.052268811028144735,0.11718365337272285,0.0847262322004338,None,None,1.0,None,None,1.0,0.3125,0.3372703412073491,0.32488517060367456,0.926556420233463,0.926556420233463,0.9752296587926509,0.9752296587926509,0.35,0.3323943661971831,0.34119718309859154,1.0529661016949152,1.0529661016949152,1.017605633802817,1.017605633802817,0.32358318098720296,0.33825776872134483,0.3309204748542739,None,None,1.0,None,None,1.0,0.6637931034482759,0.7231503579952268,0.6934717307217513,0.91791851598953,0.91791851598953,0.9406427454530492,0.9406427454530492,0.6639784946236559,0.7273657289002557,0.6956721117619558,0.9128536968982048,0.9128536968982048,0.9366127657234001,0.9366127657234001,0.6702898550724637,0.731830985915493,0.7010604204939783,None,None,1.0,None,None,1.0,0.058091286307053944,0.11821527138914444,0.08815327884809919,0.4914025542083085,0.4914025542083085,0.9398760149179095,0.9398760149179095,0.045988934993084374,0.14643226473629783,0.0962105998646911,0.31406285408412843,0.31406285408412843,0.8995566702567865,0.8995566702567865,0.05090595340811044,0.15623529411764706,0.10357062376287875,None,None,1.0,None,None,1.0
FairGP_input_True_fair_True,s_as_input=True;fair=True,4,0.5019892580067635,0.5024019215372297,0.501852832186342,0.5021273768617859,0.003677124067673631,0.9773031906887054,0.9773031906887054,0.9885640657309791,0.5144876325088339,0.4999421229308948,0.5072148777198644,1.0290943869515665,1.0290943869515665,1.014545509577939,1.014545509577939,0.5018281535648994,0.5020673360897815,0.5019477448273404,0.9995236046886761,0.9995236046886761,0.9997608174751179,0.9997608174751179,0.5019559902200489,0.5020120724346077,0.5019840313273283,None,None,1.0,None,None,1.0,0.5324675324675324,0.4993383325981473,0.5159029325328399,1.0663461979716395,1.0663461979716395,1.0331291998693852,1.0331291998693852,0.46134020618556704,0.5099526066350711,0.4856464064103191,0.9046727091557122,0.9046727091557122,0.9513875995504959,0.9513875995504959,0.4799301919720768,0.509090909090909,0.49451055053149295,None,None,1.0,None,None,1.0,0.5109797297297297,0.5001569365976145,0.5055683331636721,1.0216387944266827,1.0216387944266827,1.0108227931321152,1.0108227931321152,0.507256392536282,0.4984984984984985,0.5028774455173902,1.017568546473385,1.017568546473385,1.0087578940377835,1.0087578940377835,0.505544498151834,0.49863827680118844,0.5020913874765112,None,None,1.0,None,None,1.0,0.4890202702702703,0.4998430634023855,0.4944316668363279,0.9783476176333319,0.9783476176333319,0.9891772068678848,0.9891772068678848,0.49274360746371804,0.5015015015015015,0.4971225544826098,0.9825366544037012,0.9825366544037012,0.9912421059622165,0.9912421059622165,0.494455501848166,0.5013617231988116,0.4979086125234888,None,None,1.0,None,None,1.0,0.4675324675324676,0.5006616674018527,0.48409706746716014,0.9338291664282854,0.9338291664282854,0.9668708001306149,0.9668708001306149,0.538659793814433,0.49004739336492886,0.5143535935896809,1.099199385830226,1.099199385830226,1.048612400449504,1.048612400449504,0.5200698080279231,0.49090909090909096,0.505489449468507,None,None,1.0,None,None,1.0,0.1752136752136752,0.2622191336576326,0.2187164044356539,0.668195614750385,0.668195614750385,0.9129945415560425,0.9129945415560425,0.11152647975077881,0.3151728178090217,0.21334964877990026,0.3538581801757982,0.3538581801757982,0.7963536619417572,0.7963536619417572,0.1365441906653426,0.3261231281198003,0.23133365939257144,None,None,1.0,None,None,1.0,0.1514726507713885,0.26260990282276725,0.20704127679707787,0.5767971776510494,0.5767971776510494,0.8888627479486213,0.8888627479486213,0.12462731067382231,0.307921381774866,0.21627434622434416,0.40473743640492776,0.40473743640492776,0.8167059288989563,0.8167059288989563,0.14354527938342967,0.3193646502196688,0.23145496480154926,None,None,1.0,None,None,1.0
FairGP_input_True_fair_True,s_as_input=True;fair=True,5,0.4958225581857967,0.4663983903420523,0.5054828907385388,0.48594064054029557,-0.024266290869247756,0.9895494127316666,0.9895494127316666,0.9948831869677717,0.4881656804733728,0.49701218110779133,0.4925889307905821,0.9822006361801826,0.9822006361801826,0.9911534993655815,0.9911534993655815,0.5057821059038344,0.4909869976359338,0.4983845517698841,1.0301334013713968,1.0301334013713968,1.0147951082679008,1.0147951082679008,0.5018596578229606,0.49177877428998507,0.49681921605647283,None,None,1.0,None,None,1.0,0.4722222222222222,0.4658439841339797,0.469033103178101,1.0136917901818565,1.0136917901818565,1.0063782380882424,1.0063782380882424,0.44386422976501305,0.4705042816365366,0.4571842557007748,0.9433797886411096,0.9433797886411096,0.9733599481284765,0.9733599481284765,0.44990892531876137,0.47107438016528924,0.4604916527420253,None,None,1.0,None,None,1.0,0.49119718309859156,0.508005596144878,0.4996013896217347,0.9669129372317135,0.9669129372317135,0.9831915869537136,0.9831915869537136,0.5139510850843955,0.5002143163309044,0.5070827007076499,1.0274617664969106,1.0274617664969106,1.013736768753491,1.013736768753491,0.5100459242250287,0.5015911872705018,0.5058185557477652,None,None,1.0,None,None,1.0,0.5088028169014085,0.49199440385512205,0.5003986103782653,1.0341638297398927,1.0341638297398927,1.0168084130462864,1.0168084130462864,0.48604891491560454,0.4997856836690956,0.49291729929235006,0.9725146813877404,0.9725146813877404,0.9862632312465089,0.9862632312465089,0.4899540757749713,0.4984088127294982,0.49418144425223476,None,None,1.0,None,None,1.0,0.5277777777777778,0.5341560158660204,0.530966896821899,0.9880592225889254,0.9880592225889254,0.9936217619117574,0.9936217619117574,0.556135770234987,0.5294957183634634,0.5428157442992252,1.0503121195273517,1.0503121195273517,1.0266400518715235,1.0266400518715235,0.5500910746812386,0.5289256198347108,0.5395083472579747,None,None,1.0,None,None,1.0,0.15,0.25035528185693984,0.2001776409284699,0.5991485335856197,0.5991485335856197,0.8996447181430601,0.8996447181430601,0.10752688172043011,0.29780186690755794,0.20266437431399403,0.36106852800156564,0.36106852800156564,0.8097250148128722,0.8097250148128722,0.12640736949846468,0.3093622795115332,0.21788482450499896,None,None,1.0,None,None,1.0,0.16964285714285715,0.27053571428571427,0.2200892857142857,0.6270627062706271,0.6270627062706271,0.8991071428571429,0.8991071428571429,0.1249266862170088,0.3228894691035683,0.22390807766028856,0.386902324699038,0.386902324699038,0.8020372171134404,0.8020372171134404,0.14526214526214526,0.3332248616986658,0.23924350348040552,None,None,1.0,None,None,1.0
FairGP_input_True_fair_True,s_as_input=True;fair=True,6,0.8468271334792122,0.6258064516129033,0.919197253762873,0.7725018526878882,0.5716376378674478,0.5490848210793133,0.5490848210793133,0.8814368476128,0.8857938718662952,0.8403341842654908,0.863064028065893,1.054097153789524,1.054097153789524,1.0454596876008044,1.0454596876008044,0.9254734270006109,0.8088495575221238,0.8671614922613673,1.1441848714558975,1.1441848714558975,1.1166238694784871,1.1166238694784871,0.9105067985166873,0.8039607255782992,0.8572337620474932,None,None,1.0,None,None,1.0,0.6666666666666666,0.6217294900221729,0.6441980783444198,1.0722776985259153,1.0722776985259153,1.0449371766444937,1.0449371766444937,0.7093333333333334,0.6109263657957245,0.6601298495645289,1.161078278900985,1.161078278900985,1.098406967537609,1.098406967537609,0.7018181818181818,0.6041450777202072,0.6529816297691945,None,None,1.0,None,None,1.0,0.9265070189925682,0.9178060663209178,0.922156542656743,1.0094801647002931,1.0094801647002931,1.0087009526716504,1.0087009526716504,0.953432218006209,0.8979679144385027,0.9257000662223558,1.0617664647877625,1.0617664647877625,1.0554643035677063,1.0554643035677063,0.9433476394849786,0.8985045354253494,0.9209260874551639,None,None,1.0,None,None,1.0,0.07349298100743185,0.08219393367908223,0.07784345734325704,0.8941411819317182,0.8941411819317182,0.9912990473283496,0.9912990473283496,0.04656778199379097,0.10203208556149734,0.07429993377764416,0.4564033140900896,0.4564033140900896,0.9445356964322936,0.9445356964322936,0.05665236051502143,0.10149546457465064,0.07907391254483603,None,None,1.0,None,None,1.0,0.33333333333333337,0.3782705099778271,0.3558019216555802,0.8812035951543572,0.8812035951543572,0.9550628233555063,0.9550628233555063,0.29066666666666663,0.38907363420427554,0.3398701504354711,0.747073667073667,0.747073667073667,0.9015930324623911,0.9015930324623911,0.2981818181818182,0.3958549222797928,0.3470183702308055,None,None,1.0,None,None,1.0,0.6276150627615062,0.7283116883116884,0.6779633755365972,0.8617396546475745,0.8617396546475745,0.8993033744498179,0.8993033744498179,0.6633416458852868,0.7294384571752695,0.6963900515302781,0.9093867198256302,0.9093867198256302,0.9339031887100173,0.9339031887100173,0.660958904109589,0.7379746835443038,0.6994667938269464,None,None,1.0,None,None,1.0,0.06265664160401002,0.12744658598535782,0.09505161379468392,0.49163060053416074,0.49163060053416074,0.9352100556186522,0.9352100556186522,0.03793943612948138,0.16324496711181982,0.1005922016206506,0.23240799885422228,0.23240799885422228,0.8746944690176616,0.8746944690176616,0.047385148800924586,0.17249943553849628,0.10994229216971044,None,None,1.0,None,None,1.0
FairGP_input_True_fair_True,s_as_input=True;fair=True,7,0.8376765466481002,0.5570576540755467,0.9312906220984215,0.7441741380869842,0.5381945051341955,0.8435930124050923,0.8435930124050923,0.9681276967772998,0.8648459383753502,0.8331787618826803,0.8490123501290152,1.0380076616704843,1.0380076616704843,1.03166717649267,1.03166717649267,0.9119901870591843,0.8020020609450905,0.8569961240021374,1.137141949466417,1.137141949466417,1.1099881261140938,1.1099881261140938,0.8951375245579568,0.7985623537278502,0.8468499391429035,None,None,1.0,None,None,1.0,0.714859437751004,0.5397175639894086,0.6272885008702063,1.3245065297986716,1.3245065297986716,1.1751418737615955,1.1751418737615955,0.7322834645669292,0.5257731958762887,0.6290283302216089,1.3927744326076887,1.3927744326076887,1.2065102686906406,1.2065102686906406,0.7373913043478261,0.5036082474226804,0.6204997758852533,None,None,1.0,None,None,1.0,0.8965224766751484,0.9377358490566038,0.9171291628658761,0.9560501260318484,0.9560501260318484,0.9587866276185446,0.9587866276185446,0.9357638888888888,0.9285254346426272,0.932144661765758,1.0077956445523193,1.0077956445523193,1.0072384542462616,1.0072384542462616,0.9210752073205605,0.9401286491835725,0.9306019282520666,None,None,1.0,None,None,1.0,0.1034775233248516,0.06226415094339621,0.08287083713412391,1.6619117382476172,1.6619117382476172,1.0412133723814554,1.0412133723814554,0.06423611111111116,0.07147456535737284,0.067855338234242,0.8987268518518523,0.8987268518518523,0.9927615457537383,0.9927615457537383,0.07892479267943953,0.05987135081642747,0.0693980717479335,None,None,1.0,None,None,1.0,0.285140562248996,0.4602824360105914,0.3727114991297937,0.6194904257490171,0.6194904257490171,0.8248581262384046,0.8248581262384046,0.26771653543307083,0.4742268041237113,0.3709716697783911,0.5645326942827799,0.5645326942827799,0.7934897313093595,0.7934897313093595,0.26260869565217393,0.4963917525773196,0.37950022411474676,None,None,1.0,None,None,1.0,0.5933333333333334,0.7554045707226683,0.6743689520280008,0.7854510765876261,0.7854510765876261,0.8379287626106651,0.8379287626106651,0.6012931034482759,0.7711340206185567,0.6862135620334163,0.7797517517978979,0.7797517517978979,0.8301590828297192,0.8301590828297192,0.6057142857142858,0.8014766201804758,0.7035954529473808,None,None,1.0,None,None,1.0,0.06294326241134751,0.14885114885114886,0.10589720563124819,0.4228604407634822,0.4228604407634822,0.9140921135601987,0.9140921135601987,0.036467643904183056,0.1895841139003372,0.11302587890226012,0.1923560110281909,0.1923560110281909,0.8468835300038459,0.8468835300038459,0.04478054567022539,0.20218349779550704,0.12348202173286621,None,None,1.0,None,None,1.0
FairGP_input_True_fair_True,s_as_input=True;fair=True,8,0.8423513029639944,0.5506172839506173,0.9353357817418678,0.7429765328462425,0.539050669292622,0.73668736689789,0.73668736689789,0.9463549308206096,0.8837545126353791,0.8357365324720267,0.859745522553703,1.0574558826826916,1.0574558826826916,1.0480179801633525,1.0480179801633525,0.9138610858356081,0.8074589314784668,0.8606600086570375,1.1317740756948687,1.1317740756948687,1.1064021543571414,1.1064021543571414,0.9007652431498395,0.8029318673996335,0.8518485552747366,None,None,1.0,None,None,1.0,0.6650717703349283,0.539846915803692,0.6024593430693101,1.2319636379598629,1.2319636379598629,1.1252248545312362,1.1252248545312362,0.71900826446281,0.521044992743106,0.620026628602958,1.3799350813784848,1.3799350813784848,1.197963271719704,1.197963271719704,0.6965648854961832,0.5104931794333684,0.6035290324647757,None,None,1.0,None,None,1.0,0.9226190476190477,0.9376550868486352,0.9301370672338414,0.9839642108911049,0.9839642108911049,0.9849639607704125,0.9849639607704125,0.9379686434901159,0.9336886993603412,0.9358286714252285,1.0045839091045086,1.0045839091045086,1.0042799441297747,1.0042799441297747,0.9311029203288914,0.938979741274103,0.9350413308014972,None,None,1.0,None,None,1.0,0.07738095238095233,0.06234491315136481,0.06986293276615857,1.2411750769959706,1.2411750769959706,1.0150360392295874,1.0150360392295874,0.06203135650988412,0.06631130063965884,0.06417132857477148,0.9354567910976094,0.9354567910976094,0.9957200558702253,0.9957200558702253,0.06889707967110859,0.061020258725897,0.0649586691985028,None,None,1.0,None,None,1.0,0.33492822966507174,0.46015308419630796,0.39754065693068985,0.727862620436521,0.727862620436521,0.8747751454687638,0.8747751454687638,0.28099173553719003,0.478955007256894,0.379973371397042,0.5866766841973453,0.5866766841973453,0.802036728280296,0.802036728280296,0.30343511450381677,0.48950682056663164,0.3964709675352242,None,None,1.0,None,None,1.0,0.6043478260869565,0.7489069331667708,0.6766273796268636,0.8069732023062696,0.8069732023062696,0.8554408929201857,0.8554408929201857,0.5891647855530474,0.7759365994236311,0.6825506924883393,0.7592950068223118,0.7592950068223118,0.8132281861294163,0.8132281861294163,0.600328947368421,0.7955846279640229,0.6979567876662219,None,None,1.0,None,None,1.0,0.06060606060606061,0.14459535936615733,0.10260070998610897,0.41914250133428216,0.41914250133428216,0.9160107012399032,0.9160107012399032,0.035739313244569026,0.18439187930713355,0.11006559627585129,0.19382259879807182,0.19382259879807182,0.8513474339374355,0.8513474339374355,0.046180656404298574,0.19518828451882844,0.12068447046156351,None,None,1.0,None,None,1.0
FairGP_input_True_fair_True,s_as_input=True;fair=True,9,0.838074398249453,0.5556895858464013,0.9308841020219374,0.7432868439341693,0.5357334096388865,0.7868012761991707,0.7868012761991707,0.9557941878195944,0.8728571428571429,0.8324474231569217,0.8526522830070322,1.0485432696121202,1.0485432696121202,1.0404097197002211,1.0404097197002211,0.8995098039215687,0.8085419734904271,0.8540258887059979,1.1125084824458016,1.1125084824458016,1.0909678304311416,1.0909678304311416,0.8887795275590551,0.8036727879799667,0.8462261577695109,None,None,1.0,None,None,1.0,0.6637554585152838,0.5447298494242693,0.6042426539697765,1.2185039230304966,1.2185039230304966,1.1190256090910147,1.1190256090910147,0.6825396825396826,0.5329540066382171,0.6077468445889498,1.2806727673275717,1.2806727673275717,1.1495856759014655,1.1495856759014655,0.6873889875666075,0.5171517671517671,0.6022703773591873,None,None,1.0,None,None,1.0,0.9137489325362937,0.9340212632895559,0.9238850979129248,0.9782956432042409,0.9782956432042409,0.9797276692467378,0.9797276692467378,0.9279279279279279,0.9327066866054262,0.930317307266677,0.9948764614362415,0.9948764614362415,0.9952212413225017,0.9952212413225017,0.921165381319623,0.9392523364485982,0.9302088588841106,None,None,1.0,None,None,1.0,0.08625106746370625,0.06597873671044407,0.07611490208707516,1.3072555153977838,1.3072555153977838,1.0202723307532622,1.0202723307532622,0.07207207207207211,0.06729331339457378,0.06968269273332295,1.0710138710138721,1.0710138710138721,1.0047787586774983,1.0047787586774983,0.078834618680377,0.06074766355140182,0.06979114111588941,None,None,1.0,None,None,1.0,0.33624454148471616,0.4552701505757307,0.39575734603022344,0.7385604811989194,0.7385604811989194,0.8809743909089854,0.8809743909089854,0.31746031746031744,0.4670459933617829,0.39225315541105016,0.6797196035774715,0.6797196035774715,0.8504143240985346,0.8504143240985346,0.3126110124333925,0.48284823284823286,0.3977296226408127,None,None,1.0,None,None,1.0,0.6007905138339921,0.7445520581113801,0.6726712859726861,0.8069153893119958,0.8069153893119958,0.8562384557226119,0.8562384557226119,0.5536480686695279,0.7810979847116053,0.6673730266905666,0.7088074473447069,0.7088074473447069,0.7725500839579226,0.7725500839579226,0.583710407239819,0.8011272141706924,0.6924188107052558,None,None,1.0,None,None,1.0,0.06713164777680906,0.14681519565838333,0.10697342171759619,0.4572527215303668,0.4572527215303668,0.9203164521184257,0.9203164521184257,0.04288777698355969,0.18407774247804148,0.11348275973080059,0.23298730420205876,0.23298730420205876,0.8588100345055182,0.8588100345055182,0.05174948544545722,0.1956613310867734,0.1237054082661153,None,None,1.0,None,None,1.0
FairGP_input_False_fair_True,s_as_input=False;fair=True,0,0.8366819176447186,0.5677290836653387,0.9261664899257688,0.7469477867955537,0.5373168163418941,0.5987150680813508,0.5987150680813508,0.9056977075398089,0.8681241184767278,0.8315192218619731,0.8498216701693504,1.044021708280883,1.044021708280883,1.0366048966147545,1.0366048966147545,0.909035409035409,0.8017114192977279,0.8553734141665685,1.1338686055285245,1.1338686055285245,1.1073239897376812,1.1073239897376812,0.8949715135001238,0.7975735416320425,0.8462725275660832,None,None,1.0,None,None,1.0,0.5219298245614035,0.5723049956178791,0.5471174100896412,0.9119784530238305,0.9119784530238305,0.9496248289435244,0.9496248289435244,0.6866840731070496,0.5463093559003291,0.6164967145036894,1.2569509668663463,1.2569509668663463,1.1403747172067205,1.1403747172067205,0.6290322580645161,0.5502049180327869,0.5896185880486515,None,None,1.0,None,None,1.0,0.934453781512605,0.9246144161158325,0.9295340988142188,1.0106415876989094,1.0106415876989094,1.0098393653967725,1.0098393653967725,0.9384721742136191,0.9185121479251774,0.9284921610693982,1.0217308245008292,1.0217308245008292,1.0199600262884416,1.0199600262884416,0.937625754527163,0.9163591635916359,0.9269924590593994,None,None,1.0,None,None,1.0,0.06554621848739495,0.0753855838841675,0.07046590118578122,0.8694794828160903,0.8694794828160903,0.9901606346032275,0.9901606346032275,0.06152782578638094,0.08148785207482256,0.07150783893060175,0.7550551919062215,0.7550551919062215,0.9800399737115584,0.9800399737115584,0.06237424547283699,0.08364083640836406,0.07300754094060052,None,None,1.0,None,None,1.0,0.47807017543859653,0.42769500438212094,0.45288258991035873,1.1177829306873743,1.1177829306873743,1.0503751710564755,1.0503751710564755,0.3133159268929504,0.45369064409967086,0.38350328549631063,0.690593758032441,0.690593758032441,0.8596252827932795,0.8596252827932795,0.3709677419354839,0.4497950819672131,0.4103814119513485,None,None,1.0,None,None,1.0,0.6040609137055838,0.7316526610644257,0.6678567873850048,0.8256115857308324,0.8256115857308324,0.8724082526411581,0.8724082526411581,0.5963718820861678,0.754055807916937,0.6752138450015523,0.7908856026633257,0.7908856026633257,0.8423160741692307,0.8423160741692307,0.6179577464788732,0.7595473833097596,0.6887525648943165,None,None,1.0,None,None,1.0,0.08927108927108927,0.14246095460516714,0.1158660219381282,0.6266354842174514,0.6266354842174514,0.9468101346659221,0.9468101346659221,0.042328042328042326,0.1842658010311247,0.11329692167958351,0.22971187323518927,0.22971187323518927,0.8580622412969177,0.8580622412969177,0.05967137503603344,0.19074516619595916,0.1252082706159963,None,None,1.0,None,None,1.0
FairGP_input_False_fair_True,s_as_input=False;fair=True,1,0.49482792918241497,0.49600319744204635,0.4944385593220339,0.4952208783820401,-0.008265186077905724,0.9789081222184183,0.9789081222184183,0.9892960300568996,0.5092329545454546,0.4924820726347444,0.5008575135900994,1.0340131810709254,1.0340131810709254,1.0167508819107103,1.0167508819107103,0.5007656967840735,0.49197230814552956,0.49636900246480153,1.0178737471458308,1.0178737471458308,1.0087933886385438,1.0087933886385438,0.5017292490118577,0.4901764901764902,0.49595286959417395,None,None,1.0,None,None,1.0,0.4911504424778761,0.4964850615114236,0.49381775199464983,0.9892552275041114,0.9892552275041114,0.9946653809664525,0.9946653809664525,0.4910025706940874,0.49692380501656414,0.4939631878553258,0.9880842208348636,0.9880842208348636,0.9940787656775233,0.9940787656775233,0.49466192170818507,0.4963917525773196,0.49552683714275236,None,None,1.0,None,None,1.0,0.5126903553299492,0.49105180533751963,0.5018710803337344,1.044065717216041,1.044065717216041,1.0216385499924296,1.0216385499924296,0.502086230876217,0.4897348160821215,0.4959105234791692,1.0252206181559784,1.0252206181559784,1.0123514147940955,1.0123514147940955,0.5028686173264486,0.48721101819970486,0.4950398177630767,None,None,1.0,None,None,1.0,0.4873096446700508,0.5089481946624803,0.49812891966626555,0.957483786720612,0.957483786720612,0.9783614500075705,0.9783614500075705,0.49791376912378305,0.5102651839178785,0.5040894765208308,0.9757941259106496,0.9757941259106496,0.9876485852059046,0.9876485852059046,0.4971313826735514,0.5127889818002951,0.5049601822369232,None,None,1.0,None,None,1.0,0.5088495575221239,0.5035149384885764,0.5061822480053502,1.0105947582202042,1.0105947582202042,1.0053346190335475,1.0053346190335475,0.5089974293059125,0.5030761949834359,0.5060368121446742,1.0117700546786388,1.0117700546786388,1.0059212343224766,1.0059212343224766,0.5053380782918149,0.5036082474226804,0.5044731628572476,None,None,1.0,None,None,1.0,0.1615720524017467,0.2584629460201281,0.2100174992109374,0.6251265602658731,0.6251265602658731,0.9031091063816186,0.9031091063816186,0.11768330252618607,0.30558789289871946,0.21163559771245277,0.3851045975999765,0.3851045975999765,0.8120954096274666,0.8120954096274666,0.13823968175037296,0.3159448818897638,0.22709228182006835,None,None,1.0,None,None,1.0,0.15950069348127602,0.26813289658399625,0.21381679503263612,0.5948568620758933,0.5948568620758933,0.8913677968972797,0.8913677968972797,0.12058465286236297,0.31702952579779303,0.218807089330078,0.3803577996683942,0.3803577996683942,0.80355512706457,0.80355512706457,0.13942071674030437,0.33029073698444894,0.23485572686237666,None,None,1.0,None,None,1.0
FairGP_input_False_fair_True,s_as_input=False;fair=True,2,0.8414561368609509,0.5907769007062734,0.9203609258532758,0.7555689132797746,0.5432481479230427,0.5157338410059796,0.5157338410059796,0.8782031661109209,0.8846153846153846,0.8342996289424861,0.8594575067789354,1.0603089752499064,1.0603089752499064,1.0503157556728984,1.0503157556728984,0.9100481347773767,0.8075780089153046,0.8588130718463407,1.126885730828288,1.126885730828288,1.1024701258620722,1.1024701258620722,0.8989231522271169,0.8021112600536193,0.8505172061403681,None,None,1.0,None,None,1.0,0.5741626794258373,0.5923566878980892,0.5832596836619632,0.9692853835468437,0.9692853835468437,0.9818059915277482,0.9818059915277482,0.641399416909621,0.5823643410852714,0.6118818789974462,1.101371378121013,1.101371378121013,1.0590350758243496,1.0590350758243496,0.6153846153846154,0.5842105263157895,0.5997975708502025,None,None,1.0,None,None,1.0,0.9377559377559378,0.9170557111733583,0.927405824464648,1.0225724853249034,1.0225724853249034,1.0207002265825795,1.0207002265825795,0.940959409594096,0.9072010287183884,0.9240802191562422,1.0372115769350465,1.0372115769350465,1.0337583808757076,1.0337583808757076,0.9390891310421906,0.9038839724680433,0.921486551755117,None,None,1.0,None,None,1.0,0.062244062244062204,0.08294428882664173,0.07259417553535197,0.7504321650663113,0.7504321650663113,0.9792997734174205,0.9792997734174205,0.059040590405904037,0.09279897128161163,0.07591978084375783,0.6362203113947998,0.6362203113947998,0.9662416191242924,0.9662416191242924,0.060910868957809394,0.0961160275319567,0.07851344824488304,None,None,1.0,None,None,1.0,0.4258373205741627,0.40764331210191085,0.41674031633803676,1.0446321770334928,1.0446321770334928,1.0181940084722518,1.0181940084722518,0.358600583090379,0.41763565891472865,0.38811812100255383,0.8586445516224389,0.8586445516224389,0.9409649241756504,0.9409649241756504,0.3846153846153846,0.4157894736842105,0.40020242914979753,None,None,1.0,None,None,1.0,0.6122448979591837,0.7095367847411445,0.6608908413501641,0.8628797140976205,0.8628797140976205,0.9027081132180392,0.9027081132180392,0.5555555555555556,0.7351681957186544,0.645361875637105,0.7556849694952856,0.7556849694952856,0.8203873598369011,0.8203873598369011,0.5886792452830188,0.7395069953364424,0.6640931203097307,None,None,1.0,None,None,1.0,0.07212317666126418,0.13197820002945942,0.1020506883453618,0.5464779535193331,0.5464779535193331,0.9401449766318047,0.9401449766318047,0.042008196721311473,0.1691854759568204,0.10559683633906594,0.248296707998935,0.248296707998935,0.8728227207644911,0.8728227207644911,0.05483689538807649,0.17685247369599283,0.11584468454203466,None,None,1.0,None,None,1.0
FairGP_input_False_fair_True,s_as_input=False;fair=True,3,0.8508056494927392,0.6462151394422311,0.9188759278897137,0.7825455336659723,0.5883167073933775,0.414678685306258,0.414678685306258,0.8300868083984474,0.8935281837160751,0.8436810955088778,0.8686046396124765,1.0590828554444869,1.0590828554444869,1.0498470882071973,1.0498470882071973,0.9221813725490197,0.8164948453608247,0.8693381089549221,1.129439307288572,1.129439307288572,1.1056865271881948,1.1056865271881948,0.91114420451725,0.8104564315352697,0.8608003180262598,None,None,1.0,None,None,1.0,0.5848214285714286,0.652230971128609,0.6185261998500188,0.8966477436044841,0.8966477436044841,0.9325904574428197,0.9325904574428197,0.618421052631579,0.6511737089201878,0.6347973807758833,0.9497021212006224,0.9497021212006224,0.9672473437113912,0.9672473437113912,0.6160877513711152,0.6546102903718798,0.6353490208714975,None,None,1.0,None,None,1.0,0.9505358615004122,0.9128099826251777,0.931672922062795,1.0413293890221682,1.0413293890221682,1.0377258788752346,1.0377258788752346,0.9622052704576977,0.8920600858369099,0.9271326781473037,1.078632802581879,1.078632802581879,1.0701451846207877,1.0701451846207877,0.9574956921309592,0.8857705563761694,0.9216331242535643,None,None,1.0,None,None,1.0,0.04946413849958775,0.08719001737482235,0.06832707793720505,0.567314240653786,0.567314240653786,0.9622741211247654,0.9622741211247654,0.03779472954230234,0.10793991416309012,0.07286732185269623,0.3501460033143716,0.3501460033143716,0.9298548153792122,0.9298548153792122,0.0425043078690408,0.11422944362383058,0.0783668757464357,None,None,1.0,None,None,1.0,0.4151785714285714,0.34776902887139105,0.3814738001499812,1.1938342318059298,1.1938342318059298,1.0674095425571803,1.0674095425571803,0.381578947368421,0.3488262910798122,0.3652026192241166,1.093893886803145,1.093893886803145,1.0327526562886087,1.0327526562886087,0.38391224862888484,0.3453897096281202,0.36465097912850253,None,None,1.0,None,None,1.0,0.6858638743455497,0.7298091042584435,0.7078364893019966,0.9397853087109042,0.9397853087109042,0.9560547700871063,0.9560547700871063,0.6831395348837209,0.7338624338624339,0.7085009843730774,0.9308822789691654,0.9308822789691654,0.949277101021287,0.949277101021287,0.6948453608247422,0.7347055460263008,0.7147754534255215,None,None,1.0,None,None,1.0,0.07463884430176565,0.12093094006693034,0.097784892184348,0.6172022169054181,0.6172022169054181,0.9537079042348353,0.9537079042348353,0.04965753424657534,0.15163265306122448,0.10064509365389991,0.3274857574807795,0.3274857574807795,0.8980248811853508,0.8980248811853508,0.05925507900677201,0.15855940130963517,0.10890724015820359,None,None,1.0,None,None,1.0
FairGP_input_False_fair_True,s_as_input=False;fair=True,4,0.49651879848816394,0.4975980784627702,0.49616199047114873,0.4968800344669595,-0.005392841348838727,1.0153944708946256,1.0153944708946256,1.007684329284591,0.5173144876325089,0.49311262877647877,0.5052135582044939,1.0490797790275221,1.0490797790275221,1.02420185885603,1.02420185885603,0.4902498476538696,0.49955699940933257,0.4949034235316011,0.981369189569023,0.981369189569023,0.990692848244537,0.990692848244537,0.4958435207823961,0.4969818913480885,0.4964127060652423,None,None,1.0,None,None,1.0,0.5324675324675324,0.49404499338332597,0.5132562629254291,1.07777133580705,1.07777133580705,1.0384225390842063,1.0384225390842063,0.5051546391752577,0.4962085308056872,0.5006815849904724,1.0180289289969378,1.0180289289969378,1.0089461083695705,1.0089461083695705,0.5095986038394416,0.49402597402597404,0.5018122889327078,None,None,1.0,None,None,1.0,0.5143581081081081,0.49278091650973005,0.5035695123089191,1.0437865811671545,1.0437865811671545,1.021577191598378,1.021577191598378,0.48825155494125777,0.5010725010725011,0.4946620280068794,0.974412991924719,0.974412991924719,0.9871790538687566,0.9871790538687566,0.4936025021324993,0.49839069076504083,0.49599659644877003,None,None,1.0,None,None,1.0,0.4856418918918919,0.5072190834902699,0.4964304876910809,0.9574598190393364,0.9574598190393364,0.978422808401622,0.978422808401622,0.5117484450587422,0.4989274989274989,0.5053379719931206,1.0256970124092246,1.0256970124092246,1.0128209461312432,1.0128209461312432,0.5063974978675008,0.5016093092349592,0.50400340355123,None,None,1.0,None,None,1.0,0.4675324675324676,0.505955006616674,0.4867437370745708,0.9240593756722789,0.9240593756722789,0.9615774609157935,0.9615774609157935,0.4948453608247423,0.5037914691943128,0.49931841500952756,0.9822424377612475,0.9822424377612475,0.9910538916304295,0.9910538916304295,0.49040139616055844,0.505974025974026,0.4981877110672922,None,None,1.0,None,None,1.0,0.17621776504297995,0.25735294117647056,0.21678535310972524,0.6847318870241508,0.6847318870241508,0.9188648238665094,0.9188648238665094,0.11687537268932618,0.3104061666172547,0.21364076965329043,0.3765240038978961,0.3765240038978961,0.8064692060720715,0.8064692060720715,0.14085865894838398,0.31944910984212294,0.23015388439525347,None,None,1.0,None,None,1.0,0.1506276150627615,0.2675530674131094,0.20909034123793546,0.5629822020697982,0.5629822020697982,0.8830745476496521,0.8830745476496521,0.11962616822429907,0.3127390408943807,0.21618260455933988,0.38251114373884526,0.38251114373884526,0.8068871273299183,0.8068871273299183,0.13931581556767478,0.3260796786072983,0.23269774708748653,None,None,1.0,None,None,1.0
FairGP_input_False_fair_True,s_as_input=False;fair=True,5,0.4930375969763278,0.5030181086519114,0.4897608666930902,0.4963894876725008,-0.006230666182275581,0.9954511245705161,0.9954511245705161,0.9976828764420815,0.4718934911242604,0.49632268444035854,0.48410808778230946,0.9507796155969701,0.9507796155969701,0.9755708066839018,0.9755708066839018,0.49482653682288497,0.4921690307328605,0.49349778377787273,1.0053995800712356,1.0053995800712356,1.0026575060900245,1.0026575060900245,0.48673444086288126,0.49725959142999504,0.49199701614643815,None,None,1.0,None,None,1.0,0.49537037037037035,0.503746143675628,0.49955825702299916,0.9833730274456435,0.9833730274456435,0.9916242266947424,0.9916242266947424,0.4699738903394256,0.5090390104662227,0.48950645040282414,0.9232571191527781,0.9232571191527781,0.9609348798732029,0.9609348798732029,0.4772313296903461,0.5103305785123967,0.4937809541013714,None,None,1.0,None,None,1.0,0.46742957746478875,0.49370433701228045,0.4805669572385346,0.9467803752616455,0.9467803752616455,0.9737252404525083,0.9737252404525083,0.4981054081984154,0.48456922417488213,0.4913373161866488,1.0279344691082735,1.0279344691082735,1.0135361840235333,1.0135361840235333,0.4882319173363949,0.4910648714810282,0.48964839440871155,None,None,1.0,None,None,1.0,0.5325704225352113,0.5062956629877196,0.5194330427614654,1.0518960786518312,1.0518960786518312,1.0262747595474917,1.0262747595474917,0.5018945918015846,0.5154307758251179,0.5086626838133512,0.9737381144890618,0.9737381144890618,0.9864638159764667,0.9864638159764667,0.5117680826636051,0.5089351285189718,0.5103516055912884,None,None,1.0,None,None,1.0,0.5046296296296297,0.496253856324372,0.5004417429770008,1.0168780014472731,1.0168780014472731,1.0083757733052576,1.0083757733052576,0.5300261096605744,0.4909609895337773,0.5104935495971759,1.0795686845993484,1.0795686845993484,1.039065120126797,1.039065120126797,0.5227686703096539,0.4896694214876033,0.5062190458986287,None,None,1.0,None,None,1.0,0.1502808988764045,0.25977272727272727,0.20502681307456588,0.5785091470307785,0.5785091470307785,0.8905081716036772,0.8905081716036772,0.10995723885155773,0.3079136690647482,0.20893545395815297,0.3571041168309935,0.3571041168309935,0.8020435697868096,0.8020435697868096,0.12811735941320293,0.32213889794587547,0.22512812867953919,None,None,1.0,None,None,1.0,0.1703125,0.2617387261738726,0.2160256130869363,0.6506966030195382,0.6506966030195382,0.9085737738261274,0.9085737738261274,0.12310491206791996,0.3133920437291224,0.21824847789852117,0.39281441418571744,0.39281441418571744,0.8097128683387975,0.8097128683387975,0.1443661971830986,0.3209207853757617,0.23264349127943013,None,None,1.0,None,None,1.0
FairGP_input_False_fair_True,s_as_input=False;fair=True,6,0.8508056494927392,0.5875,0.9370213889622392,0.7622606944811197,0.5736479473141233,0.5137872215240342,0.5137872215240342,0.8837264498801859,0.8892757660167131,0.8443954513808308,0.866835608698772,1.053150824726128,1.053150824726128,1.0448803146358823,1.0448803146358823,0.9263897373243739,0.814306784660767,0.8703482609925705,1.137642169726364,1.137642169726364,1.112082952663607,1.112082952663607,0.911742892459827,0.8097853220169745,0.8607641072384007,None,None,1.0,None,None,1.0,0.5466666666666666,0.5915742793791574,0.569120473022912,0.924087956021989,0.924087956021989,0.9550923872875092,0.9550923872875092,0.664,0.5738717339667458,0.6189358669833729,1.1570529801324503,1.1570529801324503,1.090128266033254,1.090128266033254,0.6272727272727273,0.5761658031088083,0.6017192651907678,None,None,1.0,None,None,1.0,0.9529314616019818,0.933993399339934,0.9434624304709579,1.0202764412204965,1.0202764412204965,1.0189380622620479,1.0189380622620479,0.9603311486719558,0.9225668449197861,0.941448996795871,1.0409339485373041,1.0409339485373041,1.0377643037521698,1.0377643037521698,0.9565092989985694,0.9203236087276293,0.9384164538630994,None,None,1.0,None,None,1.0,0.04706853839801817,0.06600660066006603,0.0565375695290421,0.713088356729975,0.713088356729975,0.9810619377379521,0.9810619377379521,0.03966885132804421,0.07743315508021387,0.05855100320412904,0.5122980109353777,0.5122980109353777,0.9622356962478303,0.9622356962478303,0.0434907010014306,0.0796763912723707,0.061583546136900646,None,None,1.0,None,None,1.0,0.45333333333333337,0.4084257206208426,0.430879526977088,1.1099529496923635,1.1099529496923635,1.0449076127124908,1.0449076127124908,0.33599999999999997,0.42612826603325415,0.38106413301662706,0.7884949832775919,0.7884949832775919,0.9098717339667458,0.9098717339667458,0.3727272727272727,0.42383419689119173,0.3982807348092322,None,None,1.0,None,None,1.0,0.6833333333333333,0.7605473204104903,0.7219403268719118,0.8984757621189405,0.8984757621189405,0.922786012922843,0.922786012922843,0.6840659340659341,0.7694267515923567,0.7267463428291454,0.889059202387017,0.889059202387017,0.9146391824735773,0.9146391824735773,0.6941649899396378,0.7738343771746694,0.7339996835571536,None,None,1.0,None,None,1.0,0.08121019108280254,0.13417832167832167,0.1076942563805621,0.6052407726301375,0.6052407726301375,0.9470318694044809,0.9470318694044809,0.04329896907216495,0.17216890595009596,0.10773393751113045,0.25149122504568494,0.25149122504568494,0.871130063122069,0.871130063122069,0.05777903043968433,0.178915135608049,0.11834708302386666,None,None,1.0,None,None,1.0
FairGP_input_False_fair_True,s_as_input=False;fair=True,7,0.8451362641734633,0.5980119284294234,0.9275766016713092,0.7627942650503663,0.5649906683977255,0.575455447565011,0.575455447565011,0.895460694460592,0.8760504201680672,0.8400185485740783,0.8580344843710728,1.0428941380582042,1.0428941380582042,1.036031871593989,1.036031871593989,0.9190432382704692,0.8096569998527896,0.8643501190616294,1.1351019486493268,1.1351019486493268,1.1093862384176796,1.1093862384176796,0.9032416502946955,0.805583416917419,0.8544125336060573,None,None,1.0,None,None,1.0,0.5662650602409639,0.6015004413062666,0.5838827507736153,0.9414208558371417,0.9414208558371417,0.9647646189346973,0.9647646189346973,0.7139107611548556,0.5773195876288659,0.6456151743918608,1.2365954255718037,1.2365954255718037,1.1365911735259897,1.1365911735259897,0.6591304347826087,0.5798969072164949,0.6195136709995518,None,None,1.0,None,None,1.0,0.9414758269720102,0.925,0.9332379134860052,1.0178117048346056,1.0178117048346056,1.0164758269720102,1.0164758269720102,0.9461805555555556,0.9160764112470487,0.9311284834013022,1.0328620450640424,1.0328620450640424,1.0301041443085068,1.0301041443085068,0.9433800400343151,0.9139040079168729,0.9286420239755939,None,None,1.0,None,None,1.0,0.058524173027989845,0.07499999999999996,0.0667620865139949,0.780322307039865,0.780322307039865,0.9835241730279899,0.9835241730279899,0.05381944444444442,0.08392358875295125,0.06887151659869784,0.6412910272804773,0.6412910272804773,0.9698958556914932,0.9698958556914932,0.05661995996568492,0.08609599208312713,0.07135797602440602,None,None,1.0,None,None,1.0,0.4337349397590361,0.39849955869373344,0.41611724922638477,1.088420125685466,1.088420125685466,1.0352353810653026,1.0352353810653026,0.28608923884514437,0.4226804123711341,0.3543848256081392,0.6768452723897317,0.6768452723897317,0.8634088264740103,0.8634088264740103,0.3408695652173913,0.4201030927835051,0.3804863290004482,None,None,1.0,None,None,1.0,0.6714285714285714,0.7407608695652174,0.7060947204968944,0.9064039408866995,0.9064039408866995,0.930667701863354,0.930667701863354,0.6370023419203747,0.7590881084411584,0.6980452251807665,0.8391678579032209,0.8391678579032209,0.8779142334792164,0.8779142334792164,0.6568457538994801,0.7637474541751528,0.7102966040373164,None,None,1.0,None,None,1.0,0.08866995073891626,0.1330680813439434,0.11086901604142983,0.6663502610346465,0.6663502610346465,0.9556018693949728,0.9556018693949728,0.038461538461538464,0.17446808510638298,0.10646481178396072,0.22045028142589118,0.22045028142589118,0.8639934533551554,0.8639934533551554,0.05608011444921316,0.18074961188733643,0.11841486316827479,None,None,1.0,None,None,1.0
FairGP_input_False_fair_True,s_as_input=False;fair=True,8,0.841555599761289,0.557201646090535,0.9321878279118573,0.7446947370011961,0.5383392379446864,0.6427055048136262,0.6427055048136262,0.9223272836551362,0.8859205776173286,0.8344676433267967,0.8601941104720626,1.061659591839179,1.061659591839179,1.0514529342905319,1.0514529342905319,0.9096148013345465,0.8083468995116175,0.858980850423082,1.1252777760193209,1.1252777760193209,1.101267901822929,1.101267901822929,0.8978030116020735,0.8035982008995503,0.8507006062508119,None,None,1.0,None,None,1.0,0.5502392344497608,0.5578568212516885,0.5540480278507246,0.9863449069515081,0.9863449069515081,0.9923824131980723,0.9923824131980723,0.7134986225895317,0.5297532656023222,0.6216259440959269,1.3468508245594175,1.3468508245594175,1.1837453569872096,1.1837453569872096,0.6450381679389313,0.5330535152151101,0.5890458415770208,None,None,1.0,None,None,1.0,0.9455782312925171,0.9297456575682382,0.9376619444303776,1.0170289300040283,1.0170289300040283,1.0158325737242788,1.0158325737242788,0.9338786639400136,0.9311300639658848,0.9325043639529492,1.0029518969266462,1.0029518969266462,1.0027485999741288,1.0027485999741288,0.935355826481429,0.9294605809128631,0.932408203697146,None,None,1.0,None,None,1.0,0.05442176870748294,0.07025434243176176,0.06233805556962235,0.7746392155096029,0.7746392155096029,0.9841674262757212,0.9841674262757212,0.06612133605998638,0.06886993603411518,0.06749563604705078,0.9600899879917522,0.9600899879917522,0.9972514000258712,0.9972514000258712,0.06464417351857099,0.0705394190871369,0.06759179630285395,None,None,1.0,None,None,1.0,0.44976076555023925,0.44214317874831155,0.4459519721492754,1.017228778296417,1.017228778296417,1.0076175868019277,1.0076175868019277,0.2865013774104683,0.47024673439767783,0.3783740559040731,0.6092575587525082,0.6092575587525082,0.8162546430127905,0.8162546430127905,0.3549618320610687,0.46694648478488987,0.4109541584229793,None,None,1.0,None,None,1.0,0.6424581005586593,0.7322695035460993,0.6873638020523793,0.8773519823609778,0.8773519823609778,0.9101885970125599,0.9101885970125599,0.5717439293598234,0.7722143864598026,0.671979157909813,0.7403953350066024,0.7403953350066024,0.7995295429000209,0.7995295429000209,0.5971731448763251,0.778544061302682,0.6878586030895035,None,None,1.0,None,None,1.0,0.0779436152570481,0.14074817256700586,0.10934589391202698,0.5537806554464609,0.5537806554464609,0.9371954426900422,0.9371954426900422,0.03656821378340366,0.18205656489979397,0.10931238934159881,0.200861824474889,0.200861824474889,0.8545116488836098,0.8545116488836098,0.05337159253945481,0.1894423158790975,0.12140695420927615,None,None,1.0,None,None,1.0
FairGP_input_False_fair_True,s_as_input=False;fair=True,9,0.8424507658643327,0.5689585846401287,0.9323377824765429,0.7506481835583358,0.5495261068926091,0.5992495976780275,0.5992495976780275,0.9083425624071615,0.875,0.8371851167090363,0.8560925583545181,1.0451690821256039,1.0451690821256039,1.0378148832909637,1.0378148832909637,0.9065563725490197,0.8116347569955817,0.8590955647723006,1.1169511467261557,1.1169511467261557,1.0949216155534378,1.0949216155534378,0.8951771653543307,0.806677796327212,0.8509274808407714,None,None,1.0,None,None,1.0,0.5021834061135371,0.5757307351638619,0.5389570706386995,0.8722539469264359,0.8722539469264359,0.9264526709496752,0.9264526709496752,0.671957671957672,0.55049786628734,0.611227769122506,1.2206362878197503,1.2206362878197503,1.121459805670332,1.121459805670332,0.6163410301953819,0.5550935550935551,0.5857172926444685,None,None,1.0,None,None,1.0,0.9479077711357814,0.9294871794871795,0.9386974753114805,1.0198180158426338,1.0198180158426338,1.018420591648602,1.018420591648602,0.9372834372834373,0.9292886135441145,0.9332860254137759,1.0086031654997172,1.0086031654997172,1.0079948237393228,1.0079948237393228,0.9400171379605827,0.9257255287752091,0.932871333367896,None,None,1.0,None,None,1.0,0.052092228864218604,0.07051282051282048,0.061302524688519544,0.7387625184380096,0.7387625184380096,0.9815794083513981,0.9815794083513981,0.06271656271656267,0.07071138645588548,0.06671397458622408,0.8869372509855888,0.8869372509855888,0.9920051762606772,0.9920051762606772,0.05998286203941727,0.07427447122479092,0.0671286666321041,None,None,1.0,None,None,1.0,0.49781659388646293,0.42426926483613814,0.46104292936130054,1.1733505939411621,1.1733505939411621,1.0735473290503248,1.0735473290503248,0.328042328042328,0.44950213371266,0.388772230877494,0.7297903690308754,0.7297903690308754,0.878540194329668,0.878540194329668,0.3836589698046181,0.44490644490644493,0.4142827073555315,None,None,1.0,None,None,1.0,0.6534090909090909,0.7424328954882924,0.6979209931986916,0.8800917832167833,0.8800917832167833,0.9109761954207986,0.9109761954207986,0.5839080459770115,0.7781501340482574,0.6810290900126345,0.7503796766560733,0.7503796766560733,0.8057579119287541,0.8057579119287541,0.6229802513464991,0.7795620437956204,0.7012711475710598,None,None,1.0,None,None,1.0,0.09313725490196079,0.13878024047515572,0.11595874768855825,0.671113226083753,0.671113226083753,0.9543570144268051,0.9543570144268051,0.04383174266525274,0.17893544733861835,0.11138359500193555,0.24495840995834284,0.24495840995834284,0.8648962953266344,0.8648962953266344,0.06159110350727117,0.18528138528138527,0.12343624439432822,None,None,1.0,None,None,1.0
FairGP_input_False_fair_False,s_as_input=False;fair=False,0,0.843843246469067,0.5450199203187251,0.9432661717921527,0.7441430460554389,0.5517234580576938,0.3455257659516414,0.3455257659516414,0.8414120935279198,0.8885754583921015,0.8364983788791107,0.8625369186356061,1.0622560435595498,1.0622560435595498,1.0520770795129908,1.0520770795129908,0.9230769230769231,0.8055473591029803,0.8643121410899517,1.1459002535925613,1.1459002535925613,1.1175295639739429,1.1175295639739429,0.9073569482288828,0.8012298487618414,0.8542933984953621,None,None,1.0,None,None,1.0,0.4868421052631579,0.5508326029798423,0.5188373541215001,0.8838295021563455,0.8838295021563455,0.9360095022833157,0.9360095022833157,0.4464751958224543,0.5627644569816643,0.5046198264020594,0.7933606863110779,0.7933606863110779,0.88371073884079,0.88371073884079,0.46774193548387094,0.5671106557377049,0.5174262956107879,None,None,1.0,None,None,1.0,0.965546218487395,0.9390934844192634,0.9523198514533292,1.0281683714209666,1.0281683714209666,1.0264527340681315,1.0264527340681315,0.9861735222951953,0.9165770801978069,0.9513753012465012,1.0759308121498834,1.0759308121498834,1.0695964420973882,1.0695964420973882,0.9778672032193159,0.9136531365313653,0.9457601698753406,None,None,1.0,None,None,1.0,0.03445378151260503,0.060906515580736564,0.0476801485466708,0.5656830173930033,0.5656830173930033,0.9735472659318685,0.9735472659318685,0.013826477704804718,0.08342291980219307,0.048624698753498896,0.16573955619857408,0.16573955619857408,0.9304035579026116,0.9304035579026116,0.02213279678068414,0.08634686346863474,0.05423983012465944,None,None,1.0,None,None,1.0,0.513157894736842,0.44916739702015773,0.4811626458784999,1.1424646983311937,1.1424646983311937,1.0639904977166843,1.0639904977166843,0.5535248041775457,0.43723554301833567,0.4953801735979407,1.2659647940705803,1.2659647940705803,1.11628926115921,1.11628926115921,0.532258064516129,0.4328893442622951,0.48257370438921204,None,None,1.0,None,None,1.0,0.7302631578947368,0.7645985401459854,0.7474308490203612,0.9550935812083909,0.9550935812083909,0.9656646177487515,0.9656646177487515,0.8104265402843602,0.7552050473186119,0.7828157938014861,1.073121191604604,1.073121191604604,1.0552214929657482,1.0552214929657482,0.772189349112426,0.7592592592592593,0.7657243041858426,None,None,1.0,None,None,1.0,0.0924170616113744,0.14659610983981694,0.11950658572559567,0.6304196046699803,0.6304196046699803,0.9458209517715574,0.9458209517715574,0.06916802610114192,0.17908723281340266,0.12412762945727229,0.3862253328421828,0.3862253328421828,0.8900807932877393,0.8900807932877393,0.08029197080291971,0.18534766396139504,0.13281981738215737,None,None,1.0,None,None,1.0
FairGP_input_False_fair_False,s_as_input=False;fair=False,1,0.49631987268748756,0.48041566746602715,0.5015889830508474,0.4910023252584373,-0.015561735154967147,1.0156369830688456,1.0156369830688456,1.007675295718774,0.5092329545454546,0.4942169789498034,0.501724966747629,1.0303833664872455,1.0303833664872455,1.0150159755956512,1.0150159755956512,0.49341500765696783,0.4977168949771689,0.4955659513170684,0.9913567585034492,0.9913567585034492,0.9956981126797989,0.9956981126797989,0.49604743083003955,0.4965034965034965,0.496275463666768,None,None,1.0,None,None,1.0,0.5265486725663717,0.4758347978910369,0.5011917352287043,1.1065787430850065,1.1065787430850065,1.0507138746753348,1.0507138746753348,0.46272493573264784,0.48367250354945573,0.47319871964105176,0.9566905960891242,0.9566905960891242,0.9790524321831922,0.9790524321831922,0.4804270462633452,0.48041237113402063,0.4804197086986829,None,None,1.0,None,None,1.0,0.505922165820643,0.5007849293563579,0.5033535475885005,1.010258368739027,1.010258368739027,1.005137236464285,1.005137236464285,0.4975660639777469,0.5040633019674936,0.5008146829726202,0.987110273720808,0.987110273720808,0.9935027620102532,0.9935027620102532,0.4985656913367757,0.5041810132808657,0.5013733523088207,None,None,1.0,None,None,1.0,0.494077834179357,0.4992150706436421,0.4966464524114996,0.9897093722397811,0.9897093722397811,0.9948627635357149,0.9948627635357149,0.5024339360222532,0.4959366980325064,0.4991853170273798,1.0131009421475015,1.0131009421475015,1.0064972379897468,1.0064972379897468,0.5014343086632242,0.49581898671913427,0.49862664769117926,None,None,1.0,None,None,1.0,0.4734513274336283,0.5241652021089631,0.4988082647712957,0.9032482994458826,0.9032482994458826,0.9492861253246652,0.9492861253246652,0.5372750642673522,0.5163274964505442,0.5268012803589481,1.0405703123711414,1.0405703123711414,1.0209475678168078,1.0209475678168078,0.5195729537366548,0.5195876288659793,0.519580291301317,None,None,1.0,None,None,1.0,0.16927453769559034,0.25404644616467276,0.21166049193013153,0.6663133464416451,0.6663133464416451,0.9152280915309176,0.9152280915309176,0.11076923076923077,0.30589643819215806,0.20833283448069442,0.3621135029354207,0.3621135029354207,0.8048727925770727,0.8048727925770727,0.1337958374628345,0.31614654002713705,0.22497118874498578,None,None,1.0,None,None,1.0,0.15177304964539007,0.27218799908738306,0.21198052436638656,0.5576037523853685,0.5576037523853685,0.879585050558007,0.879585050558007,0.1274390243902439,0.316415313225058,0.22192716880765095,0.4027587131966645,0.4027587131966645,0.8110237111651859,0.8110237111651859,0.1438423645320197,0.3296272073250491,0.2367347859285344,None,None,1.0,None,None,1.0
FairGP_input_False_fair_False,s_as_input=False;fair=False,2,0.8467276705788741,0.5650186954715414,0.9353995030731006,0.7502090992723209,0.5506236922454154,0.3162710388073738,0.3162710388073738,0.8254016526713199,0.8958041958041958,0.8385899814471243,0.86719708862566,1.0682266848196051,1.0682266848196051,1.0572142143570715,1.0572142143570715,0.9238868832731648,0.8086181277860327,0.8662525055295988,1.1425502984984195,1.1425502984984195,1.1152687554871321,1.1152687554871321,0.9101811062163485,0.80328418230563,0.8567326442609893,None,None,1.0,None,None,1.0,0.5119617224880383,0.5700636942675159,0.5410127083777772,0.8980781053700784,0.8980781053700784,0.9418980282205224,0.9418980282205224,0.42857142857142855,0.5876937984496124,0.5081326135105205,0.7292427275939228,0.7292427275939228,0.8408776301218162,0.8408776301218162,0.4635108481262327,0.5921052631578947,0.5278080556420637,None,None,1.0,None,None,1.0,0.9615069615069615,0.9304388422035481,0.9459729018552547,1.0333908236567544,1.0333908236567544,1.0310681193034132,1.0310681193034132,0.9808788996980878,0.9063437633947706,0.9436113315464292,1.082237159137214,1.082237159137214,1.074535136303317,1.074535136303317,0.9734562727018721,0.9019174041297935,0.9376868384158328,None,None,1.0,None,None,1.0,0.038493038493038534,0.06956115779645189,0.05402709814474521,0.5533697211549569,0.5533697211549569,0.9689318806965866,0.9689318806965866,0.019121100301912164,0.09365623660522937,0.05638866845357077,0.2041625949856341,0.2041625949856341,0.9254648636966828,0.9254648636966828,0.026543727298127928,0.09808259587020651,0.06231316158416722,None,None,1.0,None,None,1.0,0.4880382775119617,0.4299363057324841,0.4589872916222229,1.1351408825093035,1.1351408825093035,1.0581019717794775,1.0581019717794775,0.5714285714285714,0.41230620155038755,0.4918673864894795,1.385932516367299,1.385932516367299,1.1591223698781838,1.1591223698781838,0.5364891518737673,0.4078947368421053,0.4721919443579363,None,None,1.0,None,None,1.0,0.6948051948051948,0.7370588235294118,0.7159320091673033,0.942672650573688,0.942672650573688,0.957746371275783,0.957746371275783,0.7205882352941176,0.7351515151515151,0.7278698752228163,0.9801900974734494,0.9801900974734494,0.9854367201426025,0.9854367201426025,0.7121212121212122,0.7381889763779528,0.7251550942495825,None,None,1.0,None,None,1.0,0.07993730407523511,0.13648180242634314,0.10820955325078913,0.5856993581131513,0.5856993581131513,0.9434555016488919,0.9434555016488919,0.06282051282051282,0.1675196850393701,0.11517009892994146,0.3750037663081141,0.3750037663081141,0.8953008277811427,0.8953008277811427,0.0724174653887114,0.1743924392439244,0.1234049523163179,None,None,1.0,None,None,1.0
FairGP_input_False_fair_False,s_as_input=False;fair=False,3,0.8513029639944301,0.6135458167330677,0.930408271474019,0.7719770441035434,0.582765330595003,0.3863821541236154,0.3863821541236154,0.8328718862932536,0.9046624913013221,0.8424045491470349,0.8735335202241785,1.0739050403007981,1.0739050403007981,1.0622579421542873,1.0622579421542873,0.9237132352941176,0.8164948453608247,0.8701040403274711,1.1313154523172906,1.1313154523172906,1.1072183899332928,1.1072183899332928,0.9133780094316207,0.809792531120332,0.8615852702759763,None,None,1.0,None,None,1.0,0.5803571428571429,0.6167979002624672,0.598577521559805,0.9409194528875381,0.9409194528875381,0.9635592425946757,0.9635592425946757,0.5552631578947368,0.6239436619718309,0.5896034099332839,0.8899251514791493,0.8899251514791493,0.9313194959229059,0.9313194959229059,0.5685557586837294,0.6260825267447784,0.5973191427142539,None,None,1.0,None,None,1.0,0.964550700741962,0.9238666877270574,0.9442086942345097,1.0440366706099096,1.0440366706099096,1.0406840130149047,1.0406840130149047,0.9722607489597781,0.9045064377682404,0.9383835933640092,1.0749074946981176,1.0749074946981176,1.0677543111915377,1.0677543111915377,0.9675473865594486,0.8985721319547021,0.9330597592570753,None,None,1.0,None,None,1.0,0.03544929925803797,0.07613331227294262,0.055791305765490296,0.4656213975158475,0.4656213975158475,0.9593159869850953,0.9593159869850953,0.0277392510402219,0.09549356223175964,0.06161640663599077,0.29048294347737996,0.29048294347737996,0.9322456888084623,0.9322456888084623,0.03245261344055139,0.10142786804529791,0.06694024074292465,None,None,1.0,None,None,1.0,0.4196428571428571,0.38320209973753283,0.40142247844019496,1.095095401174168,1.095095401174168,1.0364407574053243,1.0364407574053243,0.4447368421052632,0.37605633802816907,0.41039659006671614,1.1826335501675538,1.1826335501675538,1.0686805040770941,1.0686805040770941,0.43144424131627057,0.3739174732552216,0.4026808572857461,None,None,1.0,None,None,1.0,0.7514450867052023,0.7452431289640592,0.7483441078346307,1.0083220596072644,1.0083220596072644,1.0062019577411432,1.0062019577411432,0.7250859106529209,0.7491544532130778,0.7371201819329993,0.9678723893892263,0.9678723893892263,0.9759314574398431,0.9759314574398431,0.7334905660377359,0.748933577087142,0.741212071562439,None,None,1.0,None,None,1.0,0.07436708860759493,0.13026022304832713,0.10231365582796104,0.5709117247557944,0.5709117247557944,0.9441068655592678,0.9441068655592678,0.05684493777329297,0.159688995215311,0.10826696649430198,0.35597279384623914,0.35597279384623914,0.897155942557982,0.897155942557982,0.06546463245492372,0.16742700729927007,0.1164458198770969,None,None,1.0,None,None,1.0
FairGP_input_False_fair_False,s_as_input=False;fair=False,4,0.5009946290033818,0.5028022417934348,0.5003970354685019,0.5015996386309683,0.002764937528876723,1.0027812658655595,1.0027812658655595,1.0013901665904146,0.511660777385159,0.4992475981016321,0.5054541877433956,1.0248637736680708,1.0248637736680708,1.012413179283527,1.012413179283527,0.489945155393053,0.5063496751329002,0.49814741526297657,0.9676023891285375,0.9676023891285375,0.9835954802601528,0.9835954802601528,0.49902200488997556,0.5023474178403756,0.5006847113651756,None,None,1.0,None,None,1.0,0.5627705627705628,0.49669166299073664,0.5297311128806497,1.1330380690949076,1.1330380690949076,1.0660788997798263,1.0660788997798263,0.4587628865979381,0.5109004739336492,0.4848316802657937,0.897949620335482,0.897949620335482,0.947862412664289,0.947862412664289,0.5008726003490401,0.5033766233766234,0.5021246118628317,None,None,1.0,None,None,1.0,0.5016891891891891,0.5001569365976145,0.5009230628934018,1.0030635436189248,1.0030635436189248,1.0015322525915746,1.0015322525915746,0.4941257774706289,0.5042900042900043,0.4992078908803166,0.9798444808881634,0.9798444808881634,0.9898357731806247,0.9898357731806247,0.49872050042649985,0.5018568952711067,0.5002886978488033,None,None,1.0,None,None,1.0,0.49831081081081086,0.4998430634023855,0.4990769371065982,0.9969345326488184,0.9969345326488184,0.9984677474084254,0.9984677474084254,0.5058742225293711,0.49570999570999574,0.5007921091196834,1.0205043814071517,1.0205043814071517,1.0101642268193753,1.0101642268193753,0.5012794995735002,0.49814310472889334,0.49971130215119675,None,None,1.0,None,None,1.0,0.4372294372294372,0.5033083370092634,0.4702688871193503,0.8687108976328958,0.8687108976328958,0.9339211002201738,0.9339211002201738,0.5412371134020619,0.48909952606635076,0.5151683197342063,1.1065991368976265,1.1065991368976265,1.0521375873357113,1.0521375873357113,0.49912739965095987,0.49662337662337663,0.49787538813716825,None,None,1.0,None,None,1.0,0.18055555555555555,0.26119229877058686,0.2208739271630712,0.6912744227353463,0.6912744227353463,0.9193632567849687,0.9193632567849687,0.10840438489646773,0.31808793154322806,0.21324615821984788,0.3408000560427914,0.3408000560427914,0.7903164533532396,0.7903164533532396,0.14,0.32505870513250584,0.23252935256625293,None,None,1.0,None,None,1.0,0.14532374100719425,0.2636321626617375,0.20447795183446588,0.551236766940523,0.551236766940523,0.8816915783454568,0.8816915783454568,0.12804878048780488,0.3050546851906592,0.21655173283923204,0.41975680657969366,0.41975680657969366,0.8229940952971457,0.8229940952971457,0.14019607843137255,0.3204827355011733,0.23033940696627292,None,None,1.0,None,None,1.0
FairGP_input_False_fair_False,s_as_input=False;fair=False,5,0.5064650885219814,0.4949698189134809,0.5102391333069097,0.5026044761101953,0.004494625908739221,0.9721542259635599,0.9721542259635599,0.9861719208820867,0.5170118343195266,0.5048264766720294,0.5109191554957779,1.02413771505771,1.02413771505771,1.012185357647497,1.012185357647497,0.5088253195374315,0.5053191489361702,0.5070722342368008,1.0069385270846012,1.0069385270846012,1.0035061706012613,1.0035061706012613,0.5115298785023555,0.5030725793057632,0.5073012289040594,None,None,1.0,None,None,1.0,0.4722222222222222,0.49713530189510796,0.4846787620586651,0.9498867218282112,0.9498867218282112,0.9750869203271142,0.9750869203271142,0.46736292428198434,0.5,0.48368146214099217,0.9347258485639687,0.9347258485639687,0.9673629242819843,0.9673629242819843,0.4790528233151184,0.4994834710743802,0.4892681471947493,None,None,1.0,None,None,1.0,0.5255281690140845,0.5075392507383802,0.5165337098762324,1.035443403144749,1.035443403144749,1.0179889182757043,1.0179889182757043,0.5142955563210472,0.507715387912559,0.5110054721168031,1.012960348583371,1.012960348583371,1.006580168408488,1.006580168408488,0.5166475315729047,0.5047735618115055,0.5107105466922051,None,None,1.0,None,None,1.0,0.4744718309859155,0.49246074926161976,0.48346629012376763,0.9634713663928013,0.9634713663928013,0.9820110817242957,0.9820110817242957,0.4857044436789528,0.492284612087441,0.4889945278831969,0.9866334062716561,0.9866334062716561,0.9934198315915118,0.9934198315915118,0.48335246842709534,0.49522643818849454,0.48928945330779494,None,None,1.0,None,None,1.0,0.5277777777777778,0.5028646981048921,0.515321237941335,1.0495423118122504,1.0495423118122504,1.0249130796728858,1.0249130796728858,0.5326370757180157,0.5,0.5163185378590078,1.0652741514360313,1.0652741514360313,1.0326370757180157,1.0326370757180157,0.5209471766848817,0.5005165289256198,0.5107318528052507,None,None,1.0,None,None,1.0,0.15912636505460218,0.26256983240223464,0.21084809872841842,0.6060344541441232,0.6060344541441232,0.8965565326523676,0.8965565326523676,0.11264946507237256,0.31391875746714454,0.21328411126975855,0.3588491047215065,0.3588491047215065,0.798730707605228,0.798730707605228,0.13507960965588084,0.32341137123745817,0.2292454904466695,None,None,1.0,None,None,1.0,0.16033755274261605,0.25896504766227874,0.20965130020244738,0.6191474648413376,0.6191474648413376,0.9013725050803373,0.9013725050803373,0.12021213906894519,0.3073099415204678,0.2137610402947065,0.3911755619560348,0.3911755619560348,0.8129021975484774,0.8129021975484774,0.137104506232023,0.3196964698119433,0.22840048802198315,None,None,1.0,None,None,1.0
FairGP_input_False_fair_False,s_as_input=False;fair=False,6,0.8521981300974737,0.6310483870967742,0.9246105096382361,0.7778294483675052,0.5855829055283597,0.33182113593210405,0.33182113593210405,0.8058511737955489,0.8983286908077994,0.8445114875841262,0.8714200891959628,1.0637258391565836,1.0637258391565836,1.0538172032236732,1.0538172032236732,0.9303604153940135,0.8144542772861357,0.8724073463400746,1.1423114118745765,1.1423114118745765,1.1159061381078779,1.1159061381078779,0.9154511742892459,0.8096189049758695,0.8625350396325577,None,None,1.0,None,None,1.0,0.5733333333333334,0.6368070953436807,0.605070214338507,0.9003249767873723,0.9003249767873723,0.9365262379896526,0.9365262379896526,0.5173333333333333,0.6513064133016627,0.584319873317498,0.79430099683929,0.79430099683929,0.8660269200316706,0.8660269200316706,0.5436363636363636,0.655958549222798,0.5997974564295807,None,None,1.0,None,None,1.0,0.9587118084227911,0.9181203834669182,0.9384160959448546,1.044211440772718,1.044211440772718,1.040591424955873,1.040591424955873,0.983787512935495,0.8879144385026738,0.9358509757190845,1.1079755776857236,1.1079755776857236,1.0958730744328213,1.0958730744328213,0.9739628040057224,0.8823240990438833,0.9281434515248028,None,None,1.0,None,None,1.0,0.041288191577208866,0.08187961653308184,0.061583904055145355,0.504254823427601,0.504254823427601,0.959408575044127,0.959408575044127,0.016212487064504955,0.11208556149732618,0.06414902428091557,0.14464384928732954,0.14464384928732954,0.9041269255671788,0.9041269255671788,0.026037195994277562,0.11767590095611669,0.07185654847519712,None,None,1.0,None,None,1.0,0.42666666666666664,0.36319290465631926,0.39492978566149295,1.1747659747659749,1.1747659747659749,1.0634737620103474,1.0634737620103474,0.4826666666666667,0.3486935866983373,0.415680126682502,1.3842143505903726,1.3842143505903726,1.1339730799683294,1.1339730799683294,0.4563636363636364,0.34404145077720205,0.40020254357041923,None,None,1.0,None,None,1.0,0.7206703910614525,0.7337761880429229,0.7272232895521877,0.9821392446429404,0.9821392446429404,0.9868942030185296,0.9868942030185296,0.8049792531120332,0.7234828496042216,0.7642310513581274,1.1126445548120372,1.1126445548120372,1.0814964035078116,1.0814964035078116,0.7666666666666667,0.7250859106529209,0.7458762886597938,None,None,1.0,None,None,1.0,0.07637231503579953,0.12295451133463443,0.09966341318521699,0.621142845486521,0.621142845486521,0.9534178037011651,0.9534178037011651,0.05967688757006264,0.1502558853633572,0.10496638646670993,0.397168386620921,0.397168386620921,0.9094210022067054,0.9094210022067054,0.06867305061559507,0.15575885526624442,0.11221595294091974,None,None,1.0,None,None,1.0
FairGP_input_False_fair_False,s_as_input=False;fair=False,7,0.8492142430873284,0.6429423459244533,0.9180262634301631,0.7804843046773082,0.5843190639041537,0.36521248806400985,0.36521248806400985,0.8100518812495114,0.8858543417366946,0.8431486204498029,0.8645014810932488,1.050650288989513,1.050650288989513,1.0427057212868918,1.0427057212868918,0.9264029438822448,0.8121595760341528,0.8692812599581987,1.1406661587442612,1.1406661587442612,1.114243367848092,1.114243367848092,0.9111001964636543,0.8070879304580408,0.8590940634608475,None,None,1.0,None,None,1.0,0.5903614457831325,0.6487202118270079,0.6195408288050702,0.9100401606425703,0.9100401606425703,0.9416412339561246,0.9416412339561246,0.5433070866141733,0.6607310215557638,0.6020190540849686,0.8222817892444296,0.8222817892444296,0.8825760650584095,0.8825760650584095,0.5721739130434783,0.6639175257731958,0.6180457194083371,None,None,1.0,None,None,1.0,0.9482612383375743,0.9124213836477988,0.9303413109926866,1.039279937244007,1.039279937244007,1.0358398546897756,1.0358398546897756,0.9770833333333333,0.8815196394075981,0.9293014863704657,1.1084079011443877,1.1084079011443877,1.0955636939257352,1.0955636939257352,0.9668287103231341,0.875804057397328,0.9213163838602311,None,None,1.0,None,None,1.0,0.05173876166242575,0.08757861635220121,0.06965868900731348,0.5907693432190807,0.5907693432190807,0.9641601453102245,0.9641601453102245,0.022916666666666696,0.11848036059240186,0.07069851362953428,0.1934216485507248,0.1934216485507248,0.9044363060742648,0.9044363060742648,0.03317128967686589,0.12419594260267197,0.07868361613976893,None,None,1.0,None,None,1.0,0.40963855421686746,0.3512797881729921,0.3804591711949298,1.1661318641399767,1.1661318641399767,1.0583587660438754,1.0583587660438754,0.45669291338582674,0.3392689784442362,0.39798094591503147,1.3461086701178926,1.3461086701178926,1.1174239349415904,1.1174239349415904,0.4278260869565217,0.33608247422680415,0.3819542805916629,None,None,1.0,None,None,1.0,0.7067307692307693,0.7252096694622595,0.7159702193465144,0.9745192307692309,0.9745192307692309,0.9815210997685098,0.9815210997685098,0.7582417582417582,0.7186544342507645,0.7384480962462614,1.0550853401917233,1.0550853401917233,1.0395873239909936,1.0395873239909936,0.7393258426966293,0.7195530726256983,0.7294394576611638,None,None,1.0,None,None,1.0,0.08360655737704918,0.12062433702076072,0.10211544719890495,0.693115165993904,0.693115165993904,0.9629822203562884,0.9629822203562884,0.05823293172690763,0.14986545228731113,0.10404919200710938,0.3885680844926668,0.3885680844926668,0.9083674794395965,0.9083674794395965,0.06782464846980976,0.15553435114503816,0.11167949980742396,None,None,1.0,None,None,1.0
FairGP_input_False_fair_False,s_as_input=False;fair=False,8,0.849015317286652,0.5707818930041152,0.9376967471143757,0.7542393200592454,0.5603798162982533,0.37370284089692335,0.37370284089692335,0.8448602572736507,0.8967509025270758,0.8413888568462337,0.8690698796866547,1.0657984060881849,1.0657984060881849,1.0553620456808421,1.0553620456808421,0.9308462238398544,0.8090868728725766,0.8699665483562156,1.1504898361964324,1.1504898361964324,1.1217593509672779,1.1217593509672779,0.9153295482596889,0.8042645343994669,0.8597970413295779,None,None,1.0,None,None,1.0,0.5215311004784688,0.5754164790634849,0.5484737897709768,0.9063541268878554,0.9063541268878554,0.9461146214149839,0.9461146214149839,0.5371900826446281,0.5766811804547654,0.5569356315496967,0.9315200510288979,0.9315200510288979,0.9605089021898627,0.9605089021898627,0.5305343511450382,0.5818467995802729,0.5561905753626555,None,None,1.0,None,None,1.0,0.9634353741496599,0.9330024813895782,0.948218927769619,1.032618233463598,1.032618233463598,1.0304328927600817,1.0304328927600817,0.9795501022494888,0.9115138592750534,0.9455319807622711,1.0746409308889129,1.0746409308889129,1.0680362429744354,1.0680362429744354,0.9724978735469237,0.9077373688064437,0.9401176211766837,None,None,1.0,None,None,1.0,0.03656462585034015,0.0669975186104218,0.051781072230380976,0.5457608969513736,0.5457608969513736,0.9695671072399183,0.9695671072399183,0.020449897750511203,0.08848614072494665,0.054468019237728926,0.23110848301180142,0.23110848301180142,0.9319637570255646,0.9319637570255646,0.02750212645307626,0.09226263119355627,0.05988237882331626,None,None,1.0,None,None,1.0,0.47846889952153115,0.4245835209365151,0.4515262102290231,1.1269134950554833,1.1269134950554833,1.053885378585016,1.053885378585016,0.4628099173553719,0.42331881954523465,0.4430643684503033,1.0932892561983472,1.0932892561983472,1.0394910978101373,1.0394910978101373,0.4694656488549618,0.41815320041972714,0.44380942463734446,None,None,1.0,None,None,1.0,0.7171052631578947,0.7473684210526316,0.7322368421052632,0.9595070422535211,0.9595070422535211,0.9697368421052631,0.9697368421052631,0.7647058823529411,0.7417548226509023,0.7532303525019217,1.0309415712593761,1.0309415712593761,1.0229510597020388,1.0229510597020388,0.7413333333333333,0.7457969065232011,0.7435651199282671,None,None,1.0,None,None,1.0,0.08110300081103,0.13550797528380515,0.10830548804741758,0.5985109041823519,0.5985109041823519,0.9455950255272249,0.9455950255272249,0.055226824457593686,0.16990291262135923,0.11256486853947646,0.32504930966469425,0.32504930966469425,0.8853239118362345,0.8853239118362345,0.06692056583242655,0.17648361381753763,0.1217020898249821,None,None,1.0,None,None,1.0
FairGP_input_False_fair_False,s_as_input=False;fair=False,9,0.8502088720907102,0.6139927623642943,0.9278445883441259,0.7709186753542101,0.5778836301907828,0.349131967282431,0.349131967282431,0.8178873417638322,0.8907142857142857,0.8436561127802172,0.8671851992472515,1.055778856125384,1.055778856125384,1.0470581729340684,1.0470581729340684,0.9166666666666666,0.8182621502209131,0.8674644084437899,1.1202603791696664,1.1202603791696664,1.0984045164457537,1.0984045164457537,0.90501968503937,0.8130217028380634,0.8590206939387167,None,None,1.0,None,None,1.0,0.5589519650655022,0.6195748449955713,0.5892634050305368,0.902154065130739,0.902154065130739,0.9393771200699309,0.9393771200699309,0.4656084656084656,0.64058795637743,0.5530982109929479,0.7268454877633264,0.7268454877633264,0.8250205092310355,0.8250205092310355,0.5097690941385435,0.6444906444906445,0.5771298693145941,None,None,1.0,None,None,1.0,0.955593509820666,0.9227642276422764,0.9391788687314713,1.0355771075589597,1.0355771075589597,1.0328292821783895,1.0328292821783895,0.9757449757449758,0.8983123264259774,0.9370286510854766,1.0861979147353702,1.0861979147353702,1.0774326493189985,1.0774326493189985,0.9685804055984004,0.8927693064436792,0.9306748560210398,None,None,1.0,None,None,1.0,0.04440649017933396,0.07723577235772361,0.06082113126852878,0.574947188637692,0.574947188637692,0.9671707178216103,0.9671707178216103,0.024255024255024238,0.10168767357402264,0.06297134891452344,0.2385247238188413,0.2385247238188413,0.9225673506810016,0.9225673506810016,0.03141959440159958,0.10723069355632076,0.06932514397896017,None,None,1.0,None,None,1.0,0.44104803493449785,0.38042515500442875,0.4107365949694633,1.159355602889518,1.159355602889518,1.0606228799300692,1.0606228799300692,0.5343915343915344,0.35941204362256995,0.4469017890070522,1.486849269171169,1.486849269171169,1.1749794907689646,1.1749794907689646,0.49023090586145646,0.3555093555093555,0.42287013068540596,None,None,1.0,None,None,1.0,0.7111111111111111,0.7390385631273112,0.7250748371192112,0.9622111031689301,0.9622111031689301,0.9720725479837999,0.9720725479837999,0.7154471544715447,0.7394636015325671,0.7274553780020558,0.9675217995703272,0.9675217995703272,0.9759835529389776,0.9759835529389776,0.7229219143576826,0.7398568019093079,0.7313893581334953,None,None,1.0,None,None,1.0,0.08278688524590164,0.12705221121135926,0.10491954822863045,0.65159735872822,0.65159735872822,0.9557346740345424,0.9557346740345424,0.06693174287607687,0.152730203505944,0.10983097319101043,0.4382351449788516,0.4382351449788516,0.9142015393701328,0.9142015393701328,0.07526588491955277,0.15855354659248957,0.11690971575602117,None,None,1.0,None,None,1.0
