algorithm,params,run-id,accuracy,TPR,TNR,BCR,MCC,DIbinary,DIavgall,CV,0-accuracy,1-accuracy,sex-accuracy,0-accuracy_over_1-accuracy,sex-accuracyRatio,diff:1-accuracyto0-accuracy,sex-accuracyDiff,0-accuracy,1-accuracy,age-accuracy,0-accuracy_over_1-accuracy,age-accuracyRatio,diff:1-accuracyto0-accuracy,age-accuracyDiff,0-accuracy,1-accuracy,sex-age-accuracy,0-accuracy_over_1-1-accuracy,1-accuracy_over_1-1-accuracy,sex-age-accuracyRatio,diff:1-1-accuracyto0-accuracy,diff:1-1-accuracyto1-accuracy,sex-age-accuracyDiff,0-TPR,1-TPR,sex-TPR,0-TPR_over_1-TPR,sex-TPRRatio,diff:1-TPRto0-TPR,sex-TPRDiff,0-TPR,1-TPR,age-TPR,0-TPR_over_1-TPR,age-TPRRatio,diff:1-TPRto0-TPR,age-TPRDiff,0-TPR,1-TPR,sex-age-TPR,0-TPR_over_1-1-TPR,1-TPR_over_1-1-TPR,sex-age-TPRRatio,diff:1-1-TPRto0-TPR,diff:1-1-TPRto1-TPR,sex-age-TPRDiff,0-TNR,1-TNR,sex-TNR,0-TNR_over_1-TNR,sex-TNRRatio,diff:1-TNRto0-TNR,sex-TNRDiff,0-TNR,1-TNR,age-TNR,0-TNR_over_1-TNR,age-TNRRatio,diff:1-TNRto0-TNR,age-TNRDiff,0-TNR,1-TNR,sex-age-TNR,0-TNR_over_1-1-TNR,1-TNR_over_1-1-TNR,sex-age-TNRRatio,diff:1-1-TNRto0-TNR,diff:1-1-TNRto1-TNR,sex-age-TNRDiff,0-FPR,1-FPR,sex-FPR,0-FPR_over_1-FPR,sex-FPRRatio,diff:1-FPRto0-FPR,sex-FPRDiff,0-FPR,1-FPR,age-FPR,0-FPR_over_1-FPR,age-FPRRatio,diff:1-FPRto0-FPR,age-FPRDiff,0-FPR,1-FPR,sex-age-FPR,0-FPR_over_1-1-FPR,1-FPR_over_1-1-FPR,sex-age-FPRRatio,diff:1-1-FPRto0-FPR,diff:1-1-FPRto1-FPR,sex-age-FPRDiff,0-FNR,1-FNR,sex-FNR,0-FNR_over_1-FNR,sex-FNRRatio,diff:1-FNRto0-FNR,sex-FNRDiff,0-FNR,1-FNR,age-FNR,0-FNR_over_1-FNR,age-FNRRatio,diff:1-FNRto0-FNR,age-FNRDiff,0-FNR,1-FNR,sex-age-FNR,0-FNR_over_1-1-FNR,1-FNR_over_1-1-FNR,sex-age-FNRRatio,diff:1-1-FNRto0-FNR,diff:1-1-FNRto1-FNR,sex-age-FNRDiff,0-calibration+,1-calibration+,sex-calibration+,0-calibration+_over_1-calibration+,sex-calibration+Ratio,diff:1-calibration+to0-calibration+,sex-calibration+Diff,0-calibration+,1-calibration+,age-calibration+,0-calibration+_over_1-calibration+,age-calibration+Ratio,diff:1-calibration+to0-calibration+,age-calibration+Diff,0-calibration+,1-calibration+,sex-age-calibration+,0-calibration+_over_1-1-calibration+,1-calibration+_over_1-1-calibration+,sex-age-calibration+Ratio,diff:1-1-calibration+to0-calibration+,diff:1-1-calibration+to1-calibration+,sex-age-calibration+Diff,0-calibration-,1-calibration-,sex-calibration-,0-calibration-_over_1-calibration-,sex-calibration-Ratio,diff:1-calibration-to0-calibration-,sex-calibration-Diff,0-calibration-,1-calibration-,age-calibration-,0-calibration-_over_1-calibration-,age-calibration-Ratio,diff:1-calibration-to0-calibration-,age-calibration-Diff,0-calibration-,1-calibration-,sex-age-calibration-,0-calibration-_over_1-1-calibration-,1-calibration-_over_1-1-calibration-,sex-age-calibration-Ratio,diff:1-1-calibration-to0-calibration-,diff:1-1-calibration-to1-calibration-,sex-age-calibration-Diff
FairGP_input_True_fair_True,s_as_input=True;fair=True,0,0.7574850299401198,0.9333333333333333,0.3944954128440367,0.6639143730886851,0.40577286644692767,0.9123123123123124,0.9123123123123124,0.9252432155657963,0.7311827956989247,0.7676348547717843,0.7494088252353546,0.9525138041267073,0.9525138041267073,0.9635479409271405,0.9635479409271405,0.6,0.7820069204152249,0.6910034602076125,0.7672566371681415,0.7672566371681415,0.8179930795847751,0.8179930795847751,0.7094017094017094,0.783410138248848,0.7464059238252787,None,None,1.0,None,None,1.0,0.9454545454545454,0.9294117647058824,0.937433155080214,1.0172612197928652,1.0172612197928652,1.0160427807486632,1.0160427807486632,0.7619047619047619,0.9509803921568627,0.8564425770308123,0.801178203240059,0.801178203240059,0.8109243697478992,0.8109243697478992,0.9130434782608695,0.9423076923076923,0.9276755852842808,None,None,1.0,None,None,1.0,0.42105263157894735,0.38028169014084506,0.4006671608598962,1.1072124756335282,1.1072124756335282,1.0407709414381023,1.0407709414381023,0.4583333333333333,0.3764705882352941,0.4174019607843137,1.2174479166666667,1.2174479166666667,1.0818627450980391,1.0818627450980391,0.4166666666666667,0.3770491803278688,0.3968579234972678,None,None,1.0,None,None,1.0,0.5789473684210527,0.619718309859155,0.5993328391401038,0.9342105263157894,0.9342105263157894,0.9592290585618977,0.9592290585618977,0.5416666666666667,0.6235294117647059,0.5825980392156863,0.8687106918238995,0.8687106918238995,0.9181372549019609,0.9181372549019609,0.5833333333333333,0.6229508196721312,0.6031420765027322,None,None,1.0,None,None,1.0,0.054545454545454564,0.07058823529411762,0.06256684491978609,0.7727272727272733,0.7727272727272733,0.983957219251337,0.983957219251337,0.23809523809523814,0.0490196078431373,0.14355742296918772,4.857142857142853,4.857142857142853,1.1890756302521008,1.1890756302521008,0.08695652173913049,0.05769230769230771,0.0723244147157191,None,None,1.0,None,None,1.0,0.7027027027027027,0.7821782178217822,0.7424404602622425,0.898392062949025,0.898392062949025,0.9205244848809205,0.9205244848809205,0.5517241379310345,0.7854251012145749,0.6685746195728046,0.7024528972627089,0.7024528972627089,0.7662990367164596,0.7662990367164596,0.6923076923076923,0.7945945945945946,0.7434511434511435,None,None,1.0,None,None,1.0,0.15789473684210525,0.3076923076923077,0.23279352226720648,0.513157894736842,0.513157894736842,0.8502024291497976,0.8502024291497976,0.3125,0.23809523809523808,0.27529761904761907,1.3125,1.3125,1.0744047619047619,1.0744047619047619,0.23076923076923078,0.28125,0.2560096153846154,None,None,1.0,None,None,1.0
FairGP_input_True_fair_True,s_as_input=True;fair=True,1,0.7604790419161677,0.851063829787234,0.5454545454545454,0.6982591876208897,0.40957816967498883,0.8658956692913387,0.8658956692913387,0.8963444786792956,0.7592592592592593,0.7610619469026548,0.7601606030809571,0.9976313522825152,0.9976313522825152,0.9981973123566045,0.9981973123566045,0.5434782608695652,0.7951388888888888,0.669308574879227,0.6835010442377065,0.6835010442377065,0.7483393719806763,0.7483393719806763,0.7244094488188977,0.782608695652174,0.7535090722355358,None,None,1.0,None,None,1.0,0.8333333333333334,0.8588957055214724,0.8461145194274029,0.9702380952380952,0.9702380952380952,0.9744376278118609,0.9744376278118609,0.6206896551724138,0.883495145631068,0.7520924004017409,0.7025388404698749,0.7025388404698749,0.7371945095413458,0.7371945095413458,0.7976190476190477,0.8807947019867549,0.8392068748029013,None,None,1.0,None,None,1.0,0.6111111111111112,0.5079365079365079,0.5595238095238095,1.2031250000000002,1.2031250000000002,1.1031746031746033,1.1031746031746033,0.4117647058823529,0.573170731707317,0.492467718794835,0.7183979974968712,0.7183979974968712,0.8385939741750359,0.8385939741750359,0.5813953488372093,0.5178571428571429,0.5496262458471761,None,None,1.0,None,None,1.0,0.38888888888888884,0.4920634920634921,0.44047619047619047,0.7903225806451611,0.7903225806451611,0.8968253968253967,0.8968253968253967,0.5882352941176471,0.426829268292683,0.507532281205165,1.3781512605042017,1.3781512605042017,1.161406025824964,1.161406025824964,0.41860465116279066,0.4821428571428571,0.4503737541528239,None,None,1.0,None,None,1.0,0.16666666666666663,0.14110429447852757,0.1538854805725971,1.1811594202898552,1.1811594202898552,1.025562372188139,1.025562372188139,0.3793103448275862,0.11650485436893199,0.2479075995982591,3.2557471264367828,3.2557471264367828,1.2628054904586543,1.2628054904586543,0.20238095238095233,0.11920529801324509,0.1607931251970987,None,None,1.0,None,None,1.0,0.8108108108108109,0.8187134502923976,0.8147621305516042,0.9903474903474905,0.9903474903474905,0.9920973605184132,0.9920973605184132,0.6428571428571429,0.8387096774193549,0.7407834101382489,0.7664835164835165,0.7664835164835165,0.804147465437788,0.804147465437788,0.788235294117647,0.83125,0.8097426470588236,None,None,1.0,None,None,1.0,0.35294117647058826,0.41818181818181815,0.3855614973262032,0.843989769820972,0.843989769820972,0.9347593582887701,0.9347593582887701,0.6111111111111112,0.3380281690140845,0.47456964006259783,1.8078703703703705,1.8078703703703705,1.2730829420970267,1.2730829420970267,0.40476190476190477,0.3829787234042553,0.39387031408308004,None,None,1.0,None,None,1.0
FairGP_input_True_fair_True,s_as_input=True;fair=True,2,0.7395209580838323,0.9134199134199135,0.34951456310679613,0.6314672382633548,0.3250541583809119,1.009663182346109,1.009663182346109,1.0080144877278157,0.7263157894736842,0.7447698744769874,0.7355428319753359,0.9752217622708458,0.9752217622708458,0.9815459149966969,0.9815459149966969,0.64,0.7570422535211268,0.6985211267605633,0.8453953488372093,0.8453953488372093,0.8829577464788733,0.8829577464788733,0.7073170731707317,0.7582938388625592,0.7328054560166455,None,None,1.0,None,None,1.0,0.9344262295081968,0.9058823529411765,0.9201542912246866,1.0315094741324249,1.0315094741324249,1.0285438765670203,1.0285438765670203,0.9259259259259259,0.9117647058823529,0.9188453159041394,1.015531660692951,1.015531660692951,1.014161220043573,1.014161220043573,0.935064935064935,0.9025974025974026,0.9188311688311688,None,None,1.0,None,None,1.0,0.35294117647058826,0.34782608695652173,0.350383631713555,1.0147058823529413,1.0147058823529413,1.0051150895140666,1.0051150895140666,0.30434782608695654,0.3625,0.3334239130434783,0.8395802098950526,0.8395802098950526,0.9418478260869565,0.9418478260869565,0.32608695652173914,0.3684210526315789,0.347254004576659,None,None,1.0,None,None,1.0,0.6470588235294117,0.6521739130434783,0.649616368286445,0.992156862745098,0.992156862745098,0.9948849104859334,0.9948849104859334,0.6956521739130435,0.6375,0.6665760869565217,1.091219096334186,1.091219096334186,1.0581521739130435,1.0581521739130435,0.6739130434782609,0.631578947368421,0.652745995423341,None,None,1.0,None,None,1.0,0.06557377049180324,0.09411764705882353,0.07984570877531338,0.6967213114754094,0.6967213114754094,0.9714561234329797,0.9714561234329797,0.07407407407407407,0.08823529411764708,0.08115468409586057,0.8395061728395059,0.8395061728395059,0.985838779956427,0.985838779956427,0.06493506493506496,0.09740259740259738,0.08116883116883117,None,None,1.0,None,None,1.0,0.7215189873417721,0.7738693467336684,0.7476941670377202,0.9323524576689133,0.9323524576689133,0.9476496406081037,0.9476496406081037,0.6097560975609756,0.7848101265822784,0.697283112071627,0.7769472856018883,0.7769472856018883,0.8249459709786972,0.8249459709786972,0.6990291262135923,0.7942857142857143,0.7466574202496532,None,None,1.0,None,None,1.0,0.25,0.4,0.325,0.625,0.625,0.85,0.85,0.2222222222222222,0.3829787234042553,0.30260047281323876,0.5802469135802469,0.5802469135802469,0.8392434988179669,0.8392434988179669,0.25,0.4166666666666667,0.33333333333333337,None,None,1.0,None,None,1.0
FairGP_input_True_fair_True,s_as_input=True;fair=True,3,0.7155688622754491,0.8755364806866953,0.3465346534653465,0.6110355670760209,0.25915458026910176,0.968095238095238,0.968095238095238,0.9739096573208722,0.6826923076923077,0.7304347826086957,0.7065635451505017,0.9346382783882784,0.9346382783882784,0.952257525083612,0.952257525083612,0.6136363636363636,0.7310344827586207,0.6723354231974922,0.8394082332761578,0.8394082332761578,0.8826018808777429,0.8826018808777429,0.675,0.7383177570093458,0.7066588785046729,None,None,1.0,None,None,1.0,0.8805970149253731,0.8734939759036144,0.8770454954144937,1.0081317550180133,1.0081317550180133,1.0071030390217586,1.0071030390217586,0.7857142857142857,0.8878048780487805,0.8367595818815331,0.8850078492935636,0.8850078492935636,0.8979094076655052,0.8979094076655052,0.8589743589743589,0.8838709677419355,0.8714226633581472,None,None,1.0,None,None,1.0,0.32432432432432434,0.359375,0.34184966216216217,0.9024676850763808,0.9024676850763808,0.9649493243243243,0.9649493243243243,0.3125,0.35294117647058826,0.33272058823529416,0.8854166666666666,0.8854166666666666,0.9595588235294117,0.9595588235294117,0.3333333333333333,0.3559322033898305,0.3446327683615819,None,None,1.0,None,None,1.0,0.6756756756756757,0.640625,0.6581503378378378,1.054713249835201,1.054713249835201,1.0350506756756757,1.0350506756756757,0.6875,0.6470588235294117,0.6672794117647058,1.0625000000000002,1.0625000000000002,1.0404411764705883,1.0404411764705883,0.6666666666666667,0.6440677966101696,0.6553672316384181,None,None,1.0,None,None,1.0,0.11940298507462688,0.12650602409638556,0.12295450458550622,0.9438521677327647,0.9438521677327647,0.9928969609782413,0.9928969609782413,0.2142857142857143,0.1121951219512195,0.1632404181184669,1.909937888198758,1.909937888198758,1.1020905923344948,1.1020905923344948,0.14102564102564108,0.11612903225806448,0.12857733664185278,None,None,1.0,None,None,1.0,0.7023809523809523,0.7795698924731183,0.7409754224270353,0.9009852216748768,0.9009852216748768,0.9228110599078341,0.9228110599078341,0.6666666666666666,0.7679324894514767,0.7172995780590716,0.8681318681318682,0.8681318681318682,0.8987341772151899,0.8987341772151899,0.7052631578947368,0.7828571428571428,0.7440601503759399,None,None,1.0,None,None,1.0,0.4,0.4772727272727273,0.43863636363636366,0.8380952380952381,0.8380952380952381,0.9227272727272727,0.9227272727272727,0.5454545454545454,0.4339622641509434,0.4897084048027444,1.2569169960474307,1.2569169960474307,1.111492281303602,1.111492281303602,0.44,0.46153846153846156,0.4507692307692308,None,None,1.0,None,None,1.0
FairGP_input_True_fair_True,s_as_input=True;fair=True,4,0.7514970059880239,0.9130434782608695,0.3942307692307692,0.6536371237458194,0.3682650551539036,0.9333760997067448,0.9333760997067448,0.9441628264208909,0.696078431372549,0.7758620689655172,0.7359702501690331,0.8971677559912854,0.8971677559912854,0.9202163624070318,0.9202163624070318,0.7058823529411765,0.7597173144876325,0.7327998337144045,0.929138166894665,0.929138166894665,0.946165038453544,0.946165038453544,0.6935483870967742,0.7857142857142857,0.73963133640553,None,None,1.0,None,None,1.0,0.8870967741935484,0.9226190476190477,0.904857910906298,0.9614984391259105,0.9614984391259105,0.9644777265745007,0.9644777265745007,0.9629629629629629,0.9064039408866995,0.9346834519248313,1.0623993558776166,1.0623993558776166,1.0565590220762635,1.0565590220762635,0.9041095890410958,0.9171974522292994,0.9106535206351976,None,None,1.0,None,None,1.0,0.4,0.390625,0.3953125,1.024,1.024,1.009375,1.009375,0.4166666666666667,0.3875,0.40208333333333335,1.075268817204301,1.075268817204301,1.0291666666666668,1.0291666666666668,0.39215686274509803,0.39622641509433965,0.39419163891971887,None,None,1.0,None,None,1.0,0.6,0.609375,0.6046875,0.9846153846153846,0.9846153846153846,0.990625,0.990625,0.5833333333333333,0.6125,0.5979166666666667,0.9523809523809522,0.9523809523809522,0.9708333333333332,0.9708333333333332,0.607843137254902,0.6037735849056604,0.6058083610802811,None,None,1.0,None,None,1.0,0.11290322580645162,0.07738095238095233,0.09514208909370198,1.4590570719602989,1.4590570719602989,1.0355222734254994,1.0355222734254994,0.03703703703703709,0.09359605911330049,0.06531654807516879,0.39571150097465946,0.39571150097465946,0.9434409779237366,0.9434409779237366,0.09589041095890416,0.08280254777070062,0.08934647936480239,None,None,1.0,None,None,1.0,0.6962025316455697,0.7989690721649485,0.747585801905259,0.8713760718660678,0.8713760718660678,0.8972334594806212,0.8972334594806212,0.65,0.7896995708154506,0.7198497854077253,0.8230978260869566,0.8230978260869566,0.8603004291845494,0.8603004291845494,0.6804123711340206,0.8181818181818182,0.7492970946579194,None,None,1.0,None,None,1.0,0.30434782608695654,0.34210526315789475,0.3232265446224256,0.8896321070234114,0.8896321070234114,0.9622425629290619,0.9622425629290619,0.09090909090909091,0.38,0.23545454545454547,0.23923444976076555,0.23923444976076555,0.7109090909090909,0.7109090909090909,0.25925925925925924,0.38235294117647056,0.32080610021786493,None,None,1.0,None,None,1.0
FairGP_input_True_fair_True,s_as_input=True;fair=True,5,0.7245508982035929,0.905829596412556,0.36036036036036034,0.6330949783864581,0.3245333595638667,0.9940839974575858,0.9940839974575858,0.9951547671485205,0.6630434782608695,0.7479338842975206,0.7054886812791951,0.886500120105693,0.886500120105693,0.9151095939633489,0.9151095939633489,0.7209302325581395,0.7250859106529209,0.7230080716055303,0.994268709357434,0.994268709357434,0.9958443219052185,0.9958443219052185,0.6814159292035398,0.746606334841629,0.7140111320225844,None,None,1.0,None,None,1.0,0.8688524590163934,0.9197530864197531,0.8943027727180732,0.9446583782594344,0.9446583782594344,0.9490993725966403,0.9490993725966403,0.92,0.9040404040404041,0.9120202020202021,1.0176536312849163,1.0176536312849163,1.015959595959596,1.015959595959596,0.8783783783783784,0.9194630872483222,0.8989207328133503,None,None,1.0,None,None,1.0,0.25806451612903225,0.4,0.32903225806451614,0.6451612903225806,0.6451612903225806,0.8580645161290322,0.8580645161290322,0.4444444444444444,0.34408602150537637,0.3942652329749104,1.2916666666666665,1.2916666666666665,1.1003584229390682,1.1003584229390682,0.3076923076923077,0.3888888888888889,0.3482905982905983,None,None,1.0,None,None,1.0,0.7419354838709677,0.6,0.6709677419354838,1.2365591397849462,1.2365591397849462,1.1419354838709679,1.1419354838709679,0.5555555555555556,0.6559139784946236,0.6057347670250897,0.8469945355191257,0.8469945355191257,0.899641577060932,0.899641577060932,0.6923076923076923,0.6111111111111112,0.6517094017094017,None,None,1.0,None,None,1.0,0.1311475409836066,0.08024691358024694,0.10569722728192676,1.6343001261034047,1.6343001261034047,1.0509006274033597,1.0509006274033597,0.07999999999999996,0.09595959595959591,0.08797979797979794,0.8336842105263158,0.8336842105263158,0.984040404040404,0.984040404040404,0.1216216216216216,0.08053691275167785,0.10107926718664972,None,None,1.0,None,None,1.0,0.6973684210526315,0.7563451776649747,0.7268567993588031,0.922024019780996,0.922024019780996,0.9410232433876569,0.9410232433876569,0.696969696969697,0.7458333333333333,0.7214015151515152,0.9344845099035044,0.9344845099035044,0.9511363636363637,0.9511363636363637,0.7065217391304348,0.7569060773480663,0.7317139082392505,None,None,1.0,None,None,1.0,0.5,0.28888888888888886,0.39444444444444443,1.7307692307692308,1.7307692307692308,1.2111111111111112,1.2111111111111112,0.2,0.37254901960784315,0.28627450980392155,0.5368421052631579,0.5368421052631579,0.8274509803921568,0.8274509803921568,0.42857142857142855,0.3,0.36428571428571427,None,None,1.0,None,None,1.0
FairGP_input_True_fair_True,s_as_input=True;fair=True,6,0.7245508982035929,0.9166666666666666,0.3113207547169811,0.6139937106918238,0.29268806719740575,0.9547829219960368,0.9547829219960368,0.9611815651098051,0.6847826086956522,0.7396694214876033,0.7122260150916278,0.9257954821471946,0.9257954821471946,0.9451131872080489,0.9451131872080489,0.6296296296296297,0.7428571428571429,0.6862433862433863,0.8475783475783476,0.8475783475783476,0.8867724867724868,0.8867724867724868,0.680327868852459,0.75,0.7151639344262295,None,None,1.0,None,None,1.0,0.9285714285714286,0.9127906976744186,0.9206810631229236,1.0172884440400365,1.0172884440400365,1.01578073089701,1.01578073089701,0.84375,0.9285714285714286,0.8861607142857143,0.9086538461538461,0.9086538461538461,0.9151785714285714,0.9151785714285714,0.8860759493670886,0.9328859060402684,0.9094809277036785,None,None,1.0,None,None,1.0,0.3055555555555556,0.3142857142857143,0.30992063492063493,0.9722222222222223,0.9722222222222223,0.9912698412698413,0.9912698412698413,0.3181818181818182,0.30952380952380953,0.31385281385281383,1.027972027972028,1.027972027972028,1.0086580086580086,1.0086580086580086,0.3023255813953488,0.31746031746031744,0.30989294942783313,None,None,1.0,None,None,1.0,0.6944444444444444,0.6857142857142857,0.6900793650793651,1.0127314814814814,1.0127314814814814,1.0087301587301587,1.0087301587301587,0.6818181818181819,0.6904761904761905,0.6861471861471862,0.9874608150470221,0.9874608150470221,0.9913419913419914,0.9913419913419914,0.6976744186046512,0.6825396825396826,0.6901070505721669,None,None,1.0,None,None,1.0,0.0714285714285714,0.08720930232558144,0.07931893687707642,0.8190476190476182,0.8190476190476182,0.98421926910299,0.98421926910299,0.15625,0.0714285714285714,0.1138392857142857,2.187500000000001,2.187500000000001,1.0848214285714286,1.0848214285714286,0.11392405063291144,0.06711409395973156,0.0905190722963215,None,None,1.0,None,None,1.0,0.6753246753246753,0.7658536585365854,0.7205891669306304,0.881793365869799,0.881793365869799,0.90947101678809,0.90947101678809,0.6428571428571429,0.7583333333333333,0.700595238095238,0.8477237048665621,0.8477237048665621,0.8845238095238096,0.8845238095238096,0.7,0.7637362637362637,0.7318681318681318,None,None,1.0,None,None,1.0,0.26666666666666666,0.40540540540540543,0.33603603603603605,0.6577777777777777,0.6577777777777777,0.8612612612612612,0.8612612612612612,0.4166666666666667,0.35,0.3833333333333333,1.1904761904761907,1.1904761904761907,1.0666666666666667,1.0666666666666667,0.4090909090909091,0.3333333333333333,0.3712121212121212,None,None,1.0,None,None,1.0
FairGP_input_True_fair_True,s_as_input=True;fair=True,7,0.7455089820359282,0.8936170212765957,0.3939393939393939,0.6437782076079948,0.33365890504928897,1.0170948616600792,1.0170948616600792,1.0137383363112966,0.6938775510204082,0.7669491525423728,0.7304133517813904,0.9047243206674935,0.9047243206674935,0.9269283984780353,0.9269283984780353,0.6511627906976745,0.7594501718213058,0.7053064812594901,0.8574134483847207,0.8574134483847207,0.8917126188763687,0.8917126188763687,0.7043478260869566,0.7671232876712328,0.7357355568790946,None,None,1.0,None,None,1.0,0.9032258064516129,0.8901734104046243,0.8966996084281186,1.0146627565982405,1.0146627565982405,1.0130523960469886,1.0130523960469886,0.9583333333333334,0.8862559241706162,0.9222946287519748,1.0813279857397504,1.0813279857397504,1.0720774091627172,1.0720774091627172,0.9166666666666666,0.8834355828220859,0.9000511247443763,None,None,1.0,None,None,1.0,0.3333333333333333,0.42857142857142855,0.38095238095238093,0.7777777777777778,0.7777777777777778,0.9047619047619048,0.9047619047619048,0.2631578947368421,0.425,0.34407894736842104,0.6191950464396284,0.6191950464396284,0.8381578947368421,0.8381578947368421,0.3488372093023256,0.42857142857142855,0.38870431893687707,None,None,1.0,None,None,1.0,0.6666666666666667,0.5714285714285714,0.6190476190476191,1.166666666666667,1.166666666666667,1.0952380952380953,1.0952380952380953,0.736842105263158,0.575,0.655921052631579,1.2814645308924488,1.2814645308924488,1.161842105263158,1.161842105263158,0.6511627906976745,0.5714285714285714,0.6112956810631229,None,None,1.0,None,None,1.0,0.09677419354838712,0.10982658959537572,0.10330039157188142,0.8811544991511038,0.8811544991511038,0.9869476039530114,0.9869476039530114,0.04166666666666663,0.11374407582938384,0.07770537124802523,0.36631944444444425,0.36631944444444425,0.9279225908372828,0.9279225908372828,0.08333333333333337,0.1165644171779141,0.09994887525562374,None,None,1.0,None,None,1.0,0.7,0.8105263157894737,0.7552631578947369,0.8636363636363636,0.8636363636363636,0.8894736842105263,0.8894736842105263,0.6216216216216216,0.8025751072961373,0.7120983644588794,0.7745338921809509,0.7745338921809509,0.8190465143254843,0.8190465143254843,0.7021276595744681,0.8181818181818182,0.7601547388781431,None,None,1.0,None,None,1.0,0.3333333333333333,0.41304347826086957,0.37318840579710144,0.8070175438596491,0.8070175438596491,0.9202898550724637,0.9202898550724637,0.16666666666666666,0.41379310344827586,0.29022988505747127,0.40277777777777773,0.40277777777777773,0.7528735632183908,0.7528735632183908,0.2857142857142857,0.4418604651162791,0.3637873754152824,None,None,1.0,None,None,1.0
FairGP_input_True_fair_True,s_as_input=True;fair=True,8,0.7544910179640718,0.8796680497925311,0.43010752688172044,0.6548877883371258,0.34296490944991903,0.9723513824308784,0.9723513824308784,0.977856084571337,0.7368421052631579,0.7615062761506276,0.7491741907068927,0.9676113360323886,0.9676113360323886,0.9753358291125303,0.9753358291125303,0.6829268292682927,0.764505119453925,0.7237159743611088,0.8932926829268293,0.8932926829268293,0.9184217098143678,0.9184217098143678,0.7079646017699115,0.7782805429864253,0.7431225723781685,None,None,1.0,None,None,1.0,0.8852459016393442,0.8777777777777778,0.8815118397085611,1.0085079892093796,1.0085079892093796,1.0074681238615666,1.0074681238615666,0.88,0.8796296296296297,0.8798148148148148,1.0004210526315789,1.0004210526315789,1.0003703703703704,1.0003703703703704,0.8767123287671232,0.8809523809523809,0.8788323548597521,None,None,1.0,None,None,1.0,0.47058823529411764,0.4067796610169492,0.4386839481555334,1.156862745098039,1.156862745098039,1.0638085742771684,1.0638085742771684,0.375,0.44155844155844154,0.40827922077922074,0.849264705882353,0.849264705882353,0.9334415584415585,0.9334415584415585,0.4,0.4528301886792453,0.42641509433962266,None,None,1.0,None,None,1.0,0.5294117647058824,0.5932203389830508,0.5613160518444666,0.892436974789916,0.892436974789916,0.9361914257228315,0.9361914257228315,0.625,0.5584415584415585,0.5917207792207793,1.1191860465116277,1.1191860465116277,1.0665584415584415,1.0665584415584415,0.6,0.5471698113207547,0.5735849056603773,None,None,1.0,None,None,1.0,0.11475409836065575,0.12222222222222223,0.118488160291439,0.9388971684053652,0.9388971684053652,0.9925318761384335,0.9925318761384335,0.12,0.12037037037037035,0.12018518518518517,0.996923076923077,0.996923076923077,0.9996296296296296,0.9996296296296296,0.12328767123287676,0.11904761904761907,0.12116764514024791,None,None,1.0,None,None,1.0,0.75,0.8186528497409327,0.7843264248704663,0.9161392405063291,0.9161392405063291,0.9313471502590673,0.9313471502590673,0.6875,0.8154506437768241,0.751475321888412,0.8430921052631578,0.8430921052631578,0.8720493562231759,0.8720493562231759,0.7272727272727273,0.8361581920903954,0.7817154596815614,None,None,1.0,None,None,1.0,0.30434782608695654,0.4782608695652174,0.391304347826087,0.6363636363636364,0.6363636363636364,0.8260869565217391,0.8260869565217391,0.3333333333333333,0.43333333333333335,0.3833333333333333,0.7692307692307692,0.7692307692307692,0.8999999999999999,0.8999999999999999,0.36,0.45454545454545453,0.40727272727272723,None,None,1.0,None,None,1.0
FairGP_input_True_fair_True,s_as_input=True;fair=True,9,0.7694610778443114,0.923728813559322,0.3979591836734694,0.6608439986163956,0.3893378119500413,0.88926960444136,0.88926960444136,0.903997292520588,0.7383177570093458,0.7841409691629956,0.7612293630861706,0.9415625328152892,0.9415625328152892,0.9541767878463502,0.9541767878463502,0.7272727272727273,0.7777777777777778,0.7525252525252526,0.935064935064935,0.935064935064935,0.9494949494949495,0.9494949494949495,0.732824427480916,0.7931034482758621,0.762963937878389,None,None,1.0,None,None,1.0,0.9104477611940298,0.9289940828402367,0.9197209220171332,0.9800361251069494,0.9800361251069494,0.9814536783537932,0.9814536783537932,0.8857142857142857,0.9303482587064676,0.9080312722103767,0.9520244461420931,0.9520244461420931,0.955366027007818,0.955366027007818,0.9024390243902439,0.935064935064935,0.9187519797275895,None,None,1.0,None,None,1.0,0.45,0.3620689655172414,0.4060344827586207,1.2428571428571429,1.2428571428571429,1.0879310344827586,1.0879310344827586,0.45,0.38461538461538464,0.4173076923076923,1.17,1.17,1.0653846153846154,1.0653846153846154,0.4489795918367347,0.3469387755102041,0.3979591836734694,None,None,1.0,None,None,1.0,0.55,0.6379310344827587,0.5939655172413794,0.8621621621621621,0.8621621621621621,0.9120689655172414,0.9120689655172414,0.55,0.6153846153846154,0.5826923076923077,0.89375,0.89375,0.9346153846153846,0.9346153846153846,0.5510204081632653,0.653061224489796,0.6020408163265306,None,None,1.0,None,None,1.0,0.08955223880597019,0.07100591715976334,0.08027907798286676,1.2611940298507462,1.2611940298507462,1.0185463216462067,1.0185463216462067,0.11428571428571432,0.06965174129353235,0.09196872778962334,1.6408163265306124,1.6408163265306124,1.044633972992182,1.044633972992182,0.09756097560975607,0.06493506493506496,0.08124802027241051,None,None,1.0,None,None,1.0,0.7349397590361446,0.8092783505154639,0.7721090547758043,0.90814212263065,0.90814212263065,0.9256614085206807,0.9256614085206807,0.7380952380952381,0.7957446808510639,0.7669199594731511,0.9275528393175452,0.9275528393175452,0.9423505572441743,0.9423505572441743,0.7326732673267327,0.8181818181818182,0.7754275427542754,None,None,1.0,None,None,1.0,0.25,0.36363636363636365,0.3068181818181818,0.6875,0.6875,0.8863636363636364,0.8863636363636364,0.3076923076923077,0.3181818181818182,0.3129370629370629,0.9670329670329672,0.9670329670329672,0.9895104895104896,0.9895104895104896,0.26666666666666666,0.37037037037037035,0.31851851851851853,None,None,1.0,None,None,1.0
FairGP_input_False_fair_True,s_as_input=False;fair=True,0,0.7544910179640718,0.9333333333333333,0.3853211009174312,0.6593272171253823,0.39714322846390493,0.9074074074074074,0.9074074074074074,0.9206349206349207,0.7311827956989247,0.7634854771784232,0.747334136438674,0.9576905095839178,0.9576905095839178,0.9676973185205016,0.9676973185205016,0.6,0.7785467128027682,0.6892733564013841,0.7706666666666666,0.7706666666666666,0.8214532871972318,0.8214532871972318,0.7094017094017094,0.7788018433179723,0.7441017763598409,None,None,1.0,None,None,1.0,0.9454545454545454,0.9294117647058824,0.937433155080214,1.0172612197928652,1.0172612197928652,1.0160427807486632,1.0160427807486632,0.7619047619047619,0.9509803921568627,0.8564425770308123,0.801178203240059,0.801178203240059,0.8109243697478992,0.8109243697478992,0.9130434782608695,0.9423076923076923,0.9276755852842808,None,None,1.0,None,None,1.0,0.42105263157894735,0.36619718309859156,0.3936249073387694,1.1497975708502024,1.1497975708502024,1.0548554484803558,1.0548554484803558,0.4583333333333333,0.36470588235294116,0.41151960784313724,1.256720430107527,1.256720430107527,1.0936274509803923,1.0936274509803923,0.4166666666666667,0.36065573770491804,0.38866120218579236,None,None,1.0,None,None,1.0,0.5789473684210527,0.6338028169014085,0.6063750926612306,0.9134502923976608,0.9134502923976608,0.9451445515196442,0.9451445515196442,0.5416666666666667,0.6352941176470588,0.5884803921568628,0.8526234567901236,0.8526234567901236,0.906372549019608,0.906372549019608,0.5833333333333333,0.639344262295082,0.6113387978142076,None,None,1.0,None,None,1.0,0.054545454545454564,0.07058823529411762,0.06256684491978609,0.7727272727272733,0.7727272727272733,0.983957219251337,0.983957219251337,0.23809523809523814,0.0490196078431373,0.14355742296918772,4.857142857142853,4.857142857142853,1.1890756302521008,1.1890756302521008,0.08695652173913049,0.05769230769230771,0.0723244147157191,None,None,1.0,None,None,1.0,0.7027027027027027,0.7783251231527094,0.7405139129277061,0.9028395484091687,0.9028395484091687,0.9243775795499933,0.9243775795499933,0.5517241379310345,0.782258064516129,0.6669911012235817,0.7052968361180235,0.7052968361180235,0.7694660734149055,0.7694660734149055,0.6923076923076923,0.7903225806451613,0.7413151364764268,None,None,1.0,None,None,1.0,0.15789473684210525,0.3157894736842105,0.23684210526315788,0.5,0.5,0.8421052631578947,0.8421052631578947,0.3125,0.24390243902439024,0.2782012195121951,1.28125,1.28125,1.0685975609756098,1.0685975609756098,0.23076923076923078,0.2903225806451613,0.26054590570719605,None,None,1.0,None,None,1.0
FairGP_input_False_fair_True,s_as_input=False;fair=True,1,0.7664670658682635,0.851063829787234,0.5656565656565656,0.7083601977218998,0.42743733361250563,0.8301462317210349,0.8301462317210349,0.8678915135608049,0.7685185185185185,0.7654867256637168,0.7670026220911177,1.0039606080068508,1.0039606080068508,1.0030317928548018,1.0030317928548018,0.5652173913043478,0.7986111111111112,0.6819142512077294,0.707750472589792,0.707750472589792,0.7666062801932366,0.7666062801932366,0.7322834645669292,0.7874396135265701,0.7598615390467496,None,None,1.0,None,None,1.0,0.8194444444444444,0.8650306748466258,0.8422375596455351,0.947301024428684,0.947301024428684,0.9544137695978187,0.9544137695978187,0.6206896551724138,0.883495145631068,0.7520924004017409,0.7025388404698749,0.7025388404698749,0.7371945095413458,0.7371945095413458,0.7857142857142857,0.8874172185430463,0.836565752128666,None,None,1.0,None,None,1.0,0.6666666666666666,0.5079365079365079,0.5873015873015872,1.3125,1.3125,1.1587301587301586,1.1587301587301586,0.47058823529411764,0.5853658536585366,0.5279770444763271,0.803921568627451,0.803921568627451,0.8852223816355811,0.8852223816355811,0.627906976744186,0.5178571428571429,0.5728820598006645,None,None,1.0,None,None,1.0,0.33333333333333337,0.4920634920634921,0.41269841269841273,0.6774193548387097,0.6774193548387097,0.8412698412698413,0.8412698412698413,0.5294117647058824,0.41463414634146345,0.4720229555236729,1.2768166089965396,1.2768166089965396,1.114777618364419,1.114777618364419,0.37209302325581395,0.4821428571428571,0.4271179401993355,None,None,1.0,None,None,1.0,0.18055555555555558,0.13496932515337423,0.1577624403544649,1.3377525252525255,1.3377525252525255,1.0455862304021815,1.0455862304021815,0.3793103448275862,0.11650485436893199,0.2479075995982591,3.2557471264367828,3.2557471264367828,1.2628054904586543,1.2628054904586543,0.2142857142857143,0.11258278145695366,0.16343424787133398,None,None,1.0,None,None,1.0,0.8309859154929577,0.8197674418604651,0.8253766786767114,1.0136849465587854,1.0136849465587854,1.0112184736324927,1.0112184736324927,0.6666666666666666,0.8425925925925926,0.7546296296296295,0.7912087912087912,0.7912087912087912,0.8240740740740741,0.8240740740740741,0.8048780487804879,0.8322981366459627,0.8185880927132253,None,None,1.0,None,None,1.0,0.35135135135135137,0.4074074074074074,0.3793793793793794,0.8624078624078625,0.8624078624078625,0.943943943943944,0.943943943943944,0.5789473684210527,0.3333333333333333,0.45614035087719296,1.736842105263158,1.736842105263158,1.2456140350877194,1.2456140350877194,0.4,0.3695652173913043,0.3847826086956522,None,None,1.0,None,None,1.0
FairGP_input_False_fair_True,s_as_input=False;fair=True,2,0.7485029940119761,0.9134199134199135,0.3786407766990291,0.6460303450594713,0.3536758098422662,1.0272735866893552,1.0272735866893552,1.0222324972064887,0.7157894736842105,0.7615062761506276,0.738647874917419,0.9399652978600347,0.9399652978600347,0.9542831975335829,0.9542831975335829,0.62,0.7711267605633803,0.6955633802816901,0.8040182648401827,0.8040182648401827,0.8488732394366197,0.8488732394366197,0.6910569105691057,0.7819905213270142,0.73652371594806,None,None,1.0,None,None,1.0,0.9344262295081968,0.9058823529411765,0.9201542912246866,1.0315094741324249,1.0315094741324249,1.0285438765670203,1.0285438765670203,0.8888888888888888,0.9166666666666666,0.9027777777777777,0.9696969696969697,0.9696969696969697,0.9722222222222222,0.9722222222222222,0.922077922077922,0.9090909090909091,0.9155844155844155,None,None,1.0,None,None,1.0,0.3235294117647059,0.4057971014492754,0.3646632566069906,0.7972689075630252,0.7972689075630252,0.9177323103154305,0.9177323103154305,0.30434782608695654,0.4,0.3521739130434783,0.7608695652173914,0.7608695652173914,0.9043478260869565,0.9043478260869565,0.30434782608695654,0.43859649122807015,0.3714721586575134,None,None,1.0,None,None,1.0,0.6764705882352942,0.5942028985507246,0.6353367433930094,1.1384505021520805,1.1384505021520805,1.0822676896845695,1.0822676896845695,0.6956521739130435,0.6,0.6478260869565218,1.1594202898550725,1.1594202898550725,1.0956521739130434,1.0956521739130434,0.6956521739130435,0.5614035087719298,0.6285278413424866,None,None,1.0,None,None,1.0,0.06557377049180324,0.09411764705882353,0.07984570877531338,0.6967213114754094,0.6967213114754094,0.9714561234329797,0.9714561234329797,0.11111111111111116,0.08333333333333337,0.09722222222222227,1.3333333333333333,1.3333333333333333,1.0277777777777777,1.0277777777777777,0.07792207792207795,0.09090909090909094,0.08441558441558444,None,None,1.0,None,None,1.0,0.7125,0.7897435897435897,0.7511217948717949,0.9021915584415585,0.9021915584415585,0.9227564102564103,0.9227564102564103,0.6,0.7957446808510639,0.6978723404255319,0.7540106951871657,0.7540106951871657,0.8042553191489361,0.8042553191489361,0.6893203883495146,0.813953488372093,0.7516369383608038,None,None,1.0,None,None,1.0,0.26666666666666666,0.36363636363636365,0.3151515151515152,0.7333333333333333,0.7333333333333333,0.9030303030303031,0.9030303030303031,0.3,0.3469387755102041,0.32346938775510203,0.8647058823529411,0.8647058823529411,0.9530612244897959,0.9530612244897959,0.3,0.358974358974359,0.3294871794871795,None,None,1.0,None,None,1.0
FairGP_input_False_fair_True,s_as_input=False;fair=True,3,0.7065868263473054,0.8626609442060086,0.3465346534653465,0.6045977988356775,0.23993751484738896,0.9689788053949903,0.9689788053949903,0.9749221183800623,0.6730769230769231,0.7217391304347827,0.6974080267558529,0.9325764596848934,0.9325764596848934,0.9513377926421405,0.9513377926421405,0.6136363636363636,0.7206896551724138,0.6671630094043888,0.8514571552849065,0.8514571552849065,0.8929467084639499,0.8929467084639499,0.6666666666666666,0.7289719626168224,0.6978193146417445,None,None,1.0,None,None,1.0,0.8656716417910447,0.8614457831325302,0.8635587124617874,1.004905542218975,1.004905542218975,1.0042258586585144,1.0042258586585144,0.7857142857142857,0.8731707317073171,0.8294425087108014,0.8998403830806065,0.8998403830806065,0.9125435540069686,0.9125435540069686,0.8461538461538461,0.8709677419354839,0.858560794044665,None,None,1.0,None,None,1.0,0.32432432432432434,0.359375,0.34184966216216217,0.9024676850763808,0.9024676850763808,0.9649493243243243,0.9649493243243243,0.3125,0.35294117647058826,0.33272058823529416,0.8854166666666666,0.8854166666666666,0.9595588235294117,0.9595588235294117,0.3333333333333333,0.3559322033898305,0.3446327683615819,None,None,1.0,None,None,1.0,0.6756756756756757,0.640625,0.6581503378378378,1.054713249835201,1.054713249835201,1.0350506756756757,1.0350506756756757,0.6875,0.6470588235294117,0.6672794117647058,1.0625000000000002,1.0625000000000002,1.0404411764705883,1.0404411764705883,0.6666666666666667,0.6440677966101696,0.6553672316384181,None,None,1.0,None,None,1.0,0.13432835820895528,0.13855421686746983,0.13644128753821255,0.9695003244646341,0.9695003244646341,0.9957741413414855,0.9957741413414855,0.2142857142857143,0.12682926829268293,0.17055749128919862,1.6895604395604396,1.6895604395604396,1.0874564459930314,1.0874564459930314,0.15384615384615385,0.12903225806451613,0.141439205955335,None,None,1.0,None,None,1.0,0.6987951807228916,0.7771739130434783,0.7379845468831849,0.899149043727357,0.899149043727357,0.9216212676794133,0.9216212676794133,0.6666666666666666,0.7649572649572649,0.7158119658119657,0.8715083798882681,0.8715083798882681,0.9017094017094017,0.9017094017094017,0.7021276595744681,0.7803468208092486,0.7412372401918583,None,None,1.0,None,None,1.0,0.42857142857142855,0.5,0.4642857142857143,0.8571428571428571,0.8571428571428571,0.9285714285714286,0.9285714285714286,0.5454545454545454,0.4642857142857143,0.5048701298701299,1.1748251748251748,1.1748251748251748,1.081168831168831,1.081168831168831,0.46153846153846156,0.4878048780487805,0.474671669793621,None,None,1.0,None,None,1.0
FairGP_input_False_fair_True,s_as_input=False;fair=True,4,0.7544910179640718,0.9217391304347826,0.38461538461538464,0.6531772575250836,0.37448664564853584,0.93240304458137,0.93240304458137,0.9427035330261136,0.696078431372549,0.7801724137931034,0.7381254225828262,0.8922110280576319,0.8922110280576319,0.9159060175794456,0.9159060175794456,0.6862745098039216,0.7667844522968198,0.7265294810503706,0.8950031625553447,0.8950031625553447,0.9194900575071018,0.9194900575071018,0.6854838709677419,0.7952380952380952,0.7403609831029185,None,None,1.0,None,None,1.0,0.8870967741935484,0.9345238095238095,0.9108102918586789,0.9492500513663448,0.9492500513663448,0.9525729646697388,0.9525729646697388,0.9629629629629629,0.916256157635468,0.9396095602992154,1.0509757068896854,1.0509757068896854,1.0467068053274948,1.0467068053274948,0.9041095890410958,0.9299363057324841,0.9170229473867899,None,None,1.0,None,None,1.0,0.4,0.375,0.3875,1.0666666666666667,1.0666666666666667,1.025,1.025,0.375,0.3875,0.38125,0.9677419354838709,0.9677419354838709,0.9875,0.9875,0.37254901960784315,0.39622641509433965,0.3843877173510914,None,None,1.0,None,None,1.0,0.6,0.625,0.6125,0.96,0.96,0.975,0.975,0.625,0.6125,0.61875,1.0204081632653061,1.0204081632653061,1.0125,1.0125,0.6274509803921569,0.6037735849056604,0.6156122826489085,None,None,1.0,None,None,1.0,0.11290322580645162,0.06547619047619047,0.08918970814132104,1.7243401759530796,1.7243401759530796,1.0474270353302613,1.0474270353302613,0.03703703703703709,0.08374384236453203,0.06039043970078456,0.4422657952069723,0.4422657952069723,0.9532931946725051,0.9532931946725051,0.09589041095890416,0.07006369426751591,0.08297705261321003,None,None,1.0,None,None,1.0,0.6962025316455697,0.7969543147208121,0.7465784231831909,0.8735789728291543,0.8735789728291543,0.8992482169247575,0.8992482169247575,0.6341463414634146,0.7914893617021277,0.7128178515827712,0.8012063991607657,0.8012063991607657,0.842656979761287,0.842656979761287,0.673469387755102,0.8202247191011236,0.7468470534281129,None,None,1.0,None,None,1.0,0.30434782608695654,0.3142857142857143,0.3093167701863354,0.9683794466403163,0.9683794466403163,0.9900621118012423,0.9900621118012423,0.1,0.3541666666666667,0.22708333333333336,0.2823529411764706,0.2823529411764706,0.7458333333333333,0.7458333333333333,0.2692307692307692,0.34375,0.3064903846153846,None,None,1.0,None,None,1.0
FairGP_input_False_fair_True,s_as_input=False;fair=True,5,0.7275449101796407,0.9103139013452914,0.36036036036036034,0.635337130852826,0.3321314298660368,0.9725325209149379,0.9725325209149379,0.9772554358707405,0.6739130434782609,0.7479338842975206,0.7109234638878907,0.9010329089598847,0.9010329089598847,0.9259791591807403,0.9259791591807403,0.7441860465116279,0.7250859106529209,0.7346359785822745,1.0263418935302546,1.0263418935302546,1.0191001358587068,1.0191001358587068,0.6902654867256637,0.746606334841629,0.7184359107836463,None,None,1.0,None,None,1.0,0.8688524590163934,0.9259259259259259,0.8973891924711597,0.9383606557377049,0.9383606557377049,0.9429265330904675,0.9429265330904675,0.92,0.9090909090909091,0.9145454545454546,1.012,1.012,1.010909090909091,1.010909090909091,0.8783783783783784,0.9261744966442953,0.9022764375113368,None,None,1.0,None,None,1.0,0.2903225806451613,0.3875,0.33891129032258066,0.7492195629552549,0.7492195629552549,0.9028225806451613,0.9028225806451613,0.5,0.3333333333333333,0.41666666666666663,1.5,1.5,1.1666666666666667,1.1666666666666667,0.3333333333333333,0.375,0.35416666666666663,None,None,1.0,None,None,1.0,0.7096774193548387,0.6125,0.6610887096774194,1.1586570111915733,1.1586570111915733,1.0971774193548387,1.0971774193548387,0.5,0.6666666666666667,0.5833333333333334,0.7499999999999999,0.7499999999999999,0.8333333333333333,0.8333333333333333,0.6666666666666667,0.625,0.6458333333333334,None,None,1.0,None,None,1.0,0.1311475409836066,0.07407407407407407,0.10261080752884033,1.7704918032786892,1.7704918032786892,1.0570734669095325,1.0570734669095325,0.07999999999999996,0.09090909090909094,0.08545454545454545,0.8799999999999992,0.8799999999999992,0.989090909090909,0.989090909090909,0.1216216216216216,0.0738255033557047,0.09772356248866315,None,None,1.0,None,None,1.0,0.7066666666666667,0.7537688442211056,0.7302177554438861,0.9375111111111111,0.9375111111111111,0.9528978224455611,0.9528978224455611,0.71875,0.743801652892562,0.731275826446281,0.9663194444444445,0.9663194444444445,0.974948347107438,0.974948347107438,0.7142857142857143,0.7540983606557377,0.734192037470726,None,None,1.0,None,None,1.0,0.47058823529411764,0.27906976744186046,0.374829001367989,1.6862745098039216,1.6862745098039216,1.1915184678522572,1.1915184678522572,0.18181818181818182,0.3673469387755102,0.274582560296846,0.4949494949494949,0.4949494949494949,0.8144712430426716,0.8144712430426716,0.4090909090909091,0.2894736842105263,0.34928229665071775,None,None,1.0,None,None,1.0
FairGP_input_False_fair_True,s_as_input=False;fair=True,6,0.7125748502994012,0.9035087719298246,0.3018867924528302,0.6026977821913274,0.2596782173393618,0.980492719113472,0.980492719113472,0.983529229817507,0.6739130434782609,0.7272727272727273,0.7005928853754941,0.9266304347826086,0.9266304347826086,0.9466403162055336,0.9466403162055336,0.6481481481481481,0.725,0.686574074074074,0.8939974457215837,0.8939974457215837,0.9231481481481482,0.9231481481481482,0.6721311475409836,0.7358490566037735,0.7039901020723786,None,None,1.0,None,None,1.0,0.9285714285714286,0.8953488372093024,0.9119601328903655,1.0371057513914657,1.0371057513914657,1.0332225913621262,1.0332225913621262,0.84375,0.9132653061224489,0.8785076530612245,0.9238826815642458,0.9238826815642458,0.9304846938775511,0.9304846938775511,0.8860759493670886,0.912751677852349,0.8994138136097187,None,None,1.0,None,None,1.0,0.2777777777777778,0.3142857142857143,0.29603174603174603,0.8838383838383839,0.8838383838383839,0.9634920634920635,0.9634920634920635,0.36363636363636365,0.2857142857142857,0.3246753246753247,1.272727272727273,1.272727272727273,1.077922077922078,1.077922077922078,0.27906976744186046,0.31746031746031744,0.298265042451089,None,None,1.0,None,None,1.0,0.7222222222222222,0.6857142857142857,0.7039682539682539,1.0532407407407407,1.0532407407407407,1.0365079365079364,1.0365079365079364,0.6363636363636364,0.7142857142857143,0.6753246753246753,0.8909090909090909,0.8909090909090909,0.922077922077922,0.922077922077922,0.7209302325581395,0.6825396825396826,0.701734957548911,None,None,1.0,None,None,1.0,0.0714285714285714,0.10465116279069764,0.08803986710963452,0.6825396825396824,0.6825396825396824,0.9667774086378738,0.9667774086378738,0.15625,0.08673469387755106,0.12149234693877553,1.8014705882352933,1.8014705882352933,1.069515306122449,1.069515306122449,0.11392405063291144,0.08724832214765099,0.10058618639028122,None,None,1.0,None,None,1.0,0.6666666666666666,0.7623762376237624,0.7145214521452146,0.8744588744588744,0.8744588744588744,0.9042904290429042,0.9042904290429042,0.6585365853658537,0.7489539748953975,0.7037452801306257,0.879275105600218,0.879275105600218,0.9095826104704562,0.9095826104704562,0.693069306930693,0.7597765363128491,0.726422921621771,None,None,1.0,None,None,1.0,0.2857142857142857,0.45,0.3678571428571429,0.6349206349206349,0.6349206349206349,0.8357142857142856,0.8357142857142856,0.38461538461538464,0.4146341463414634,0.399624765478424,0.9276018099547513,0.9276018099547513,0.9699812382739212,0.9699812382739212,0.42857142857142855,0.3939393939393939,0.4112554112554112,None,None,1.0,None,None,1.0
FairGP_input_False_fair_True,s_as_input=False;fair=True,7,0.7544910179640718,0.902127659574468,0.40404040404040403,0.653084031807436,0.3574016027496592,1.027915019762846,1.027915019762846,1.0224339884852096,0.7040816326530612,0.7754237288135594,0.7397526807333104,0.9079959852793577,0.9079959852793577,0.9286579038395019,0.9286579038395019,0.6511627906976745,0.7697594501718213,0.710461120434748,0.8459302325581396,0.8459302325581396,0.8814033405258531,0.8814033405258531,0.7130434782608696,0.776255707762557,0.7446495930117133,None,None,1.0,None,None,1.0,0.9193548387096774,0.8959537572254336,0.9076542979675555,1.026118626430801,1.026118626430801,1.0234010814842438,1.0234010814842438,0.9583333333333334,0.8957345971563981,0.9270339652448658,1.0698853615520283,1.0698853615520283,1.0625987361769353,1.0625987361769353,0.9305555555555556,0.8895705521472392,0.9100630538513974,None,None,1.0,None,None,1.0,0.3333333333333333,0.4444444444444444,0.38888888888888884,0.75,0.75,0.8888888888888888,0.8888888888888888,0.2631578947368421,0.4375,0.350328947368421,0.6015037593984962,0.6015037593984962,0.825657894736842,0.825657894736842,0.3488372093023256,0.44642857142857145,0.3976328903654485,None,None,1.0,None,None,1.0,0.6666666666666667,0.5555555555555556,0.6111111111111112,1.2000000000000002,1.2000000000000002,1.1111111111111112,1.1111111111111112,0.736842105263158,0.5625,0.649671052631579,1.3099415204678364,1.3099415204678364,1.174342105263158,1.174342105263158,0.6511627906976745,0.5535714285714286,0.6023671096345515,None,None,1.0,None,None,1.0,0.08064516129032262,0.10404624277456642,0.09234570203244452,0.7750896057347678,0.7750896057347678,0.9765989185157562,0.9765989185157562,0.04166666666666663,0.10426540284360186,0.07296603475513425,0.3996212121212119,0.3996212121212119,0.9374012638230648,0.9374012638230648,0.06944444444444442,0.11042944785276076,0.08993694614860259,None,None,1.0,None,None,1.0,0.7037037037037037,0.8157894736842105,0.7597465886939572,0.8626045400238949,0.8626045400238949,0.8879142300194932,0.8879142300194932,0.6216216216216216,0.8076923076923077,0.7146569646569647,0.7696267696267696,0.7696267696267696,0.8139293139293139,0.8139293139293139,0.7052631578947368,0.8238636363636364,0.7645633971291865,None,None,1.0,None,None,1.0,0.29411764705882354,0.391304347826087,0.34271099744245526,0.7516339869281046,0.7516339869281046,0.9028132992327366,0.9028132992327366,0.16666666666666666,0.38596491228070173,0.2763157894736842,0.4318181818181818,0.4318181818181818,0.7807017543859649,0.7807017543859649,0.25,0.4186046511627907,0.3343023255813954,None,None,1.0,None,None,1.0
FairGP_input_False_fair_True,s_as_input=False;fair=True,8,0.7395209580838323,0.8713692946058091,0.3978494623655914,0.6346093784857003,0.29968157023876035,0.9668887342149746,0.9668887342149746,0.973331197693509,0.7263157894736842,0.7447698744769874,0.7355428319753359,0.9752217622708458,0.9752217622708458,0.9815459149966969,0.9815459149966969,0.6585365853658537,0.7508532423208191,0.7046949138433364,0.8770509977827052,0.8770509977827052,0.9076833430450346,0.9076833430450346,0.6902654867256637,0.7647058823529411,0.7274856845393024,None,None,1.0,None,None,1.0,0.8852459016393442,0.8666666666666667,0.8759562841530055,1.021437578814628,1.021437578814628,1.0185792349726777,1.0185792349726777,0.84,0.875,0.8574999999999999,0.96,0.96,0.965,0.965,0.863013698630137,0.875,0.8690068493150684,None,None,1.0,None,None,1.0,0.4411764705882353,0.3728813559322034,0.40702891326021934,1.1831550802139037,1.1831550802139037,1.0682951146560318,1.0682951146560318,0.375,0.4025974025974026,0.3887987012987013,0.9314516129032258,0.9314516129032258,0.9724025974025974,0.9724025974025974,0.375,0.41509433962264153,0.39504716981132076,None,None,1.0,None,None,1.0,0.5588235294117647,0.6271186440677966,0.5929710867397806,0.8910969793322735,0.8910969793322735,0.9317048853439681,0.9317048853439681,0.625,0.5974025974025974,0.6112012987012987,1.046195652173913,1.046195652173913,1.0275974025974026,1.0275974025974026,0.625,0.5849056603773585,0.6049528301886793,None,None,1.0,None,None,1.0,0.11475409836065575,0.1333333333333333,0.12404371584699453,0.8606557377049183,0.8606557377049183,0.9814207650273225,0.9814207650273225,0.16000000000000003,0.125,0.14250000000000002,1.2800000000000002,1.2800000000000002,1.0350000000000001,1.0350000000000001,0.136986301369863,0.125,0.1309931506849315,None,None,1.0,None,None,1.0,0.7397260273972602,0.8082901554404145,0.7740080914188374,0.9151738672286617,0.9151738672286617,0.9314358719568457,0.9314358719568457,0.6774193548387096,0.8042553191489362,0.7408373369938229,0.8422939068100357,0.8422939068100357,0.8731640356897734,0.8731640356897734,0.7159090909090909,0.8258426966292135,0.7708758937691522,None,None,1.0,None,None,1.0,0.3181818181818182,0.5217391304347826,0.4199604743083004,0.6098484848484849,0.6098484848484849,0.7964426877470356,0.7964426877470356,0.4,0.46551724137931033,0.4327586206896552,0.8592592592592593,0.8592592592592593,0.9344827586206896,0.9344827586206896,0.4,0.4883720930232558,0.4441860465116279,None,None,1.0,None,None,1.0
FairGP_input_False_fair_True,s_as_input=False;fair=True,9,0.7694610778443114,0.923728813559322,0.3979591836734694,0.6608439986163956,0.3893378119500413,0.8618663693284159,0.8618663693284159,0.8788779001993006,0.7476635514018691,0.7797356828193832,0.7636996171106262,0.9588679444532446,0.9588679444532446,0.9679278685824859,0.9679278685824859,0.7272727272727273,0.7777777777777778,0.7525252525252526,0.935064935064935,0.935064935064935,0.9494949494949495,0.9494949494949495,0.732824427480916,0.7931034482758621,0.762963937878389,None,None,1.0,None,None,1.0,0.9104477611940298,0.9289940828402367,0.9197209220171332,0.9800361251069494,0.9800361251069494,0.9814536783537932,0.9814536783537932,0.8571428571428571,0.9353233830845771,0.896233120113717,0.9164133738601824,0.9164133738601824,0.92181947405828,0.92181947405828,0.8902439024390244,0.9415584415584416,0.915901171998733,None,None,1.0,None,None,1.0,0.475,0.3448275862068966,0.4099137931034483,1.3775,1.3775,1.1301724137931033,1.1301724137931033,0.5,0.3717948717948718,0.4358974358974359,1.3448275862068966,1.3448275862068966,1.1282051282051282,1.1282051282051282,0.46938775510204084,0.32653061224489793,0.3979591836734694,None,None,1.0,None,None,1.0,0.525,0.6551724137931034,0.5900862068965518,0.8013157894736843,0.8013157894736843,0.8698275862068966,0.8698275862068966,0.5,0.6282051282051282,0.5641025641025641,0.7959183673469388,0.7959183673469388,0.8717948717948718,0.8717948717948718,0.5306122448979591,0.6734693877551021,0.6020408163265306,None,None,1.0,None,None,1.0,0.08955223880597019,0.07100591715976334,0.08027907798286676,1.2611940298507462,1.2611940298507462,1.0185463216462067,1.0185463216462067,0.1428571428571429,0.06467661691542292,0.10376687988628291,2.208791208791208,2.208791208791208,1.07818052594172,1.07818052594172,0.1097560975609756,0.058441558441558406,0.084098828001267,None,None,1.0,None,None,1.0,0.7439024390243902,0.8051282051282052,0.7745153220762977,0.9239552586608668,0.9239552586608668,0.9387742338961851,0.9387742338961851,0.75,0.7932489451476793,0.7716244725738397,0.9454787234042553,0.9454787234042553,0.9567510548523207,0.9567510548523207,0.7373737373737373,0.8146067415730337,0.7759902394733855,None,None,1.0,None,None,1.0,0.24,0.375,0.3075,0.64,0.64,0.865,0.865,0.3333333333333333,0.30952380952380953,0.3214285714285714,1.0769230769230769,1.0769230769230769,1.0238095238095237,1.0238095238095237,0.28125,0.36,0.320625,None,None,1.0,None,None,1.0
FairGP_input_False_fair_False,s_as_input=False;fair=False,0,0.7395209580838323,0.9333333333333333,0.3394495412844037,0.6363914373088685,0.35277303687750994,0.9422277069335893,0.9422277069335893,0.9502146598920792,0.6881720430107527,0.7593360995850622,0.7237540712979075,0.9062812151125215,0.9062812151125215,0.9288359434256905,0.9288359434256905,0.5555555555555556,0.7681660899653979,0.6618608227604768,0.7232232232232233,0.7232232232232233,0.7873894655901577,0.7873894655901577,0.6752136752136753,0.7741935483870968,0.724703611800386,None,None,1.0,None,None,1.0,0.9454545454545454,0.9294117647058824,0.937433155080214,1.0172612197928652,1.0172612197928652,1.0160427807486632,1.0160427807486632,0.7619047619047619,0.9509803921568627,0.8564425770308123,0.801178203240059,0.801178203240059,0.8109243697478992,0.8109243697478992,0.9130434782608695,0.9423076923076923,0.9276755852842808,None,None,1.0,None,None,1.0,0.3157894736842105,0.352112676056338,0.33395107487027426,0.8968421052631579,0.8968421052631579,0.9636767976278725,0.9636767976278725,0.375,0.32941176470588235,0.35220588235294115,1.1383928571428572,1.1383928571428572,1.0455882352941177,1.0455882352941177,0.3333333333333333,0.3442622950819672,0.33879781420765026,None,None,1.0,None,None,1.0,0.6842105263157895,0.647887323943662,0.6660489251297257,1.0560640732265447,1.0560640732265447,1.0363232023721274,1.0363232023721274,0.625,0.6705882352941177,0.6477941176470589,0.9320175438596491,0.9320175438596491,0.9544117647058823,0.9544117647058823,0.6666666666666667,0.6557377049180328,0.6612021857923498,None,None,1.0,None,None,1.0,0.054545454545454564,0.07058823529411762,0.06256684491978609,0.7727272727272733,0.7727272727272733,0.983957219251337,0.983957219251337,0.23809523809523814,0.0490196078431373,0.14355742296918772,4.857142857142853,4.857142857142853,1.1890756302521008,1.1890756302521008,0.08695652173913049,0.05769230769230771,0.0723244147157191,None,None,1.0,None,None,1.0,0.6666666666666666,0.7745098039215687,0.7205882352941176,0.860759493670886,0.860759493670886,0.892156862745098,0.892156862745098,0.5161290322580645,0.7729083665338645,0.6445186993959645,0.6677751912204856,0.6677751912204856,0.7432206657242,0.7432206657242,0.6631578947368421,0.786096256684492,0.724627075710667,None,None,1.0,None,None,1.0,0.2,0.32432432432432434,0.26216216216216215,0.6166666666666667,0.6166666666666667,0.8756756756756756,0.8756756756756756,0.35714285714285715,0.2631578947368421,0.3101503759398496,1.3571428571428572,1.3571428571428572,1.0939849624060152,1.0939849624060152,0.2727272727272727,0.3,0.2863636363636364,None,None,1.0,None,None,1.0
FairGP_input_False_fair_False,s_as_input=False;fair=False,1,0.7425149700598802,0.8680851063829788,0.4444444444444444,0.6562647754137116,0.34202834778058727,0.897920694044981,0.897920694044981,0.9176461637947431,0.7129629629629629,0.7566371681415929,0.734800065552278,0.9422785358457872,0.9422785358457872,0.95632579482137,0.95632579482137,0.5,0.78125,0.640625,0.64,0.64,0.71875,0.71875,0.6692913385826772,0.7874396135265701,0.7283654760546237,None,None,1.0,None,None,1.0,0.8333333333333334,0.8834355828220859,0.8583844580777096,0.9432870370370371,0.9432870370370371,0.9498977505112475,0.9498977505112475,0.6551724137931034,0.8980582524271845,0.776615333110144,0.7295433364398881,0.7295433364398881,0.7571141613659189,0.7571141613659189,0.7976190476190477,0.9072847682119205,0.8524519079154841,None,None,1.0,None,None,1.0,0.4722222222222222,0.42857142857142855,0.45039682539682535,1.1018518518518519,1.1018518518518519,1.0436507936507937,1.0436507936507937,0.23529411764705882,0.4878048780487805,0.3615494978479197,0.4823529411764706,0.4823529411764706,0.7474892395982784,0.7474892395982784,0.4186046511627907,0.4642857142857143,0.4414451827242525,None,None,1.0,None,None,1.0,0.5277777777777778,0.5714285714285714,0.5496031746031746,0.9236111111111112,0.9236111111111112,0.9563492063492064,0.9563492063492064,0.7647058823529411,0.5121951219512195,0.6384505021520803,1.4929971988795516,1.4929971988795516,1.2525107604017216,1.2525107604017216,0.5813953488372092,0.5357142857142857,0.5585548172757475,None,None,1.0,None,None,1.0,0.16666666666666663,0.1165644171779141,0.14161554192229037,1.4298245614035086,1.4298245614035086,1.0501022494887526,1.0501022494887526,0.3448275862068966,0.10194174757281549,0.22338466688985603,3.3825944170771773,3.3825944170771773,1.242885838634081,1.242885838634081,0.20238095238095233,0.0927152317880795,0.1475480920845159,None,None,1.0,None,None,1.0,0.759493670886076,0.8,0.779746835443038,0.949367088607595,0.949367088607595,0.959493670886076,0.959493670886076,0.59375,0.8149779735682819,0.7043639867841409,0.7285472972972973,0.7285472972972973,0.7787720264317181,0.7787720264317181,0.7282608695652174,0.8203592814371258,0.7743100755011716,None,None,1.0,None,None,1.0,0.41379310344827586,0.41304347826086957,0.4134182908545727,1.0018148820326678,1.0018148820326678,1.0007496251874062,1.0007496251874062,0.7142857142857143,0.3442622950819672,0.5292740046838408,2.0748299319727894,2.0748299319727894,1.370023419203747,1.370023419203747,0.4857142857142857,0.35,0.4178571428571428,None,None,1.0,None,None,1.0
FairGP_input_False_fair_False,s_as_input=False;fair=False,2,0.7275449101796407,0.9307359307359307,0.27184466019417475,0.6012902954650527,0.27662861269919276,0.9882467302933899,0.9882467302933899,0.9897507031942357,0.6947368421052632,0.7405857740585774,0.7176613080819203,0.9380909901873328,0.9380909901873328,0.9541510680466858,0.9541510680466858,0.64,0.7429577464788732,0.6914788732394366,0.8614218009478674,0.8614218009478674,0.8970422535211268,0.8970422535211268,0.6829268292682927,0.7535545023696683,0.7182406658189805,None,None,1.0,None,None,1.0,0.9344262295081968,0.9294117647058824,0.9319189971070396,1.0053953102303383,1.0053953102303383,1.0050144648023145,1.0050144648023145,0.9259259259259259,0.9313725490196079,0.9286492374727668,0.9941520467836257,0.9941520467836257,0.9945533769063181,0.9945533769063181,0.935064935064935,0.9285714285714286,0.9318181818181819,None,None,1.0,None,None,1.0,0.2647058823529412,0.2753623188405797,0.2700341005967605,0.9613003095975232,0.9613003095975232,0.9893435635123615,0.9893435635123615,0.30434782608695654,0.2625,0.28342391304347825,1.1594202898550725,1.1594202898550725,1.0418478260869566,1.0418478260869566,0.2608695652173913,0.2807017543859649,0.2707856598016781,None,None,1.0,None,None,1.0,0.7352941176470589,0.7246376811594203,0.7299658994032396,1.0147058823529413,1.0147058823529413,1.0106564364876385,1.0106564364876385,0.6956521739130435,0.7375,0.7165760869565218,0.9432571849668385,0.9432571849668385,0.9581521739130434,0.9581521739130434,0.7391304347826086,0.7192982456140351,0.7292143401983219,None,None,1.0,None,None,1.0,0.06557377049180324,0.07058823529411762,0.06808100289296043,0.9289617486338796,0.9289617486338796,0.9949855351976856,0.9949855351976856,0.07407407407407407,0.06862745098039214,0.0713507625272331,1.0793650793650797,1.0793650793650797,1.005446623093682,1.005446623093682,0.06493506493506496,0.0714285714285714,0.06818181818181818,None,None,1.0,None,None,1.0,0.6951219512195121,0.7596153846153846,0.7273686679174484,0.9150972522383451,0.9150972522383451,0.9355065666041276,0.9355065666041276,0.6097560975609756,0.7630522088353414,0.6864041531981585,0.7991014120667522,0.7991014120667522,0.8467038887256342,0.8467038887256342,0.6792452830188679,0.7771739130434783,0.7282095980311731,None,None,1.0,None,None,1.0,0.3076923076923077,0.3870967741935484,0.34739454094292804,0.7948717948717949,0.7948717948717949,0.9205955334987593,0.9205955334987593,0.2222222222222222,0.4,0.3111111111111111,0.5555555555555555,0.5555555555555555,0.8222222222222222,0.8222222222222222,0.29411764705882354,0.4074074074074074,0.35076252723311546,None,None,1.0,None,None,1.0
FairGP_input_False_fair_False,s_as_input=False;fair=False,3,0.7065868263473054,0.8884120171673819,0.2871287128712871,0.5877703650193346,0.21738676573464266,0.9808333333333333,0.9808333333333333,0.9838785046728972,0.6634615384615384,0.7260869565217392,0.6947742474916387,0.9137494242284661,0.9137494242284661,0.9373745819397993,0.9373745819397993,0.5909090909090909,0.7241379310344828,0.6575235109717869,0.8160173160173161,0.8160173160173161,0.8667711598746082,0.8667711598746082,0.6583333333333333,0.7336448598130841,0.6959890965732087,None,None,1.0,None,None,1.0,0.8955223880597015,0.8855421686746988,0.8905322783672002,1.0112701797136765,1.0112701797136765,1.0099802193850027,1.0099802193850027,0.7857142857142857,0.9024390243902439,0.8440766550522648,0.8706563706563706,0.8706563706563706,0.8832752613240418,0.8832752613240418,0.8717948717948718,0.896774193548387,0.8842845326716294,None,None,1.0,None,None,1.0,0.24324324324324326,0.3125,0.2778716216216216,0.7783783783783784,0.7783783783783784,0.9307432432432432,0.9307432432432432,0.25,0.29411764705882354,0.2720588235294118,0.85,0.85,0.9558823529411764,0.9558823529411764,0.2619047619047619,0.3050847457627119,0.2834947538337369,None,None,1.0,None,None,1.0,0.7567567567567568,0.6875,0.7221283783783784,1.1007371007371007,1.1007371007371007,1.0692567567567568,1.0692567567567568,0.75,0.7058823529411764,0.7279411764705882,1.0625,1.0625,1.0441176470588236,1.0441176470588236,0.7380952380952381,0.6949152542372881,0.7165052461662631,None,None,1.0,None,None,1.0,0.10447761194029848,0.11445783132530118,0.10946772163279983,0.9128043990573448,0.9128043990573448,0.9900197806149973,0.9900197806149973,0.2142857142857143,0.09756097560975607,0.1559233449477352,2.196428571428572,2.196428571428572,1.1167247386759582,1.1167247386759582,0.1282051282051282,0.10322580645161294,0.11571546732837057,None,None,1.0,None,None,1.0,0.6818181818181818,0.7696335078534031,0.7257258448357924,0.885899814471243,0.885899814471243,0.9121846739647786,0.9121846739647786,0.6470588235294118,0.7551020408163265,0.7010804321728692,0.8569157392686806,0.8569157392686806,0.8919567827130853,0.8919567827130853,0.6868686868686869,0.7722222222222223,0.7295454545454545,None,None,1.0,None,None,1.0,0.4375,0.48717948717948717,0.4623397435897436,0.8980263157894737,0.8980263157894737,0.9503205128205128,0.9503205128205128,0.6,0.4444444444444444,0.5222222222222221,1.35,1.35,1.1555555555555554,1.1555555555555554,0.47619047619047616,0.47058823529411764,0.4733893557422969,None,None,1.0,None,None,1.0
FairGP_input_False_fair_False,s_as_input=False;fair=False,4,0.7544910179640718,0.9347826086956522,0.3557692307692308,0.6452759197324415,0.37108892308354696,0.9161819143310417,0.9161819143310417,0.9269585253456221,0.6764705882352942,0.7887931034482759,0.7326318458417851,0.8576020572163292,0.8576020572163292,0.8876774847870182,0.8876774847870182,0.7058823529411765,0.7632508833922261,0.7345666181667013,0.9248366013071896,0.9248366013071896,0.9426314695489504,0.9426314695489504,0.6774193548387096,0.8,0.7387096774193549,None,None,1.0,None,None,1.0,0.8870967741935484,0.9523809523809523,0.9197388632872503,0.9314516129032259,0.9314516129032259,0.934715821812596,0.934715821812596,0.9629629629629629,0.9310344827586207,0.9469987228607918,1.0342935528120714,1.0342935528120714,1.0319284802043422,1.0319284802043422,0.9041095890410958,0.9490445859872612,0.9265770875141786,None,None,1.0,None,None,1.0,0.35,0.359375,0.3546875,0.9739130434782608,0.9739130434782608,0.990625,0.990625,0.4166666666666667,0.3375,0.3770833333333333,1.2345679012345678,1.2345679012345678,1.0791666666666666,1.0791666666666666,0.35294117647058826,0.3584905660377358,0.35571587125416204,None,None,1.0,None,None,1.0,0.65,0.640625,0.6453125,1.0146341463414634,1.0146341463414634,1.009375,1.009375,0.5833333333333333,0.6625,0.6229166666666666,0.880503144654088,0.880503144654088,0.9208333333333333,0.9208333333333333,0.6470588235294117,0.6415094339622642,0.644284128745838,None,None,1.0,None,None,1.0,0.11290322580645162,0.04761904761904767,0.08026113671274965,2.3709677419354813,2.3709677419354813,1.065284178187404,1.065284178187404,0.03703703703703709,0.06896551724137934,0.053001277139208214,0.5370370370370376,0.5370370370370376,0.9680715197956578,0.9680715197956578,0.09589041095890416,0.05095541401273884,0.0734229124858215,None,None,1.0,None,None,1.0,0.6790123456790124,0.7960199004975125,0.7375161230882624,0.8530092592592592,0.8530092592592592,0.8829924451814999,0.8829924451814999,0.65,0.78099173553719,0.715495867768595,0.8322751322751324,0.8322751322751324,0.86900826446281,0.86900826446281,0.6666666666666666,0.8142076502732241,0.7404371584699454,None,None,1.0,None,None,1.0,0.3333333333333333,0.25806451612903225,0.29569892473118276,1.2916666666666667,1.2916666666666667,1.075268817204301,1.075268817204301,0.09090909090909091,0.34146341463414637,0.21618625277161863,0.2662337662337662,0.2662337662337662,0.7494456762749445,0.7494456762749445,0.28,0.2962962962962963,0.28814814814814815,None,None,1.0,None,None,1.0
FairGP_input_False_fair_False,s_as_input=False;fair=False,5,0.7305389221556886,0.9372197309417041,0.3153153153153153,0.6262675231285098,0.33621346923643486,0.9933979491501616,0.9933979491501616,0.9943539022143916,0.6847826086956522,0.7479338842975206,0.7163582464965864,0.9155656978140765,0.9155656978140765,0.9368487243981316,0.9368487243981316,0.7209302325581395,0.7319587628865979,0.7264444977223687,0.9849328529315428,0.9849328529315428,0.9889714696715416,0.9889714696715416,0.6991150442477876,0.746606334841629,0.7228606895447083,None,None,1.0,None,None,1.0,0.9180327868852459,0.9444444444444444,0.9312386156648451,0.9720347155255545,0.9720347155255545,0.9735883424408015,0.9735883424408015,0.92,0.9393939393939394,0.9296969696969697,0.9793548387096774,0.9793548387096774,0.9806060606060606,0.9806060606060606,0.918918918918919,0.9463087248322147,0.9326138218755669,None,None,1.0,None,None,1.0,0.22580645161290322,0.35,0.2879032258064516,0.6451612903225806,0.6451612903225806,0.8758064516129033,0.8758064516129033,0.4444444444444444,0.2903225806451613,0.36738351254480284,1.5308641975308641,1.5308641975308641,1.1541218637992832,1.1541218637992832,0.28205128205128205,0.3333333333333333,0.3076923076923077,None,None,1.0,None,None,1.0,0.7741935483870968,0.65,0.7120967741935484,1.1910669975186103,1.1910669975186103,1.1241935483870966,1.1241935483870966,0.5555555555555556,0.7096774193548387,0.6326164874551972,0.7828282828282829,0.7828282828282829,0.8458781362007168,0.8458781362007168,0.717948717948718,0.6666666666666667,0.6923076923076923,None,None,1.0,None,None,1.0,0.08196721311475408,0.05555555555555558,0.06876138433515483,1.4754098360655727,1.4754098360655727,1.0264116575591986,1.0264116575591986,0.07999999999999996,0.06060606060606055,0.07030303030303026,1.3200000000000005,1.3200000000000005,1.0193939393939395,1.0193939393939395,0.08108108108108103,0.05369127516778527,0.06738617812443315,None,None,1.0,None,None,1.0,0.7,0.7463414634146341,0.723170731707317,0.9379084967320261,0.9379084967320261,0.9536585365853658,0.9536585365853658,0.696969696969697,0.7380952380952381,0.7175324675324676,0.9442815249266863,0.9442815249266863,0.9588744588744589,0.9588744588744589,0.7083333333333334,0.746031746031746,0.7271825396825398,None,None,1.0,None,None,1.0,0.4166666666666667,0.24324324324324326,0.32995495495495497,1.712962962962963,1.712962962962963,1.1734234234234235,1.1734234234234235,0.2,0.3076923076923077,0.25384615384615383,0.65,0.65,0.8923076923076922,0.8923076923076922,0.35294117647058826,0.25,0.30147058823529416,None,None,1.0,None,None,1.0
FairGP_input_False_fair_False,s_as_input=False;fair=False,6,0.718562874251497,0.9342105263157895,0.25471698113207547,0.5944637537239325,0.2652158530560405,1.0199572344975052,1.0199572344975052,1.0173213733374573,0.6630434782608695,0.7396694214876033,0.7013564498742364,0.8964051493806169,0.8964051493806169,0.9233740567732662,0.9233740567732662,0.6111111111111112,0.7392857142857143,0.6751984126984127,0.8266237251744498,0.8266237251744498,0.8718253968253968,0.8718253968253968,0.6639344262295082,0.75,0.7069672131147541,None,None,1.0,None,None,1.0,0.9642857142857143,0.9244186046511628,0.9443521594684385,1.0431266846361187,1.0431266846361187,1.0398671096345515,1.0398671096345515,0.875,0.9438775510204082,0.909438775510204,0.927027027027027,0.927027027027027,0.9311224489795918,0.9311224489795918,0.9240506329113924,0.9395973154362416,0.931823974173817,None,None,1.0,None,None,1.0,0.19444444444444445,0.2857142857142857,0.24007936507936506,0.6805555555555556,0.6805555555555556,0.9087301587301587,0.9087301587301587,0.22727272727272727,0.2619047619047619,0.24458874458874458,0.8677685950413222,0.8677685950413222,0.9653679653679653,0.9653679653679653,0.18604651162790697,0.30158730158730157,0.24381690660760427,None,None,1.0,None,None,1.0,0.8055555555555556,0.7142857142857143,0.7599206349206349,1.1277777777777778,1.1277777777777778,1.0912698412698414,1.0912698412698414,0.7727272727272727,0.7380952380952381,0.7554112554112554,1.0469208211143695,1.0469208211143695,1.0346320346320346,1.0346320346320346,0.813953488372093,0.6984126984126984,0.7561830933923956,None,None,1.0,None,None,1.0,0.0357142857142857,0.07558139534883723,0.055647840531561465,0.4725274725274722,0.4725274725274722,0.9601328903654485,0.9601328903654485,0.125,0.056122448979591844,0.09056122448979592,2.227272727272727,2.227272727272727,1.068877551020408,1.068877551020408,0.07594936708860756,0.06040268456375841,0.06817602582618298,None,None,1.0,None,None,1.0,0.6506024096385542,0.7607655502392344,0.7056839799388943,0.8551943623550807,0.8551943623550807,0.8898368593993198,0.8898368593993198,0.6222222222222222,0.7489878542510121,0.6856050382366172,0.8307507507507508,0.8307507507507508,0.8732343679712101,0.8732343679712101,0.6759259259259259,0.7608695652173914,0.7183977455716586,None,None,1.0,None,None,1.0,0.2222222222222222,0.3939393939393939,0.30808080808080807,0.5641025641025641,0.5641025641025641,0.8282828282828283,0.8282828282828283,0.4444444444444444,0.3333333333333333,0.38888888888888884,1.3333333333333333,1.3333333333333333,1.1111111111111112,1.1111111111111112,0.42857142857142855,0.32142857142857145,0.375,None,None,1.0,None,None,1.0
FairGP_input_False_fair_False,s_as_input=False;fair=False,7,0.7425149700598802,0.8978723404255319,0.37373737373737376,0.6358048570814528,0.32103367171496416,1.0163654127992183,1.0163654127992183,1.0133015683938853,0.6938775510204082,0.7627118644067796,0.728294707713594,0.909750566893424,0.909750566893424,0.9311656866136285,0.9311656866136285,0.627906976744186,0.7594501718213058,0.6936785742827459,0.8267915395138378,0.8267915395138378,0.8684568049228802,0.8684568049228802,0.6956521739130435,0.7671232876712328,0.7313877307921381,None,None,1.0,None,None,1.0,0.9032258064516129,0.8959537572254336,0.8995897818385232,1.0081165452653484,1.0081165452653484,1.0072720492261793,1.0072720492261793,0.9583333333333334,0.8909952606635071,0.9246642969984202,1.0755762411347518,1.0755762411347518,1.0673380726698263,1.0673380726698263,0.9166666666666666,0.8895705521472392,0.903118609406953,None,None,1.0,None,None,1.0,0.3333333333333333,0.3968253968253968,0.36507936507936506,0.84,0.84,0.9365079365079365,0.9365079365079365,0.21052631578947367,0.4125,0.3115131578947368,0.5103668261562998,0.5103668261562998,0.7980263157894737,0.7980263157894737,0.32558139534883723,0.4107142857142857,0.36814784053156147,None,None,1.0,None,None,1.0,0.6666666666666667,0.6031746031746033,0.634920634920635,1.1052631578947367,1.1052631578947367,1.0634920634920635,1.0634920634920635,0.7894736842105263,0.5875,0.6884868421052632,1.3437849944008957,1.3437849944008957,1.2019736842105262,1.2019736842105262,0.6744186046511628,0.5892857142857143,0.6318521594684385,None,None,1.0,None,None,1.0,0.09677419354838712,0.10404624277456642,0.10041021816147677,0.9301075268817212,0.9301075268817212,0.9927279507738207,0.9927279507738207,0.04166666666666663,0.1090047393364929,0.07533570300157977,0.3822463768115938,0.3822463768115938,0.9326619273301737,0.9326619273301737,0.08333333333333337,0.11042944785276076,0.09688139059304707,None,None,1.0,None,None,1.0,0.7,0.8031088082901554,0.7515544041450777,0.8716129032258064,0.8716129032258064,0.8968911917098445,0.8968911917098445,0.6052631578947368,0.8,0.7026315789473685,0.756578947368421,0.756578947368421,0.8052631578947368,0.8052631578947368,0.6947368421052632,0.8146067415730337,0.7546717918391485,None,None,1.0,None,None,1.0,0.3333333333333333,0.4186046511627907,0.375968992248062,0.7962962962962962,0.7962962962962962,0.9147286821705426,0.9147286821705426,0.2,0.4107142857142857,0.3053571428571429,0.48695652173913045,0.48695652173913045,0.7892857142857144,0.7892857142857144,0.3,0.43902439024390244,0.3695121951219512,None,None,1.0,None,None,1.0
FairGP_input_False_fair_False,s_as_input=False;fair=False,8,0.7514970059880239,0.9087136929460581,0.34408602150537637,0.6263998572257172,0.30778728805451266,1.0203924586379376,1.0203924586379376,1.0169783366035317,0.7263157894736842,0.7615062761506276,0.7439110328121559,0.9537883169462118,0.9537883169462118,0.9648095133230566,0.9648095133230566,0.6829268292682927,0.7610921501706485,0.7220094897194707,0.8972984797112545,0.8972984797112545,0.9218346790976443,0.9218346790976443,0.7079646017699115,0.7737556561085973,0.7408601289392545,None,None,1.0,None,None,1.0,0.9344262295081968,0.9,0.9172131147540984,1.0382513661202186,1.0382513661202186,1.0344262295081967,1.0344262295081967,0.92,0.9074074074074074,0.9137037037037037,1.013877551020408,1.013877551020408,1.0125925925925925,1.0125925925925925,0.9315068493150684,0.8988095238095238,0.9151581865622962,None,None,1.0,None,None,1.0,0.35294117647058826,0.3389830508474576,0.34596211365902296,1.0411764705882354,1.0411764705882354,1.0139581256231307,1.0139581256231307,0.3125,0.35064935064935066,0.3315746753246753,0.8912037037037037,0.8912037037037037,0.9618506493506493,0.9618506493506493,0.3,0.37735849056603776,0.33867924528301885,None,None,1.0,None,None,1.0,0.6470588235294117,0.6610169491525424,0.654037886340977,0.9788838612368023,0.9788838612368023,0.9860418743768693,0.9860418743768693,0.6875,0.6493506493506493,0.6684253246753247,1.05875,1.05875,1.0381493506493507,1.0381493506493507,0.7,0.6226415094339622,0.661320754716981,None,None,1.0,None,None,1.0,0.06557377049180324,0.09999999999999998,0.08278688524590161,0.6557377049180325,0.6557377049180325,0.9655737704918033,0.9655737704918033,0.07999999999999996,0.09259259259259256,0.08629629629629626,0.8639999999999999,0.8639999999999999,0.9874074074074074,0.9874074074074074,0.06849315068493156,0.10119047619047616,0.08484181343770386,None,None,1.0,None,None,1.0,0.7215189873417721,0.8059701492537313,0.7637445682977517,0.8952180028129395,0.8952180028129395,0.9155488380880408,0.9155488380880408,0.6764705882352942,0.7967479674796748,0.7366092778574844,0.8490396158463386,0.8490396158463386,0.8797226207556194,0.8797226207556194,0.7083333333333334,0.8206521739130435,0.7644927536231885,None,None,1.0,None,None,1.0,0.25,0.47368421052631576,0.36184210526315785,0.5277777777777778,0.5277777777777778,0.7763157894736843,0.7763157894736843,0.2857142857142857,0.425531914893617,0.3556231003039514,0.6714285714285714,0.6714285714285714,0.8601823708206686,0.8601823708206686,0.29411764705882354,0.4594594594594595,0.3767885532591415,None,None,1.0,None,None,1.0
FairGP_input_False_fair_False,s_as_input=False;fair=False,9,0.7574850299401198,0.9364406779661016,0.32653061224489793,0.6314856451054998,0.3443400190379359,0.8940105695830887,0.8940105695830887,0.9049749934193209,0.7102803738317757,0.7797356828193832,0.7450080283255794,0.9109245472305824,0.9109245472305824,0.9305446910123925,0.9305446910123925,0.6909090909090909,0.7706093189964157,0.7307592049527534,0.8965750528541226,0.8965750528541226,0.9202997719126752,0.9202997719126752,0.7022900763358778,0.7931034482758621,0.7476967623058699,None,None,1.0,None,None,1.0,0.9104477611940298,0.9467455621301775,0.9285966616621036,0.9616604477611941,0.9616604477611941,0.9637021990638523,0.9637021990638523,0.8857142857142857,0.945273631840796,0.9154939587775408,0.9369924812030075,0.9369924812030075,0.9404406538734896,0.9404406538734896,0.9024390243902439,0.9545454545454546,0.9284922394678492,None,None,1.0,None,None,1.0,0.375,0.29310344827586204,0.33405172413793105,1.2794117647058825,1.2794117647058825,1.081896551724138,1.081896551724138,0.35,0.32051282051282054,0.3352564102564103,1.0919999999999999,1.0919999999999999,1.0294871794871794,1.0294871794871794,0.3673469387755102,0.2857142857142857,0.326530612244898,None,None,1.0,None,None,1.0,0.625,0.7068965517241379,0.665948275862069,0.8841463414634146,0.8841463414634146,0.9181034482758621,0.9181034482758621,0.65,0.6794871794871795,0.6647435897435898,0.9566037735849057,0.9566037735849057,0.9705128205128205,0.9705128205128205,0.6326530612244898,0.7142857142857143,0.6734693877551021,None,None,1.0,None,None,1.0,0.08955223880597019,0.053254437869822535,0.07140333833789636,1.681592039800994,1.681592039800994,1.0362978009361477,1.0362978009361477,0.11428571428571432,0.05472636815920395,0.08450604122245914,2.08831168831169,2.08831168831169,1.0595593461265103,1.0595593461265103,0.09756097560975607,0.045454545454545414,0.07150776053215074,None,None,1.0,None,None,1.0,0.7093023255813954,0.7960199004975125,0.7526611130394539,0.8910610465116279,0.8910610465116279,0.9132824250838829,0.9132824250838829,0.7045454545454546,0.7818930041152263,0.7432192293303405,0.9010765550239235,0.9010765550239235,0.9226524504302283,0.9226524504302283,0.7047619047619048,0.8076923076923077,0.7562271062271062,None,None,1.0,None,None,1.0,0.2857142857142857,0.34615384615384615,0.3159340659340659,0.8253968253968254,0.8253968253968254,0.9395604395604396,0.9395604395604396,0.36363636363636365,0.3055555555555556,0.3345959595959596,1.1900826446280992,1.1900826446280992,1.058080808080808,1.058080808080808,0.3076923076923077,0.3333333333333333,0.3205128205128205,None,None,1.0,None,None,1.0
