algorithm,params,run-id,accuracy,TPR,TNR,BCR,MCC,DIbinary,DIavgall,CV,0-accuracy,1-accuracy,sex-accuracy,0-accuracy_over_1-accuracy,sex-accuracyRatio,diff:1-accuracyto0-accuracy,sex-accuracyDiff,0-accuracy,1-accuracy,race-accuracy,0-accuracy_over_1-accuracy,race-accuracyRatio,diff:1-accuracyto0-accuracy,race-accuracyDiff,0-accuracy,1-accuracy,sex-race-accuracy,0-accuracy_over_1-1-accuracy,1-accuracy_over_1-1-accuracy,sex-race-accuracyRatio,diff:1-1-accuracyto0-accuracy,diff:1-1-accuracyto1-accuracy,sex-race-accuracyDiff,0-TPR,1-TPR,sex-TPR,0-TPR_over_1-TPR,sex-TPRRatio,diff:1-TPRto0-TPR,sex-TPRDiff,0-TPR,1-TPR,race-TPR,0-TPR_over_1-TPR,race-TPRRatio,diff:1-TPRto0-TPR,race-TPRDiff,0-TPR,1-TPR,sex-race-TPR,0-TPR_over_1-1-TPR,1-TPR_over_1-1-TPR,sex-race-TPRRatio,diff:1-1-TPRto0-TPR,diff:1-1-TPRto1-TPR,sex-race-TPRDiff,0-TNR,1-TNR,sex-TNR,0-TNR_over_1-TNR,sex-TNRRatio,diff:1-TNRto0-TNR,sex-TNRDiff,0-TNR,1-TNR,race-TNR,0-TNR_over_1-TNR,race-TNRRatio,diff:1-TNRto0-TNR,race-TNRDiff,0-TNR,1-TNR,sex-race-TNR,0-TNR_over_1-1-TNR,1-TNR_over_1-1-TNR,sex-race-TNRRatio,diff:1-1-TNRto0-TNR,diff:1-1-TNRto1-TNR,sex-race-TNRDiff,0-FPR,1-FPR,sex-FPR,0-FPR_over_1-FPR,sex-FPRRatio,diff:1-FPRto0-FPR,sex-FPRDiff,0-FPR,1-FPR,race-FPR,0-FPR_over_1-FPR,race-FPRRatio,diff:1-FPRto0-FPR,race-FPRDiff,0-FPR,1-FPR,sex-race-FPR,0-FPR_over_1-1-FPR,1-FPR_over_1-1-FPR,sex-race-FPRRatio,diff:1-1-FPRto0-FPR,diff:1-1-FPRto1-FPR,sex-race-FPRDiff,0-FNR,1-FNR,sex-FNR,0-FNR_over_1-FNR,sex-FNRRatio,diff:1-FNRto0-FNR,sex-FNRDiff,0-FNR,1-FNR,race-FNR,0-FNR_over_1-FNR,race-FNRRatio,diff:1-FNRto0-FNR,race-FNRDiff,0-FNR,1-FNR,sex-race-FNR,0-FNR_over_1-1-FNR,1-FNR_over_1-1-FNR,sex-race-FNRRatio,diff:1-1-FNRto0-FNR,diff:1-1-FNRto1-FNR,sex-race-FNRDiff,0-calibration+,1-calibration+,sex-calibration+,0-calibration+_over_1-calibration+,sex-calibration+Ratio,diff:1-calibration+to0-calibration+,sex-calibration+Diff,0-calibration+,1-calibration+,race-calibration+,0-calibration+_over_1-calibration+,race-calibration+Ratio,diff:1-calibration+to0-calibration+,race-calibration+Diff,0-calibration+,1-calibration+,sex-race-calibration+,0-calibration+_over_1-1-calibration+,1-calibration+_over_1-1-calibration+,sex-race-calibration+Ratio,diff:1-1-calibration+to0-calibration+,diff:1-1-calibration+to1-calibration+,sex-race-calibration+Diff,0-calibration-,1-calibration-,sex-calibration-,0-calibration-_over_1-calibration-,sex-calibration-Ratio,diff:1-calibration-to0-calibration-,sex-calibration-Diff,0-calibration-,1-calibration-,race-calibration-,0-calibration-_over_1-calibration-,race-calibration-Ratio,diff:1-calibration-to0-calibration-,race-calibration-Diff,0-calibration-,1-calibration-,sex-race-calibration-,0-calibration-_over_1-1-calibration-,1-calibration-_over_1-1-calibration-,sex-race-calibration-Ratio,diff:1-1-calibration-to0-calibration-,diff:1-1-calibration-to1-calibration-,sex-race-calibration-Diff
FairGP_input_True_fair_True,s_as_input=True;fair=True,0,0.504863813229572,0.5131004366812227,0.4982456140350877,0.5056730253581552,0.011279557072382663,1.0364760037297733,1.0364760037297733,1.0180037522996497,0.5038560411311054,0.5050989802039592,0.5044775106675323,0.9975392168236968,0.9975392168236968,0.9987570609271462,0.9987570609271462,0.5129151291512916,0.4893009985734665,0.501108063862379,1.048260949081794,1.048260949081794,1.023614130577825,1.023614130577825,0.5089344804765056,0.4935779816513762,0.5012562310639409,None,None,1.0,None,None,1.0,0.5275590551181102,0.5107731305449936,0.5191660928315519,1.0328637580352085,1.0328637580352085,1.0167859245731166,1.0167859245731166,0.5264797507788161,0.48175182481751827,0.5041157877981672,1.092844331162088,1.092844331162088,1.0447279259612978,1.0447279259612978,0.5221745350500715,0.4838709677419355,0.5030227513960035,None,None,1.0,None,None,1.0,0.49236641221374045,0.5,0.4961832061068702,0.9847328244274809,0.9847328244274809,0.9923664122137404,0.9923664122137404,0.5007012622720898,0.49414519906323184,0.4974232306676608,1.013267483365793,1.013267483365793,1.006556063208858,1.006556063208858,0.4975369458128079,0.5,0.4987684729064039,None,None,1.0,None,None,1.0,0.5076335877862596,0.5,0.5038167938931297,1.015267175572519,1.015267175572519,1.0076335877862594,1.0076335877862594,0.4992987377279102,0.5058548009367682,0.5025767693323392,0.9870396343047114,0.9870396343047114,0.9934439367911421,0.9934439367911421,0.5024630541871922,0.5,0.5012315270935961,None,None,1.0,None,None,1.0,0.4724409448818898,0.4892268694550064,0.4808339071684481,0.9656888743829302,0.9656888743829302,0.9832140754268834,0.9832140754268834,0.47352024922118385,0.5182481751824817,0.49588421220183276,0.9136940020183408,0.9136940020183408,0.9552720740387022,0.9552720740387022,0.4778254649499285,0.5161290322580645,0.4969772486039965,None,None,1.0,None,None,1.0,0.335,0.47862232779097386,0.40681116389548694,0.6999255583126551,0.6999255583126551,0.8563776722090262,0.8563776722090262,0.48703170028818443,0.3793103448275862,0.4331710225578853,1.2839926643961226,1.2839926643961226,1.1077213554605982,1.1077213554605982,0.4721862871927555,0.3903345724907063,0.4312604298417309,None,None,1.0,None,None,1.0,0.31746031746031744,0.4678787878787879,0.39266955266955267,0.6785097458672588,0.6785097458672588,0.8495815295815295,0.8495815295815295,0.4599092284417549,0.40226628895184136,0.43108775869679816,1.143295476337602,1.143295476337602,1.0576429394899136,1.0576429394899136,0.45257452574525747,0.4057971014492754,0.42918581359726643,None,None,1.0,None,None,1.0
FairGP_input_True_fair_True,s_as_input=True;fair=True,1,0.49513618677042803,0.4994640943193998,0.4915405164737311,0.4955023053965655,-0.008957239542818194,1.0042645014995246,1.0042645014995246,1.002144162765124,0.48429319371727747,0.497610513739546,0.49095185372841177,0.9732374625242767,0.9732374625242767,0.9866826799777315,0.9866826799777315,0.49742836149889785,0.4906474820143885,0.4940379217566432,1.0138202675710675,1.0138202675710675,1.0067808794845092,1.0067808794845092,0.4930875576036866,0.5009310986964618,0.4970093281500742,None,None,1.0,None,None,1.0,0.4883720930232558,0.5012437810945274,0.4948079370588916,0.9743205032027237,0.9743205032027237,0.9871283119287284,0.9871283119287284,0.4970414201183432,0.5058365758754864,0.5014389979969147,0.9826126536185708,0.9826126536185708,0.9912048442428568,0.9912048442428568,0.49795918367346936,0.5050505050505051,0.5015048443619872,None,None,1.0,None,None,1.0,0.48221343873517786,0.4942528735632184,0.48823315614919816,0.9756411434874529,0.9756411434874529,0.9879605651719594,0.9879605651719594,0.4978102189781022,0.4817351598173516,0.4897726893977269,1.033369080153596,1.033369080153596,1.0160750591607506,1.0160750591607506,0.4885204081632653,0.49852507374631266,0.493522740954789,None,None,1.0,None,None,1.0,0.5177865612648221,0.5057471264367817,0.5117668438508018,1.0238052461372618,1.0238052461372618,1.0120394348280404,1.0120394348280404,0.5021897810218978,0.5182648401826484,0.5102273106022731,0.9689829254959966,0.9689829254959966,0.9839249408392494,0.9839249408392494,0.5114795918367347,0.5014749262536873,0.506477259045211,None,None,1.0,None,None,1.0,0.5116279069767442,0.4987562189054726,0.5051920629411084,1.025807574088036,1.025807574088036,1.0128716880712716,1.0128716880712716,0.5029585798816568,0.49416342412451364,0.49856100200308523,1.0177980710991008,1.0177980710991008,1.0087951557571433,1.0087951557571433,0.5020408163265306,0.4949494949494949,0.4984951556380128,None,None,1.0,None,None,1.0,0.3247422680412371,0.47805456702253857,0.4013984175318879,0.6792995830242256,0.6792995830242256,0.8466877010186986,0.8466877010186986,0.49411764705882355,0.3641456582633053,0.42913165266106446,1.3569230769230771,1.3569230769230771,1.1299719887955182,1.1299719887955182,0.4771838331160365,0.37037037037037035,0.42377710174320343,None,None,1.0,None,None,1.0,0.35106382978723405,0.4825511432009627,0.4168074864940984,0.7275163155939938,0.7275163155939938,0.8685126865862713,0.8685126865862713,0.49926578560939794,0.3757396449704142,0.43750271528990603,1.3287546105195,1.3287546105195,1.1235261406389838,1.1235261406389838,0.49069148936170215,0.36704119850187267,0.4288663439317874,None,None,1.0,None,None,1.0
FairGP_input_True_fair_True,s_as_input=True;fair=True,2,0.5058365758754864,0.5237603305785123,0.4898897058823529,0.5068250182304326,0.013634225957192868,0.9498267002957435,0.9498267002957435,0.973084603710053,0.5260416666666666,0.5011961722488039,0.5136189194577352,1.0495723945902942,1.0495723945902942,1.0248454944178627,1.0248454944178627,0.5058910162002945,0.505730659025788,0.5058108376130412,1.0003170801920838,1.0003170801920838,1.0001603571745066,1.0001603571745066,0.5101906640368179,0.4934579439252336,0.5018243039810257,None,None,1.0,None,None,1.0,0.5323741007194245,0.5223160434258143,0.5273450720726194,1.019256650107166,1.019256650107166,1.0100580572936102,1.0100580572936102,0.5111441307578009,0.5525423728813559,0.5318432518195784,0.9250768010647317,0.9250768010647317,0.958601757876445,0.958601757876445,0.5203252032520326,0.5347826086956522,0.5275539059738423,None,None,1.0,None,None,1.0,0.5224489795918368,0.4804270462633452,0.501438012927591,1.0874678760393046,1.0874678760393046,1.0420219333284915,1.0420219333284915,0.5007299270072992,0.47146401985111663,0.48609697342920793,1.0620745293891662,1.0620745293891662,1.0292659071561827,1.0292659071561827,0.5006385696040868,0.46229508196721314,0.48146682578565,None,None,1.0,None,None,1.0,0.4775510204081632,0.5195729537366548,0.498561987072409,0.9191221694157115,0.9191221694157115,0.9579780666715084,0.9579780666715084,0.49927007299270076,0.5285359801488834,0.513903026570792,0.944628354066002,0.944628354066002,0.9707340928438174,0.9707340928438174,0.4993614303959132,0.5377049180327869,0.51853317421435,None,None,1.0,None,None,1.0,0.4676258992805755,0.4776839565741857,0.4726549279273806,0.9789441174333261,0.9789441174333261,0.9899419427063898,0.9899419427063898,0.48885586924219915,0.4474576271186441,0.46815674818042163,1.0925187986852176,1.0925187986852176,1.041398242123555,1.041398242123555,0.4796747967479674,0.4652173913043478,0.4724460940261576,None,None,1.0,None,None,1.0,0.387434554973822,0.4971297359357061,0.4422821454547641,0.7793429500743625,0.7793429500743625,0.890304819038116,0.890304819038116,0.5014577259475219,0.43351063829787234,0.46748418212269716,1.1567368402225044,1.1567368402225044,1.0679470876496495,1.0679470876496495,0.49548387096774194,0.42857142857142855,0.4620276497695852,None,None,1.0,None,None,1.0,0.33678756476683935,0.4943820224719101,0.4155847936193747,0.6812293923692887,0.6812293923692887,0.8424055422949293,0.8424055422949293,0.4895833333333333,0.40993788819875776,0.44976061076604557,1.1942866161616161,1.1942866161616161,1.0796454451345756,1.0796454451345756,0.4745308310991957,0.4314516129032258,0.4529912220012108,None,None,1.0,None,None,1.0
FairGP_input_True_fair_True,s_as_input=True;fair=True,3,0.4985408560311284,0.44278074866310163,0.5450490633363069,0.4939149059997042,-0.012182788363111397,0.9636326955339889,0.9636326955339889,0.9832046713080619,0.48009950248756217,0.5030229746070133,0.4915612385472877,0.9544285782625335,0.9544285782625335,0.9770765278805489,0.9770765278805489,0.49853372434017595,0.4985549132947977,0.49854431881748684,0.999957499256237,0.999957499256237,0.9999788110453782,0.9999788110453782,0.49440421329822254,0.5102420856610801,0.5023231494796513,None,None,1.0,None,None,1.0,0.3873239436619718,0.4527112232030265,0.4200175834324992,0.8555651457491467,0.8555651457491467,0.9346127204589454,0.9346127204589454,0.4405487804878049,0.44802867383512546,0.44428872716146517,0.9833048780487805,0.9833048780487805,0.9925201066526794,0.9925201066526794,0.4350282485875706,0.4669603524229075,0.45099430050523903,None,None,1.0,None,None,1.0,0.5307692307692308,0.5493612078977933,0.540065219333512,0.9661570987152381,0.9661570987152381,0.9814080228714375,0.9814080228714375,0.5522598870056498,0.5326876513317191,0.5424737691686845,1.0367424242424244,1.0367424242424244,1.0195722356739307,1.0195722356739307,0.5462392108508015,0.5419354838709678,0.5440873473608847,None,None,1.0,None,None,1.0,0.46923076923076923,0.4506387921022067,0.45993478066648796,1.0412569389373514,1.0412569389373514,1.0185919771285625,1.0185919771285625,0.44774011299435024,0.46731234866828086,0.45752623083131555,0.9581174438687391,0.9581174438687391,0.9804277643260694,0.9804277643260694,0.4537607891491985,0.4580645161290322,0.45591265263911535,None,None,1.0,None,None,1.0,0.6126760563380282,0.5472887767969735,0.5799824165675009,1.1194749140001299,1.1194749140001299,1.0653872795410546,1.0653872795410546,0.5594512195121951,0.5519713261648745,0.5557112728385348,1.0135512353500158,1.0135512353500158,1.0074798933473206,1.0074798933473206,0.5649717514124294,0.5330396475770924,0.549005699494761,None,None,1.0,None,None,1.0,0.3107344632768362,0.48058902275769744,0.3956617430172668,0.646570039186063,0.646570039186063,0.8301454405191387,0.8301454405191387,0.4768976897689769,0.39308176100628933,0.43498972538763314,1.2132277227722772,1.2132277227722772,1.0838159287626876,1.0838159287626876,0.4556213017751479,0.4274193548387097,0.4415203283069288,None,None,1.0,None,None,1.0,0.38666666666666666,0.4785005512679162,0.4325836089672914,0.8080798771121352,0.8080798771121352,0.9081661153987505,0.9081661153987505,0.4841688654353562,0.4117647058823529,0.44796678565885456,1.175838673200151,1.175838673200151,1.0724041595530034,1.0724041595530034,0.4744958481613286,0.4186851211072664,0.4465904846342975,None,None,1.0,None,None,1.0
FairGP_input_True_fair_True,s_as_input=True;fair=True,4,0.49367704280155644,0.47613997879109227,0.5085354896675651,0.4923377342293287,-0.015279460991632254,0.9934773994940412,0.9934773994940412,0.996824847300873,0.5104166666666666,0.48983253588516745,0.5001246012759171,1.042022792022792,1.042022792022792,1.0205841307814991,1.0205841307814991,0.49372693726937267,0.49358059914407987,0.49365376820672624,1.0002964827336134,1.0002964827336134,1.0001463381252929,1.0001463381252929,0.4954128440366973,0.48867924528301887,0.4920460446598581,None,None,1.0,None,None,1.0,0.5,0.4724602203182375,0.48623011015911877,1.0582901554404145,1.0582901554404145,1.0275397796817625,1.0275397796817625,0.4779969650986343,0.47183098591549294,0.4749139755070636,1.0130681946866578,1.0130681946866578,1.0061659791831414,1.0061659791831414,0.4777158774373259,0.4711111111111111,0.47441349427421853,None,None,1.0,None,None,1.0,0.5155038759689923,0.5064327485380117,0.510968312253502,1.0179118105161395,1.0179118105161395,1.0090711274309805,1.0090711274309805,0.5086206896551724,0.5083932853717026,0.5085069875134375,1.0004472999349383,1.0004472999349383,1.0002274042834698,1.0002274042834698,0.5111386138613861,0.5016393442622951,0.5063889790618405,None,None,1.0,None,None,1.0,0.4844961240310077,0.4935672514619883,0.489031687746498,0.9816212939490796,0.9816212939490796,0.9909288725690194,0.9909288725690194,0.4913793103448276,0.4916067146282974,0.4914930124865625,0.9995374264087468,0.9995374264087468,0.9997725957165302,0.9997725957165302,0.48886138613861385,0.49836065573770494,0.4936110209381594,None,None,1.0,None,None,1.0,0.5,0.5275397796817625,0.5137698898408812,0.9477958236658934,0.9477958236658934,0.9724602203182375,0.9724602203182375,0.5220030349013657,0.528169014084507,0.5250860244929363,0.9883257460799191,0.9883257460799191,0.9938340208168587,0.9938340208168587,0.5222841225626741,0.528888888888889,0.5255865057257816,None,None,1.0,None,None,1.0,0.3351063829787234,0.4777227722772277,0.40641457762797556,0.7014662110020946,0.7014662110020946,0.8573836107014957,0.8573836107014957,0.4794520547945205,0.3952802359882006,0.43736614539136054,1.2129421386219585,1.2129421386219585,1.0841718188063199,1.0841718188063199,0.46476964769647694,0.4108527131782946,0.43781118043738576,None,None,1.0,None,None,1.0,0.32142857142857145,0.4988425925925926,0.41013558201058203,0.6443486907524031,0.6443486907524031,0.8225859788359788,0.8225859788359788,0.49283667621776506,0.4143646408839779,0.4536006585508715,1.1893791786055397,1.1893791786055397,1.078472035333787,1.078472035333787,0.47588832487309646,0.4375,0.45669416243654826,None,None,1.0,None,None,1.0
FairGP_input_True_fair_True,s_as_input=True;fair=True,5,0.521887159533074,0.5061728395061729,0.5339055793991416,0.5200392094526572,0.03974266119517113,1.0330517568440378,1.0330517568440378,1.0156028113389872,0.5163727959697733,0.5232067510548524,0.5197897735123128,0.9869383277809375,0.9869383277809375,0.9931660449149209,0.9931660449149209,0.5011252813203301,0.5601659751037344,0.5306456282120322,0.8946014281348115,0.8946014281348115,0.9409593062165956,0.9409593062165956,0.5023317788141239,0.5747747747747748,0.5385532767944494,None,None,1.0,None,None,1.0,0.46808510638297873,0.5133333333333333,0.490709219858156,0.9118541033434651,0.9118541033434651,0.9547517730496454,0.9547517730496454,0.49114331723027377,0.5407407407407407,0.5159420289855072,0.9082787373436569,0.9082787373436569,0.950402576489533,0.950402576489533,0.48892171344165436,0.5607476635514018,0.524834688496528,None,None,1.0,None,None,1.0,0.54296875,0.5313531353135313,0.5371609426567656,1.0218604425465838,1.0218604425465838,1.0116156146864688,1.0116156146864688,0.5098314606741573,0.5717439293598234,0.5407876950169903,0.8917129408702442,0.8917129408702442,0.9380875313143339,0.9380875313143339,0.5133495145631068,0.5835777126099707,0.5484636135865388,None,None,1.0,None,None,1.0,0.45703125,0.46864686468646866,0.46283905734323433,0.9752145686619718,0.9752145686619718,0.9883843853135313,0.9883843853135313,0.4901685393258427,0.42825607064017657,0.45921230498300963,1.1445688057453958,1.1445688057453958,1.0619124686856662,1.0619124686856662,0.48665048543689315,0.4164222873900293,0.4515363864134612,None,None,1.0,None,None,1.0,0.5319148936170213,0.4866666666666667,0.509290780141844,1.0929758088020984,1.0929758088020984,1.0452482269503545,1.0452482269503545,0.5088566827697263,0.45925925925925926,0.48405797101449277,1.1079943899018234,1.1079943899018234,1.049597423510467,1.049597423510467,0.5110782865583456,0.4392523364485982,0.4751653115034719,None,None,1.0,None,None,1.0,0.36065573770491804,0.4747225647348952,0.41768915121990663,0.7597189695550352,0.7597189695550352,0.8859331729700228,0.8859331729700228,0.46636085626911317,0.4294117647058823,0.4478863104874977,1.086045829667798,1.086045829667798,1.036949091563231,1.036949091563231,0.4521857923497268,0.4580152671755725,0.45510052976264964,None,None,1.0,None,None,1.0,0.35046728971962615,0.43042452830188677,0.3904459090107565,0.8142363333760082,0.8142363333760082,0.9200427614177393,0.9200427614177393,0.4653902798232695,0.3237597911227154,0.39457503547299244,1.437455461067034,1.437455461067034,1.1416304887005542,1.1416304887005542,0.44993498049414826,0.32081911262798635,0.3853770465610673,None,None,1.0,None,None,1.0
FairGP_input_True_fair_True,s_as_input=True;fair=True,6,0.49562256809338523,0.4925373134328358,0.49821109123434704,0.4953742023335914,-0.009216180496551468,0.9427254772876893,0.9427254772876893,0.9702428457416487,0.5475,0.4830917874396135,0.5152958937198068,1.133325,1.133325,1.0644082125603864,1.0644082125603864,0.49263622974963184,0.501432664756447,0.4970344472530394,0.9824573953292658,0.9824573953292658,0.9912035649931848,0.9912035649931848,0.5023041474654378,0.4767225325884544,0.48951334002694613,None,None,1.0,None,None,1.0,0.48427672955974843,0.4942233632862644,0.4892500464230064,0.979874213836478,0.979874213836478,0.9900533662734841,0.9900533662734841,0.490625,0.4966442953020134,0.49363464765100673,0.9878800675675675,0.9878800675675675,0.9939807046979865,0.9939807046979865,0.4915254237288136,0.4956521739130435,0.49358879882092854,None,None,1.0,None,None,1.0,0.5892116182572614,0.4732041049030787,0.5312078615801701,1.2451532270159476,1.2451532270159476,1.1160075133541827,1.1160075133541827,0.49442896935933145,0.505,0.4997144846796657,0.979067266058082,0.979067266058082,0.9894289693593314,0.9894289693593314,0.5117139334155364,0.46254071661237783,0.4871273250139571,None,None,1.0,None,None,1.0,0.4107883817427386,0.5267958950969214,0.46879213841983,0.7797866034380556,0.7797866034380556,0.8839924866458172,0.8839924866458172,0.5055710306406686,0.495,0.5002855153203343,1.021355617455896,1.021355617455896,1.0105710306406686,1.0105710306406686,0.4882860665844636,0.5374592833876222,0.5128726749860428,None,None,1.0,None,None,1.0,0.5157232704402516,0.5057766367137355,0.5107499535769935,1.0196660600836447,1.0196660600836447,1.009946633726516,1.009946633726516,0.509375,0.5033557046979866,0.5063653523489933,1.0119583333333333,1.0119583333333333,1.0060192953020133,1.0060192953020133,0.5084745762711864,0.5043478260869565,0.5064112011790715,None,None,1.0,None,None,1.0,0.4375,0.45454545454545453,0.4460227272727273,0.9625,0.9625,0.9829545454545454,0.9829545454545454,0.4638109305760709,0.4277456647398844,0.44577829765797766,1.0843147431035172,1.0843147431035172,1.0360652658361866,1.0360652658361866,0.46774193548387094,0.40860215053763443,0.4381720430107527,None,None,1.0,None,None,1.0,0.36607142857142855,0.48702101359703337,0.42654622108423096,0.7516542784626541,0.7516542784626541,0.8790504149743952,0.8790504149743952,0.4787077826725404,0.42613636363636365,0.45242207315445204,1.1233675966715615,1.1233675966715615,1.0525714190361768,1.0525714190361768,0.4645161290322581,0.4496124031007752,0.4570642660665166,None,None,1.0,None,None,1.0
FairGP_input_True_fair_True,s_as_input=True;fair=True,7,0.5155642023346303,0.5294748124330118,0.5040071237756011,0.5167409681043065,0.033347008155424504,1.0333156152197802,1.0333156152197802,1.0166282200297658,0.5271317829457365,0.5128819652486519,0.5200068740971941,1.0277838151126566,1.0277838151126566,1.0142498176970847,1.0142498176970847,0.5231343283582089,0.5013966480446927,0.5122654882014508,1.0433542593439487,1.0433542593439487,1.021737680313516,1.021737680313516,0.521768251841929,0.4991119005328597,0.5104400761873944,None,None,1.0,None,None,1.0,0.5606060606060606,0.5243445692883895,0.542475314947225,1.0691558441558442,1.0691558441558442,1.036261491317671,1.036261491317671,0.5423728813559322,0.5,0.521186440677966,1.0847457627118644,1.0847457627118644,1.042372881355932,1.042372881355932,0.5402298850574713,0.4978902953586498,0.5190600902080605,None,None,1.0,None,None,1.0,0.5098039215686274,0.5023041474654378,0.5060540345170326,1.0149307429393775,1.0149307429393775,1.0074997741031897,1.0074997741031897,0.5050651230101303,0.5023148148148148,0.5036899689124725,1.0054752679280015,1.0054752679280015,1.0027503081953155,1.0027503081953155,0.5056461731493099,0.5,0.502823086574655,None,None,1.0,None,None,1.0,0.4901960784313726,0.49769585253456217,0.4939459654829674,0.9849310094408136,0.9849310094408136,0.9925002258968104,0.9925002258968104,0.4949348769898697,0.49768518518518523,0.49631003108752747,0.9944737993470869,0.9944737993470869,0.9972496918046845,0.9972496918046845,0.49435382685069007,0.5,0.49717691342534504,None,None,1.0,None,None,1.0,0.43939393939393945,0.47565543071161054,0.457524685052775,0.923765211166786,0.923765211166786,0.9637385086823289,0.9637385086823289,0.4576271186440678,0.5,0.4788135593220339,0.9152542372881356,0.9152542372881356,0.9576271186440678,0.9576271186440678,0.45977011494252873,0.5021097046413502,0.48093990979193946,None,None,1.0,None,None,1.0,0.37185929648241206,0.49295774647887325,0.4324085214806427,0.7543431442928931,0.7543431442928931,0.8789015500035389,0.8789015500035389,0.5072046109510087,0.39775910364145656,0.4524818572962326,1.2751552542923246,1.2751552542923246,1.1094455073095522,1.1094455073095522,0.4883116883116883,0.4199288256227758,0.454120256967232,None,None,1.0,None,None,1.0,0.30851063829787234,0.4663402692778458,0.3874254537878591,0.661556933042944,0.661556933042944,0.8421703690200266,0.8421703690200266,0.45975232198142413,0.3955431754874652,0.42764774873444467,1.1623315745868399,1.1623315745868399,1.064209146493959,1.064209146493959,0.4426002766251729,0.4219858156028369,0.4322930461140049,None,None,1.0,None,None,1.0
FairGP_input_True_fair_True,s_as_input=True;fair=True,8,0.4795719844357977,0.48526315789473684,0.47468354430379744,0.47997335109926714,-0.03994154028991854,0.9655089332048336,0.9655089332048336,0.9820671446191798,0.5236907730673317,0.4688821752265861,0.4962864741469589,1.1168920482299407,1.1168920482299407,1.0548085978407455,1.0548085978407455,0.48089887640449436,0.47711511789181693,0.47900699714815564,1.0079304938594198,1.0079304938594198,1.0037837585126774,1.0037837585126774,0.4833776595744681,0.4692028985507246,0.47629027906259636,None,None,1.0,None,None,1.0,0.5602836879432624,0.4721878862793572,0.5162357871113098,1.1865693810107312,1.1865693810107312,1.0880958016639053,1.0880958016639053,0.4865269461077844,0.48226950354609927,0.48439822482694184,1.0088279323705531,1.0088279323705531,1.004257442561685,1.004257442561685,0.4849315068493151,0.4863636363636364,0.48564757160647576,None,None,1.0,None,None,1.0,0.5038461538461538,0.4657210401891253,0.48478359701763957,1.0818625536899649,1.0818625536899649,1.0381251136570286,1.0381251136570286,0.4752623688155922,0.47380410022779046,0.4745332345216913,1.0030777880290622,1.0030777880290622,1.0014582685878017,1.0014582685878017,0.4819121447028424,0.4578313253012048,0.4698717350020236,None,None,1.0,None,None,1.0,0.49615384615384617,0.5342789598108747,0.5152164029823605,0.928641933287951,0.928641933287951,0.9618748863429715,0.9618748863429715,0.5247376311844079,0.5261958997722096,0.5254667654783087,0.9972286583980737,0.9972286583980737,0.9985417314121983,0.9985417314121983,0.5180878552971576,0.5421686746987953,0.5301282649979764,None,None,1.0,None,None,1.0,0.43971631205673756,0.5278121137206429,0.4837642128886902,0.8330924975501186,0.8330924975501186,0.9119041983360947,0.9119041983360947,0.5134730538922156,0.5177304964539007,0.5156017751730582,0.9917767205315399,0.9917767205315399,0.995742557438315,0.995742557438315,0.5150684931506849,0.5136363636363637,0.5143524283935244,None,None,1.0,None,None,1.0,0.3798076923076923,0.4580335731414868,0.41892063272458957,0.8292136528393073,0.8292136528393073,0.9217741191662054,0.9217741191662054,0.48148148148148145,0.37057220708446864,0.42602684428297505,1.2992919389978215,1.2992919389978215,1.1109092743970128,1.1109092743970128,0.4688741721854305,0.37282229965156793,0.4208482359184992,None,None,1.0,None,None,1.0,0.32124352331606215,0.5200974421437271,0.4206704827298946,0.6176602637997355,0.6176602637997355,0.801146081172335,0.801146081172335,0.5196969696969697,0.4124293785310734,0.46606317411402154,1.2600871731008718,1.2600871731008718,1.1072675911658962,1.1072675911658962,0.5020026702269693,0.42641509433962266,0.464208882283296,None,None,1.0,None,None,1.0
FairGP_input_True_fair_True,s_as_input=True;fair=True,9,0.497568093385214,0.49508196721311476,0.49956178790534617,0.49732187755923046,-0.005323827393253713,0.962865521575199,0.962865521575199,0.9809832745496829,0.5229591836734694,0.49158653846153844,0.5072728610675039,1.0638191707000648,1.0638191707000648,1.031372645211931,1.031372645211931,0.4970501474926254,0.49857142857142855,0.49781078803202694,0.9969487198992486,0.9969487198992486,0.9984787189211968,0.9984787189211968,0.4990125082290981,0.4934823091247672,0.4962474086769326,None,None,1.0,None,None,1.0,0.5223880597014925,0.49039692701664533,0.5063924933590689,1.065235181793383,1.065235181793383,1.0319911326848472,1.0319911326848472,0.4890625,0.509090909090909,0.4990767045454545,0.9606584821428573,0.9606584821428573,0.9799715909090909,0.9799715909090909,0.49140401146131807,0.5069124423963134,0.49915822692881573,None,None,1.0,None,None,1.0,0.5232558139534884,0.49263873159682897,0.5079472727751587,1.06214915797915,1.06214915797915,1.0306170823566594,1.0306170823566594,0.5041899441340782,0.49176470588235294,0.49797732500821557,1.0252666328085323,1.0252666328085323,1.0124252382517254,1.0124252382517254,0.5054811205846529,0.484375,0.49492806029232644,None,None,1.0,None,None,1.0,0.4767441860465116,0.507361268403171,0.4920527272248413,0.9396542774086378,0.9396542774086378,0.9693829176433406,0.9693829176433406,0.49581005586592175,0.5082352941176471,0.5020226749917844,0.975552193254707,0.975552193254707,0.9875747617482746,0.9875747617482746,0.4945188794153471,0.515625,0.5050719397076735,None,None,1.0,None,None,1.0,0.4776119402985075,0.5096030729833547,0.4936075066409311,0.9372234305857646,0.9372234305857646,0.9680088673151528,0.9680088673151528,0.5109375,0.49090909090909096,0.5009232954545455,1.0407986111111112,1.0407986111111112,1.020028409090909,1.020028409090909,0.5085959885386819,0.4930875576036866,0.5008417730711843,None,None,1.0,None,None,1.0,0.3626943005181347,0.4608904933814681,0.4117923969498014,0.7869424640484856,0.7869424640484856,0.9018038071366666,0.9018038071366666,0.468562874251497,0.39325842696629215,0.43091065060889455,1.1914884516680924,1.1914884516680924,1.075304447285205,1.075304447285205,0.45794392523364486,0.4,0.42897196261682247,None,None,1.0,None,None,1.0,0.32160804020100503,0.4777911164465786,0.3996995783237918,0.6731143152950684,0.6731143152950684,0.8438169237544264,0.8438169237544264,0.4752906976744186,0.39244186046511625,0.43386627906976744,1.2111111111111112,1.2111111111111112,1.0828488372093024,1.0828488372093024,0.461038961038961,0.4083969465648855,0.43471795380192324,None,None,1.0,None,None,1.0
FairGP_input_False_fair_True,s_as_input=False;fair=True,0,0.5282101167315175,0.32860262008733626,0.6885964912280702,0.5085995556577032,0.018339615757274056,0.9836953251910234,0.9836953251910234,0.9947346371259085,0.6143958868894601,0.5080983803239352,0.5612471336066976,1.209206544798973,1.209206544798973,1.106297506565525,1.106297506565525,0.5180811808118081,0.5477888730385164,0.5329350269251623,0.9457679889298892,0.9457679889298892,0.9702923077732917,0.9702923077732917,0.5254798146922568,0.5357798165137615,0.5306298156030091,None,None,1.0,None,None,1.0,0.4015748031496063,0.31685678073510776,0.35921579194235703,1.2673700787401574,1.2673700787401574,1.0847180224144986,1.0847180224144986,0.32554517133956384,0.3357664233576642,0.33065579734861406,0.9695584450765271,0.9695584450765271,0.9897787479818996,0.9897787479818996,0.33047210300429186,0.3225806451612903,0.32652637408279106,None,None,1.0,None,None,1.0,0.7175572519083969,0.6799544419134397,0.6987558469109183,1.0553019550679605,1.0553019550679605,1.0376028099949572,1.0376028099949572,0.6914446002805049,0.6838407494145199,0.6876426748475124,1.0111193298622452,1.0111193298622452,1.007603850865985,1.007603850865985,0.6933497536945813,0.676829268292683,0.6850895109936321,None,None,1.0,None,None,1.0,0.2824427480916031,0.3200455580865603,0.3012441530890817,0.8825079459944041,0.8825079459944041,0.9623971900050428,0.9623971900050428,0.3085553997194951,0.3161592505854801,0.3123573251524876,0.9759493013349955,0.9759493013349955,0.992396149134015,0.992396149134015,0.3066502463054187,0.323170731707317,0.31491048900636787,None,None,1.0,None,None,1.0,0.5984251968503937,0.6831432192648923,0.640784208057643,0.875987904109389,0.875987904109389,0.9152819775855014,0.9152819775855014,0.6744548286604362,0.6642335766423357,0.6693442026513859,1.015388038752525,1.015388038752525,1.0102212520181004,1.0102212520181004,0.6695278969957081,0.6774193548387097,0.6734736259172089,None,None,1.0,None,None,1.0,0.408,0.4708097928436911,0.43940489642184555,0.866592,0.866592,0.9371902071563089,0.9371902071563089,0.48717948717948717,0.4052863436123348,0.446232915395911,1.2020624303232998,1.2020624303232998,1.0818931435671524,1.0818931435671524,0.48125,0.3977272727272727,0.43948863636363633,None,None,1.0,None,None,1.0,0.2878787878787879,0.4744718309859155,0.38117530943235167,0.6067352560859055,0.6067352560859055,0.8134069568928723,0.8134069568928723,0.46760259179265656,0.38396624472573837,0.42578441825919744,1.217822134668787,1.217822134668787,1.0836363470669181,1.0836363470669181,0.4539282250242483,0.3983739837398374,0.42615110438204284,None,None,1.0,None,None,1.0
FairGP_input_False_fair_True,s_as_input=False;fair=True,1,0.517023346303502,0.5155412647374062,0.5182546749777382,0.5168979698575722,0.03365189378404416,0.9368334430546412,0.9368334430546412,0.9670639926541891,0.5418848167539267,0.5113500597371565,0.5266174382455416,1.0597139991192446,1.0597139991192446,1.0305347570167702,1.0305347570167702,0.5113886847905952,0.5280575539568345,0.5197231193737148,0.968433612886822,0.968433612886822,0.9833311308337607,0.9833311308337607,0.5148123765635286,0.5232774674115456,0.519044921987537,None,None,1.0,None,None,1.0,0.5503875968992248,0.5099502487562189,0.5301689228277218,1.0792966534316506,1.0792966534316506,1.0404373481430058,1.0404373481430058,0.5014792899408284,0.5525291828793775,0.5270042364101029,0.9076068839069921,0.9076068839069921,0.9489501070614509,0.9489501070614509,0.5034013605442177,0.5606060606060606,0.5320037105751392,None,None,1.0,None,None,1.0,0.5375494071146245,0.5126436781609195,0.5250965426377721,1.048582924192205,1.048582924192205,1.024905728953705,1.024905728953705,0.5211678832116788,0.5136986301369864,0.5174332566743326,1.0145401459854013,1.0145401459854013,1.0074692530746925,1.0074692530746925,0.5255102040816326,0.5014749262536873,0.51349256516766,None,None,1.0,None,None,1.0,0.4624505928853755,0.4873563218390805,0.474903457362228,0.9488962637034827,0.9488962637034827,0.975094271046295,0.975094271046295,0.47883211678832116,0.48630136986301364,0.4825667433256674,0.9846406908604916,0.9846406908604916,0.9925307469253075,0.9925307469253075,0.4744897959183674,0.4985250737463127,0.48650743483234005,None,None,1.0,None,None,1.0,0.4496124031007752,0.49004975124378114,0.4698310771722782,0.9174831779010743,0.9174831779010743,0.9595626518569941,0.9595626518569941,0.49852071005917165,0.44747081712062253,0.4729957635898971,1.1140854129148445,1.1140854129148445,1.0510498929385492,1.0510498929385492,0.4965986394557823,0.43939393939393945,0.4679962894248609,None,None,1.0,None,None,1.0,0.3776595744680851,0.49160671462829736,0.43463314454819124,0.7682148417228853,0.7682148417228853,0.8860528598397878,0.8860528598397878,0.5082458770614693,0.4,0.45412293853073465,1.2706146926536732,1.2706146926536732,1.1082458770614694,1.1082458770614694,0.49865229110512127,0.3964285714285714,0.44754043126684634,None,None,1.0,None,None,1.0,0.29896907216494845,0.46904761904761905,0.3840083456062837,0.6373959914176566,0.6373959914176566,0.8299214531173293,0.8299214531173293,0.48559077809798273,0.3382352941176471,0.41191303610781493,1.435659691767949,1.435659691767949,1.1473554839803357,1.1473554839803357,0.4697554697554698,0.33852140077821014,0.40413843526683996,None,None,1.0,None,None,1.0
FairGP_input_False_fair_True,s_as_input=False;fair=True,2,0.5,0.5072314049586777,0.49356617647058826,0.500398790714633,0.0007962956123670619,1.041852593475875,1.041852593475875,1.02057426557786,0.4739583333333333,0.5059808612440191,0.4899695972886762,0.9367119779353823,0.9367119779353823,0.9679774720893142,0.9679774720893142,0.49705449189985274,0.505730659025788,0.5013925754628203,0.982844292765148,0.982844292765148,0.9913238328740648,0.9913238328740648,0.49441157133464825,0.5158878504672897,0.5051497109009689,None,None,1.0,None,None,1.0,0.5107913669064749,0.5066344993968637,0.5087129331516693,1.008204864679685,1.008204864679685,1.0041568675096113,1.0041568675096113,0.5037147102526003,0.5152542372881356,0.5094844737703679,0.9776042073981387,0.9776042073981387,0.9884604729644647,0.9884604729644647,0.5067750677506775,0.508695652173913,0.5077353599622952,None,None,1.0,None,None,1.0,0.4530612244897959,0.505338078291815,0.47919965139080545,0.8965507329692439,0.8965507329692439,0.9477231461979809,0.9477231461979809,0.4905109489051095,0.4987593052109181,0.4946351270580138,0.9834622507898464,0.9834622507898464,0.9917516436941913,0.9917516436941913,0.4827586206896552,0.521311475409836,0.5020350480497456,None,None,1.0,None,None,1.0,0.5469387755102041,0.494661921708185,0.5208003486091946,1.1056819850242257,1.1056819850242257,1.052276853802019,1.052276853802019,0.5094890510948905,0.501240694789082,0.5053648729419862,1.0164558791645586,1.0164558791645586,1.0082483563058084,1.0082483563058084,0.5172413793103448,0.478688524590164,0.49796495195025436,None,None,1.0,None,None,1.0,0.48920863309352514,0.49336550060313633,0.49128706684833073,0.9915744665880986,0.9915744665880986,0.9958431324903888,0.9958431324903888,0.4962852897473997,0.4847457627118644,0.49051552622963207,1.0238053180103701,1.0238053180103701,1.0115395270355352,1.0115395270355352,0.4932249322493225,0.491304347826087,0.49226464003770476,None,None,1.0,None,None,1.0,0.3463414634146341,0.5017921146953405,0.4240667890549873,0.6902090592334494,0.6902090592334494,0.8445493487192937,0.8445493487192937,0.49273255813953487,0.4293785310734463,0.46105554460649056,1.147548194614443,1.147548194614443,1.0633540270660886,1.0633540270660886,0.48010269576379977,0.4448669201520912,0.4624848079579455,None,None,1.0,None,None,1.0,0.37988826815642457,0.48982035928143713,0.43485431371893085,0.7755665132288864,0.7755665132288864,0.8900679088749874,0.8900679088749874,0.49850746268656715,0.41569767441860467,0.4571025685525859,1.1992067633858678,1.1992067633858678,1.0828097882679626,1.0828097882679626,0.49056603773584906,0.41544117647058826,0.45300360710321863,None,None,1.0,None,None,1.0
FairGP_input_False_fair_True,s_as_input=False;fair=True,3,0.49513618677042803,0.5005347593582887,0.49063336306868865,0.4955840612134887,-0.008796165697112399,1.1457000443363652,1.1457000443363652,1.0664739494644495,0.4651741293532338,0.5024183796856106,0.4837962545194222,0.9258700480749082,0.9258700480749082,0.9627557496676231,0.9627557496676231,0.49853372434017595,0.4884393063583815,0.49348651534927873,1.0206666782349165,1.0206666782349165,1.0100944179817946,1.0100944179817946,0.49177090190915074,0.5046554934823091,0.4982131976957299,None,None,1.0,None,None,1.0,0.4647887323943662,0.5069356872635561,0.4858622098289611,0.9168593651461006,0.9168593651461006,0.95785304513081,0.95785304513081,0.5182926829268293,0.45878136200716846,0.48853702246699887,1.129716082317073,1.129716082317073,1.0595113209196607,1.0595113209196607,0.5155367231638418,0.45374449339207046,0.48464060827795613,None,None,1.0,None,None,1.0,0.4653846153846154,0.49825783972125437,0.4818212275529349,0.9340236686390533,0.9340236686390533,0.967126775663361,0.967126775663361,0.480225988700565,0.5084745762711864,0.4943502824858757,0.9444444444444445,0.9444444444444445,0.9717514124293786,0.9717514124293786,0.47102342786683105,0.5419354838709678,0.5064794558688994,None,None,1.0,None,None,1.0,0.5346153846153846,0.5017421602787456,0.5181787724470651,1.0655181623931624,1.0655181623931624,1.032873224336639,1.032873224336639,0.519774011299435,0.4915254237288136,0.5056497175141244,1.057471264367816,1.057471264367816,1.0282485875706215,1.0282485875706215,0.528976572133169,0.4580645161290322,0.4935205441311006,None,None,1.0,None,None,1.0,0.5352112676056338,0.4930643127364439,0.5141377901710389,1.0854796296963365,1.0854796296963365,1.0421469548691897,1.0421469548691897,0.4817073170731707,0.5412186379928315,0.5114629775330011,0.8900419964464545,0.8900419964464545,0.9404886790803392,0.9404886790803392,0.4844632768361582,0.5462555066079295,0.5153593917220438,None,None,1.0,None,None,1.0,0.32195121951219513,0.48201438848920863,0.40198280400070185,0.6679286494357481,0.6679286494357481,0.8399368310229864,0.8399368310229864,0.480225988700565,0.3867069486404834,0.4334664686705242,1.2418343926553672,1.2418343926553672,1.0935190400600816,1.0935190400600816,0.4596977329974811,0.4204081632653061,0.4400529481313936,None,None,1.0,None,None,1.0,0.38578680203045684,0.4768292682926829,0.4313080351615699,0.8090669505498073,0.8090669505498073,0.908957533737774,0.908957533737774,0.4817073170731707,0.4182825484764543,0.4499949327748125,1.1516314004199644,1.1516314004199644,1.0634247685967164,1.0634247685967164,0.4731034482758621,0.4246575342465753,0.4488804912612187,None,None,1.0,None,None,1.0
FairGP_input_False_fair_True,s_as_input=False;fair=True,4,0.5043774319066148,0.5047720042417816,0.5040431266846361,0.5044075654632089,0.008784945688880207,1.1099847540588974,1.1099847540588974,1.0508420089517545,0.5052083333333334,0.5041866028708134,0.5046974681020734,1.0020264926848557,1.0020264926848557,1.00102173046252,1.00102173046252,0.4996309963099631,0.5135520684736091,0.5065915323917861,0.9728925789257893,0.9728925789257893,0.986078927836354,0.986078927836354,0.5013106159895151,0.5132075471698113,0.5072590815796632,None,None,1.0,None,None,1.0,0.5317460317460317,0.5006119951040392,0.5161790134250355,1.062191950945007,1.062191950945007,1.0311340366419925,1.0311340366419925,0.511380880121396,0.4894366197183099,0.500408749919853,1.0448357550681762,1.0448357550681762,1.0219442604030862,1.0219442604030862,0.5153203342618384,0.4711111111111111,0.49321572268647473,None,None,1.0,None,None,1.0,0.49224806201550386,0.5076023391812865,0.4999252005983952,0.969751366413032,0.969751366413032,0.9846457228342174,0.9846457228342174,0.4885057471264368,0.5299760191846523,0.5092408831555446,0.9217506631299734,0.9217506631299734,0.9585297279417845,0.9585297279417845,0.48886138613861385,0.5442622950819672,0.5165618406102905,None,None,1.0,None,None,1.0,0.5077519379844961,0.4923976608187135,0.5000747994016048,1.0311826769043804,1.0311826769043804,1.0153542771657826,1.0153542771657826,0.5114942528735632,0.4700239808153477,0.49075911684445545,1.0882301196340605,1.0882301196340605,1.0414702720582154,1.0414702720582154,0.5111386138613861,0.4557377049180328,0.48343815938970947,None,None,1.0,None,None,1.0,0.46825396825396826,0.4993880048959608,0.48382098657496453,0.9376556178026767,0.9376556178026767,0.9688659633580075,0.9688659633580075,0.48861911987860396,0.5105633802816901,0.49959125008014704,0.9570195175553347,0.9570195175553347,0.9780557395969138,0.9780557395969138,0.48467966573816157,0.528888888888889,0.5067842773135253,None,None,1.0,None,None,1.0,0.3383838383838384,0.4927710843373494,0.4155774613605939,0.6866958089451978,0.6866958089451978,0.8456127540464891,0.8456127540464891,0.4862914862914863,0.41492537313432837,0.4506084297129073,1.1719974669614956,1.1719974669614956,1.071366113157158,1.071366113157158,0.4725415070242657,0.4326530612244898,0.4525972841243777,None,None,1.0,None,None,1.0,0.3172043010752688,0.4845605700712589,0.40088243557326386,0.6546226017288636,0.6546226017288636,0.8326437310040099,0.8326437310040099,0.486404833836858,0.39617486338797814,0.44128984861241805,1.2277528909261382,1.2277528909261382,1.0902299704488798,1.0902299704488798,0.46837146702557203,0.41754385964912283,0.44295766333734743,None,None,1.0,None,None,1.0
FairGP_input_False_fair_True,s_as_input=False;fair=True,5,0.49464980544747084,0.500561167227834,0.4901287553648069,0.49534496129632044,-0.009227659972671533,0.9890579425259486,0.9890579425259486,0.9944205364591774,0.4534005037783375,0.5045207956600362,0.47896064971918684,0.8986755504997156,0.8986755504997156,0.9488797081183014,0.9488797081183014,0.49212303075768943,0.49930843706777317,0.49571573391273127,0.9856092832072284,0.9856092832072284,0.9928145936899162,0.9928145936899162,0.4883411059293804,0.5117117117117117,0.500026408820546,None,None,1.0,None,None,1.0,0.475177304964539,0.5053333333333333,0.49025531914893616,0.9403244821198002,0.9403244821198002,0.9698439716312057,0.9698439716312057,0.49114331723027377,0.5222222222222223,0.506682769726248,0.9404872032069072,0.9404872032069072,0.9689210950080516,0.9689210950080516,0.4918759231905465,0.5280373831775701,0.5099566531840583,None,None,1.0,None,None,1.0,0.44140625,0.5038503850385039,0.47262831751925194,0.8760661162663755,0.8760661162663755,0.9375558649614961,0.9375558649614961,0.49297752808988765,0.4856512141280353,0.4893143711089615,1.015085546475996,1.015085546475996,1.0073263139618525,1.0073263139618525,0.4854368932038835,0.501466275659824,0.4934515844318538,None,None,1.0,None,None,1.0,0.55859375,0.4961496149614961,0.5273716824807481,1.1258574695121952,1.1258574695121952,1.0624441350385039,1.0624441350385039,0.5070224719101124,0.5143487858719646,0.5106856288910385,0.9857561363745962,0.9857561363745962,0.9926736860381478,0.9926736860381478,0.5145631067961165,0.49853372434017595,0.5065484155681462,None,None,1.0,None,None,1.0,0.524822695035461,0.4946666666666667,0.5097446808510638,1.060962321500258,1.060962321500258,1.0301560283687943,1.0301560283687943,0.5088566827697263,0.47777777777777775,0.493317230273752,1.0650488709133807,1.0650488709133807,1.0310789049919484,1.0310789049919484,0.5081240768094535,0.4719626168224299,0.4900433468159417,None,None,1.0,None,None,1.0,0.319047619047619,0.4566265060240964,0.3878370625358577,0.6987058675713029,0.6987058675713029,0.8624211130235226,0.8624211130235226,0.45795795795795796,0.3770053475935829,0.41748165277577043,1.2147253636615338,1.2147253636615338,1.080952610364375,1.080952610364375,0.43989431968295906,0.3992932862190813,0.41959380295102017,None,None,1.0,None,None,1.0,0.39572192513368987,0.44752714113389624,0.42162453313379306,0.8842411750291884,0.8842411750291884,0.9481947839997936,0.9481947839997936,0.4737631184407796,0.36962750716332377,0.4216953128020517,1.2817312274095511,1.2817312274095511,1.1041356112774559,1.1041356112774559,0.46236559139784944,0.3713235294117647,0.4168445604048071,None,None,1.0,None,None,1.0
FairGP_input_False_fair_True,s_as_input=False;fair=True,6,0.5165369649805448,0.5063965884861408,0.5250447227191414,0.515720655602641,0.03132775908236876,0.958814426853946,0.958814426853946,0.9792154742596264,0.5325,0.5126811594202898,0.5225905797101449,1.0386572438162545,1.0386572438162545,1.0198188405797102,1.0198188405797102,0.5191458026509573,0.5114613180515759,0.5153035603512666,1.015024566527642,1.015024566527642,1.0076844845993813,1.0076844845993813,0.5253456221198156,0.49162011173184356,0.5084828669258296,None,None,1.0,None,None,1.0,0.4968553459119497,0.5083440308087291,0.5025996883603394,0.9773997840035575,0.9773997840035575,0.9885113151032205,0.9885113151032205,0.509375,0.5,0.5046875,1.01875,1.01875,1.009375,1.009375,0.5098870056497176,0.4956521739130435,0.5027695897813805,None,None,1.0,None,None,1.0,0.5560165975103735,0.5165336374002281,0.5362751174553008,1.0764383135024227,1.0764383135024227,1.0394829601101454,1.0394829601101454,0.5278551532033426,0.52,0.5239275766016713,1.015106063852582,1.015106063852582,1.0078551532033426,1.0078551532033426,0.5388409371146733,0.48859934853420195,0.5137201428244376,None,None,1.0,None,None,1.0,0.44398340248962653,0.48346636259977194,0.46372488254469924,0.9183335943004776,0.9183335943004776,0.9605170398898546,0.9605170398898546,0.47214484679665736,0.48,0.47607242339832867,0.9836350974930362,0.9836350974930362,0.9921448467966574,0.9921448467966574,0.4611590628853267,0.511400651465798,0.4862798571755624,None,None,1.0,None,None,1.0,0.5031446540880503,0.49165596919127086,0.4974003116396606,1.0233673251555906,1.0233673251555906,1.0114886848967795,1.0114886848967795,0.490625,0.5,0.4953125,0.98125,0.98125,0.990625,0.990625,0.49011299435028244,0.5043478260869565,0.49723041021861947,None,None,1.0,None,None,1.0,0.42473118279569894,0.48292682926829267,0.45382900603199583,0.8794938633648312,0.8794938633648312,0.9418043535274063,0.9418043535274063,0.49022556390977445,0.436950146627566,0.4635878552686702,1.1219256194176717,1.1219256194176717,1.0532754172822085,1.0532754172822085,0.49115646258503404,0.42066420664206644,0.45591033461355024,None,None,1.0,None,None,1.0,0.37383177570093457,0.458133971291866,0.4159828734964003,0.8159878968302384,0.8159878968302384,0.9156978044090686,0.9156978044090686,0.4531024531024531,0.4173669467787115,0.4352346999405823,1.0856213138092332,1.0856213138092332,1.0357355063237417,1.0357355063237417,0.44260204081632654,0.43609022556390975,0.43934613319011817,None,None,1.0,None,None,1.0
FairGP_input_False_fair_True,s_as_input=False;fair=True,7,0.5004863813229572,0.4812433011789925,0.5164737310774711,0.4988585161282318,-0.0022745936650165575,0.9931499623395135,0.9931499623395135,0.9966784009212917,0.48320413436692505,0.5044937088076693,0.4938489215872972,0.9578001190717315,0.9578001190717315,0.9787104255592558,0.9787104255592558,0.5097014925373134,0.48324022346368717,0.4964708580005003,1.0547580018980243,1.0547580018980243,1.0264612690736263,1.0264612690736263,0.5050234427327528,0.48845470692717585,0.4967390748299643,None,None,1.0,None,None,1.0,0.4621212121212121,0.484394506866417,0.47325785949381455,0.9540182755388941,0.9540182755388941,0.9777267052547951,0.9777267052547951,0.4899845916795069,0.4612676056338028,0.47562609865665484,1.062256672038015,1.062256672038015,1.0287169860457042,1.0287169860457042,0.48563218390804597,0.46835443037974683,0.47699330714389643,None,None,1.0,None,None,1.0,0.49411764705882355,0.5230414746543779,0.5085795608566007,0.9447006996631252,0.9447006996631252,0.9710761724044457,0.9710761724044457,0.5282199710564399,0.4976851851851852,0.5129525781208125,1.0613536162622421,1.0613536162622421,1.0305347858712548,1.0305347858712548,0.5219573400250941,0.5030674846625767,0.5125124123438354,None,None,1.0,None,None,1.0,0.5058823529411764,0.4769585253456221,0.4914204391433993,1.060642227905655,1.060642227905655,1.0289238275955543,1.0289238275955543,0.4717800289435601,0.5023148148148149,0.4870474218791875,0.9392118548553822,0.9392118548553822,0.9694652141287452,0.9694652141287452,0.4780426599749059,0.49693251533742333,0.4874875876561646,None,None,1.0,None,None,1.0,0.5378787878787878,0.515605493133583,0.5267421405061854,1.0431983270966323,1.0431983270966323,1.022273294745205,1.022273294745205,0.5100154083204931,0.5387323943661972,0.5243739013433452,0.946695267732157,0.946695267732157,0.9712830139542958,0.9712830139542958,0.514367816091954,0.5316455696202531,0.5230066928561036,None,None,1.0,None,None,1.0,0.32105263157894737,0.4837905236907731,0.4024215776348602,0.6636190992946283,0.6636190992946283,0.8372621078881743,0.8372621078881743,0.4937888198757764,0.3764367816091954,0.43511280074248593,1.3117443459295433,1.3117443459295433,1.117352038266581,1.117352038266581,0.47009735744089015,0.4065934065934066,0.43834538201714834,None,None,1.0,None,None,1.0,0.3604060913705584,0.47635524798154555,0.418380669676052,0.7565909956858938,0.7565909956858938,0.8840508433890129,0.8840508433890129,0.4755747126436782,0.4157608695652174,0.44566779110444776,1.1438659755089775,1.1438659755089775,1.0598138430784607,1.0598138430784607,0.4625322997416021,0.43448275862068964,0.4485075291811459,None,None,1.0,None,None,1.0
FairGP_input_False_fair_True,s_as_input=False;fair=True,8,0.5038910505836576,0.5073684210526316,0.5009041591320073,0.5041362900923194,0.008248873322939146,0.9931937771676961,0.9931937771676961,0.9965598982423681,0.5286783042394015,0.49788519637462236,0.513281750307012,1.0618478076653028,1.0618478076653028,1.0307931078647792,1.0307931078647792,0.5093632958801498,0.49375866851595007,0.50156098219805,1.0316037537347977,1.0316037537347977,1.0156046273641999,1.0156046273641999,0.5113031914893617,0.483695652173913,0.4974994218316373,None,None,1.0,None,None,1.0,0.48226950354609927,0.511742892459827,0.4970061980029631,0.942405865625107,0.942405865625107,0.9705266110862723,0.9705266110862723,0.5239520958083832,0.46808510638297873,0.49601860109568097,1.1193522046815458,1.1193522046815458,1.0558669894254045,1.0558669894254045,0.5136986301369864,0.4863636363636364,0.5000311332503113,None,None,1.0,None,None,1.0,0.5538461538461539,0.4846335697399527,0.5192398617930533,1.14281425891182,1.14281425891182,1.0692125841062012,1.0692125841062012,0.4947526236881559,0.510250569476082,0.502501596582119,0.969626793745984,0.969626793745984,0.9845020542120739,0.9845020542120739,0.5090439276485789,0.4819277108433735,0.4954858192459762,None,None,1.0,None,None,1.0,0.4461538461538461,0.5153664302600474,0.48076013820694674,0.8657021877205362,0.8657021877205362,0.9307874158937988,0.9307874158937988,0.5052473763118441,0.48974943052391795,0.49749840341788104,1.0316446427948818,1.0316446427948818,1.015497945787926,1.015497945787926,0.49095607235142114,0.5180722891566265,0.5045141807540239,None,None,1.0,None,None,1.0,0.5177304964539007,0.48825710754017304,0.5029938019970368,1.0603644851422929,1.0603644851422929,1.0294733889137277,1.0294733889137277,0.4760479041916168,0.5319148936170213,0.503981398904319,0.8949700598802396,0.8949700598802396,0.9441330105745955,0.9441330105745955,0.48630136986301364,0.5136363636363637,0.49996886674968866,None,None,1.0,None,None,1.0,0.3695652173913043,0.48705882352941177,0.42831202046035804,0.7587691661415669,0.7587691661415669,0.8825063938618926,0.8825063938618926,0.5094614264919942,0.3804034582132565,0.44493244235262536,1.3392660226721362,1.3392660226721362,1.1290579682787376,1.1290579682787376,0.4966887417218543,0.3835125448028674,0.44010064326236087,None,None,1.0,None,None,1.0,0.33640552995391704,0.4906832298136646,0.4135443798837908,0.6855859534503879,0.6855859534503879,0.8457223001402525,0.8457223001402525,0.49074074074074076,0.40106951871657753,0.44590512972865914,1.2235802469135804,1.2235802469135804,1.089671222024163,1.089671222024163,0.4739652870493992,0.4139194139194139,0.44394235048440656,None,None,1.0,None,None,1.0
FairGP_input_False_fair_True,s_as_input=False;fair=True,9,0.49367704280155644,0.4885245901639344,0.49780893952673094,0.4931667648453327,-0.013584065526307544,0.8856274135859863,0.8856274135859863,0.9380215593175456,0.4719387755102041,0.4987980769230769,0.4853684262166405,0.9461519547578067,0.9461519547578067,0.9731406985871272,0.9731406985871272,0.49926253687315636,0.4828571428571429,0.4910598398651496,1.0339756680805012,1.0339756680805012,1.0164053940160134,1.0164053940160134,0.4950625411454905,0.4897579143389199,0.4924102277422052,None,None,1.0,None,None,1.0,0.4701492537313433,0.49167733674775926,0.4809132952395513,0.9562150186567165,0.9562150186567165,0.978471916983584,0.978471916983584,0.4703125,0.5309090909090909,0.5006107954545455,0.8858625856164385,0.8858625856164385,0.9394034090909091,0.9394034090909091,0.47277936962750716,0.5391705069124424,0.5059749382699747,None,None,1.0,None,None,1.0,0.4728682170542636,0.5050962627406569,0.48898223989746026,0.936194250356311,0.936194250356311,0.9677719543136067,0.9677719543136067,0.5251396648044693,0.45176470588235296,0.4884521853434111,1.1624185288640596,1.1624185288640596,1.0733749589221162,1.0733749589221162,0.5140073081607796,0.45625,0.48512865408038974,None,None,1.0,None,None,1.0,0.5271317829457365,0.4949037372593431,0.5110177601025399,1.0651198268674722,1.0651198268674722,1.0322280456863933,1.0322280456863933,0.4748603351955307,0.548235294117647,0.5115478146565888,0.8661615556141655,0.8661615556141655,0.9266250410778837,0.9266250410778837,0.48599269183922045,0.54375,0.5148713459196101,None,None,1.0,None,None,1.0,0.5298507462686567,0.5083226632522407,0.5190867047604487,1.0423512162111357,1.0423512162111357,1.021528083016416,1.021528083016416,0.5296875,0.4690909090909091,0.49938920454545455,1.1291787790697674,1.1291787790697674,1.0605965909090909,1.0605965909090909,0.5272206303724929,0.4608294930875576,0.49402506173002525,None,None,1.0,None,None,1.0,0.3165829145728643,0.46772228989037756,0.39215260223162096,0.6768608668341709,0.6768608668341709,0.8488606246824868,0.8488606246824868,0.46957878315132606,0.38522427440633245,0.42740152877882925,1.218975060372278,1.218975060372278,1.0843545087449935,1.0843545087449935,0.45267489711934156,0.4020618556701031,0.42736837639472236,None,None,1.0,None,None,1.0,0.36787564766839376,0.4709371293001186,0.41940638848425615,0.7811566019759596,0.7811566019759596,0.8969385183682752,0.8969385183682752,0.47412587412587415,0.40186915887850466,0.43799751650218943,1.1798015937550823,1.1798015937550823,1.0722567152473694,1.0722567152473694,0.46582278481012657,0.4065040650406504,0.4361634249253885,None,None,1.0,None,None,1.0
FairGP_input_False_fair_False,s_as_input=False;fair=False,0,0.49270428015564205,0.49563318777292575,0.4903508771929825,0.4929920324829541,-0.013932825323441466,1.080672238845634,1.080672238845634,1.0383378162587509,0.480719794344473,0.495500899820036,0.4881103470822545,0.970169367036606,0.970169367036606,0.985218894524437,0.985218894524437,0.4819188191881919,0.5135520684736091,0.4977354438309005,0.9384030340303403,0.9384030340303403,0.9683667507145828,0.9683667507145828,0.485771012574454,0.5119266055045871,0.49884880903952056,None,None,1.0,None,None,1.0,0.5118110236220472,0.49302915082382764,0.5024200872229374,1.0380948525393194,1.0380948525393194,1.0187818727982196,1.0187818727982196,0.4953271028037383,0.49635036496350365,0.495838733883621,0.9979384277075316,0.9979384277075316,0.9989767378402347,0.9989767378402347,0.49928469241773965,0.4838709677419355,0.4915778300798376,None,None,1.0,None,None,1.0,0.46564885496183206,0.4977220956719818,0.4816854753169069,0.9355599420056946,0.9355599420056946,0.9679267592898503,0.9679267592898503,0.46984572230014027,0.5245901639344263,0.4972179431172833,0.8956434081346424,0.8956434081346424,0.9452555583657141,0.9452555583657141,0.47413793103448276,0.5304878048780488,0.5023128679562658,None,None,1.0,None,None,1.0,0.5343511450381679,0.5022779043280182,0.5183145246830931,1.0638555676723616,1.0638555676723616,1.0320732407101496,1.0320732407101496,0.5301542776998598,0.47540983606557374,0.5027820568827168,1.1151521013686707,1.1151521013686707,1.054744441634286,1.054744441634286,0.5258620689655172,0.4695121951219512,0.4976871320437342,None,None,1.0,None,None,1.0,0.4881889763779528,0.5069708491761724,0.4975799127770626,0.9629527559055118,0.9629527559055118,0.9812181272017804,0.9812181272017804,0.5046728971962617,0.5036496350364963,0.504161266116379,1.0020316944331575,1.0020316944331575,1.0010232621597654,1.0010232621597654,0.5007153075822603,0.5161290322580645,0.5084221699201624,None,None,1.0,None,None,1.0,0.3170731707317073,0.4686746987951807,0.392873934763444,0.676531443977679,0.676531443977679,0.8483984719365266,0.8483984719365266,0.45689655172413796,0.40117994100294985,0.42903824636354393,1.138881845841785,1.138881845841785,1.0557166107211882,1.0557166107211882,0.4497422680412371,0.40540540540540543,0.4275738367233213,None,None,1.0,None,None,1.0,0.33695652173913043,0.4778972520908005,0.4074268869149654,0.7050815217391304,0.7050815217391304,0.8590592696483299,0.8590592696483299,0.49165402124430957,0.3812154696132597,0.43643474542878463,1.2897011281915947,1.2897011281915947,1.11043855163105,1.11043855163105,0.47619047619047616,0.3916083916083916,0.43389943389943386,None,None,1.0,None,None,1.0
FairGP_input_False_fair_False,s_as_input=False;fair=False,1,0.4990272373540856,0.49732047159699894,0.5004452359750667,0.4988828537860328,-0.0022247409478011863,0.9641510563169551,0.9641510563169551,0.981641602396951,0.45549738219895286,0.5089605734767025,0.4822289778378277,0.8949561241796327,0.8949561241796327,0.9465368087222503,0.9465368087222503,0.5069801616458487,0.48345323741007196,0.4952166995279603,1.0486643224519787,1.0486643224519787,1.0235269242357767,1.0235269242357767,0.4976958525345622,0.5027932960893855,0.5002445743119739,None,None,1.0,None,None,1.0,0.4573643410852713,0.503731343283582,0.4805478421844267,0.9079529141544646,0.9079529141544646,0.9536329978016893,0.9536329978016893,0.4970414201183432,0.4980544747081712,0.4975479474132572,0.9979659763313609,0.9979659763313609,0.998986945410172,0.998986945410172,0.49115646258503404,0.5202020202020202,0.5056792413935272,None,None,1.0,None,None,1.0,0.45454545454545453,0.5137931034482759,0.48416927899686524,0.884685784014643,0.884685784014643,0.9407523510971787,0.9407523510971787,0.5167883211678832,0.4748858447488584,0.4958370829583708,1.0882369455362157,1.0882369455362157,1.0419024764190248,1.0419024764190248,0.5038265306122449,0.49262536873156343,0.49822594967190414,None,None,1.0,None,None,1.0,0.5454545454545454,0.4862068965517241,0.5158307210031348,1.1218568665377175,1.1218568665377175,1.0592476489028213,1.0592476489028213,0.4832116788321168,0.5251141552511416,0.5041629170416292,0.9202031101237702,0.9202031101237702,0.9580975235809752,0.9580975235809752,0.4961734693877551,0.5073746312684366,0.5017740503280959,None,None,1.0,None,None,1.0,0.5426356589147288,0.49626865671641796,0.5194521578155733,1.0934312525499796,1.0934312525499796,1.046367002198311,1.046367002198311,0.5029585798816568,0.5019455252918288,0.5024520525867429,1.0020182560433009,1.0020182560433009,1.0010130545898281,1.0010130545898281,0.508843537414966,0.4797979797979798,0.4943207586064729,None,None,1.0,None,None,1.0,0.29949238578680204,0.4891304347826087,0.3943114102847054,0.6122955442752397,0.6122955442752397,0.8103619510041933,0.8103619510041933,0.5037481259370314,0.3575418994413408,0.4306450126891861,1.4089205397301348,1.4089205397301348,1.1462062264956907,1.1462062264956907,0.48133333333333334,0.37454545454545457,0.42793939393939395,None,None,1.0,None,None,1.0,0.3783783783783784,0.4716312056737589,0.42500479202606867,0.802275960170697,0.802275960170697,0.9067471727046195,0.9067471727046195,0.4899135446685879,0.3827893175074184,0.4363514310880031,1.2798516632039854,1.2798516632039854,1.1071242271611694,1.1071242271611694,0.48634590377113135,0.36259541984732824,0.42447066180922977,None,None,1.0,None,None,1.0
FairGP_input_False_fair_False,s_as_input=False;fair=False,2,0.5131322957198443,0.5144628099173554,0.5119485294117647,0.51320566966456,0.026366327496928434,1.014079614950442,1.014079614950442,1.0069740148819948,0.4973958333333333,0.5167464114832536,0.5070711224082934,0.9625530478395061,0.9625530478395061,0.9806494218500796,0.9806494218500796,0.5309278350515464,0.4785100286532951,0.5047189318524208,1.1095437989999384,1.1095437989999384,1.0524178063982512,1.0524178063982512,0.5200525969756739,0.4934579439252336,0.5067552704504538,None,None,1.0,None,None,1.0,0.49640287769784175,0.517490952955368,0.5069469153266049,0.9592493837098154,0.9592493837098154,0.9789119247424738,0.9789119247424738,0.5304606240713224,0.47796610169491527,0.5042133628831189,1.1098289652556037,1.1098289652556037,1.0524945223764073,1.0524945223764073,0.5230352303523035,0.48695652173913045,0.5049958760457169,None,None,1.0,None,None,1.0,0.49795918367346936,0.5160142348754448,0.5069867092744571,0.9650105559465165,0.9650105559465165,0.9819449487980245,0.9819449487980245,0.5313868613138686,0.47890818858560796,0.5051475249497382,1.1095798192201505,1.1095798192201505,1.0524786727282607,1.0524786727282607,0.5172413793103449,0.49836065573770494,0.5078010175240248,None,None,1.0,None,None,1.0,0.5020408163265306,0.48398576512455516,0.4930132907255429,1.0373049219687875,1.0373049219687875,1.0180550512019755,1.0180550512019755,0.4686131386861314,0.5210918114143921,0.49485247505026175,0.8992909280500522,0.8992909280500522,0.9475213272717393,0.9475213272717393,0.48275862068965514,0.5016393442622951,0.4921989824759751,None,None,1.0,None,None,1.0,0.5035971223021583,0.48250904704463204,0.49305308467339515,1.043705035971223,1.043705035971223,1.0210880752575262,1.0210880752575262,0.46953937592867756,0.5220338983050847,0.49578663711688115,0.8994423110322071,0.8994423110322071,0.9475054776235928,0.9475054776235928,0.4769647696476965,0.5130434782608695,0.495004123954283,None,None,1.0,None,None,1.0,0.359375,0.5125448028673835,0.43595990143369173,0.7011582167832169,0.7011582167832169,0.8468301971326165,0.8468301971326165,0.5265486725663717,0.4017094017094017,0.4641290371378867,1.3107700997928828,1.3107700997928828,1.1248392708569699,1.1248392708569699,0.5052356020942408,0.4226415094339623,0.46393855576410153,None,None,1.0,None,None,1.0,0.3645833333333333,0.47904191616766467,0.42181262475049897,0.7610677083333333,0.7610677083333333,0.8855414171656686,0.8855414171656686,0.4647058823529412,0.4438040345821326,0.4542549584675369,1.0470970206264323,1.0470970206264323,1.0209018477708085,1.0209018477708085,0.46499339498018494,0.43703703703703706,0.451015216008611,None,None,1.0,None,None,1.0
FairGP_input_False_fair_False,s_as_input=False;fair=False,3,0.49562256809338523,0.48128342245989303,0.5075825156110616,0.4944329690354773,-0.011091954466942357,1.0194589463692454,1.0194589463692454,1.0093489909930453,0.5124378109452736,0.4915356711003628,0.5019867410228183,1.0425241565848493,1.0425241565848493,1.0209021398449107,1.0209021398449107,0.501466275659824,0.4841040462427746,0.4927851609512993,1.0358646649450693,1.0358646649450693,1.0173622294170495,1.0173622294170495,0.5036208031599737,0.4729981378026071,0.48830947048129036,None,None,1.0,None,None,1.0,0.5140845070422535,0.47540983606557374,0.4947471715539136,1.0813501699854298,1.0813501699854298,1.0386746709766799,1.0386746709766799,0.4847560975609756,0.4731182795698925,0.47893718856543405,1.0245981152993346,1.0245981152993346,1.0116378179910832,1.0116378179910832,0.4929378531073446,0.44493392070484583,0.4689358869060952,None,None,1.0,None,None,1.0,0.5115384615384615,0.5063879210220673,0.5089631912802643,1.0101711362032464,1.0101711362032464,1.0051505405163943,1.0051505405163943,0.5169491525423728,0.4915254237288136,0.5042372881355932,1.0517241379310343,1.0517241379310343,1.0254237288135593,1.0254237288135593,0.5129469790382244,0.4935483870967742,0.5032476830674992,None,None,1.0,None,None,1.0,0.4884615384615385,0.4936120789779327,0.4910368087197356,0.9895656108597285,0.9895656108597285,0.9948494594836058,0.9948494594836058,0.48305084745762716,0.5084745762711864,0.4957627118644068,0.9500000000000002,0.9500000000000002,0.9745762711864407,0.9745762711864407,0.4870530209617756,0.5064516129032258,0.4967523169325007,None,None,1.0,None,None,1.0,0.4859154929577465,0.5245901639344263,0.5052528284460864,0.9262764084507042,0.9262764084507042,0.9613253290233202,0.9613253290233202,0.5152439024390244,0.5268817204301075,0.5210628114345659,0.9779118964659035,0.9779118964659035,0.9883621820089169,0.9883621820089169,0.5070621468926554,0.5550660792951542,0.5310641130939048,None,None,1.0,None,None,1.0,0.365,0.470074812967581,0.4175374064837905,0.7764721485411141,0.7764721485411141,0.894925187032419,0.894925187032419,0.4818181818181818,0.38596491228070173,0.4338915470494418,1.2483471074380166,1.2483471074380166,1.09585326953748,1.09585326953748,0.46908602150537637,0.39147286821705424,0.4302794448612153,None,None,1.0,None,None,1.0,0.3415841584158416,0.48826291079812206,0.41492353460698184,0.6995906321401372,0.6995906321401372,0.8533212476177195,0.8533212476177195,0.48011363636363635,0.42,0.4500568181818182,1.1431277056277056,1.1431277056277056,1.0601136363636363,1.0601136363636363,0.4632258064516129,0.45161290322580644,0.45741935483870966,None,None,1.0,None,None,1.0
FairGP_input_False_fair_False,s_as_input=False;fair=False,4,0.5,0.5121951219512195,0.48966756513926324,0.5009313435452414,0.0018567735645254194,1.0512546260727216,1.0512546260727216,1.0252404856697743,0.5182291666666666,0.4958133971291866,0.5070212818979266,1.0452100924809007,1.0452100924809007,1.02241576953748,1.02241576953748,0.4929889298892989,0.5135520684736091,0.5032704991814541,0.9599589995899959,0.9599589995899959,0.9794368614156898,0.9794368614156898,0.4954128440366973,0.5132075471698113,0.5043101956032543,None,None,1.0,None,None,1.0,0.5317460317460317,0.5091799265605875,0.5204629791533096,1.0443185286935286,1.0443185286935286,1.0225661051854442,1.0225661051854442,0.5174506828528073,0.5,0.5087253414264037,1.0349013657056145,1.0349013657056145,1.0174506828528074,1.0174506828528074,0.5139275766016713,0.5066666666666667,0.510297121634169,None,None,1.0,None,None,1.0,0.5116279069767442,0.4830409356725146,0.4973344213246294,1.0591812602060928,1.0591812602060928,1.0285869713042297,1.0285869713042297,0.4698275862068966,0.5227817745803357,0.49630468039361614,0.8987068965517242,0.8987068965517242,0.9470458116265609,0.9470458116265609,0.47896039603960394,0.5180327868852459,0.4984965914624249,None,None,1.0,None,None,1.0,0.4883720930232558,0.5169590643274854,0.5026655786753707,0.9447016731558454,0.9447016731558454,0.9714130286957704,0.9714130286957704,0.5301724137931034,0.4772182254196643,0.5036953196063838,1.1109643042800206,1.1109643042800206,1.0529541883734392,1.0529541883734392,0.5210396039603961,0.4819672131147541,0.5015034085375751,None,None,1.0,None,None,1.0,0.46825396825396826,0.4908200734394125,0.47953702084669036,0.9540236709812769,0.9540236709812769,0.9774338948145558,0.9774338948145558,0.48254931714719274,0.5,0.49127465857359637,0.9650986342943855,0.9650986342943855,0.9825493171471927,0.9825493171471927,0.4860724233983287,0.4933333333333333,0.489702878365831,None,None,1.0,None,None,1.0,0.3471502590673575,0.48484848484848486,0.4159993719579212,0.7159974093264249,0.7159974093264249,0.8623017742188727,0.8623017742188727,0.4802816901408451,0.41642228739002934,0.44835198876543725,1.1533525094227335,1.1533525094227335,1.0638594027508157,1.0638594027508157,0.4670886075949367,0.4367816091954023,0.4519351083951695,None,None,1.0,None,None,1.0,0.3089005235602094,0.4926289926289926,0.400764758094601,0.6270449530623703,0.6270449530623703,0.8162715309312167,0.8162715309312167,0.4930232558139535,0.39444444444444443,0.44373385012919897,1.2499181133311499,1.2499181133311499,1.0985788113695092,1.0985788113695092,0.4741847826086957,0.41263940520446096,0.4434120939065783,None,None,1.0,None,None,1.0
FairGP_input_False_fair_False,s_as_input=False;fair=False,5,0.5014591439688716,0.48709315375982043,0.5124463519313305,0.49976975284557545,-0.0004565327268876382,0.9677663747633948,0.9677663747633948,0.9839122266837124,0.5037783375314862,0.5009041591320073,0.5023412483317466,1.0057379807036528,1.0057379807036528,1.002874178399479,1.002874178399479,0.5123780945236309,0.48132780082987553,0.49685294767675325,1.0645096618982333,1.0645096618982333,1.0310502936937553,1.0310502936937553,0.513657561625583,0.46846846846846846,0.4910630150470257,None,None,1.0,None,None,1.0,0.46099290780141844,0.492,0.4764964539007092,0.9369774548809318,0.9369774548809318,0.9689929078014184,0.9689929078014184,0.5024154589371981,0.45185185185185184,0.47713365539452496,1.1119030648610122,1.1119030648610122,1.0505636070853464,1.0505636070853464,0.4963072378138848,0.45794392523364486,0.47712558152376483,None,None,1.0,None,None,1.0,0.52734375,0.5082508250825083,0.5177972875412542,1.0375659496753247,1.0375659496753247,1.0190929249174916,1.0190929249174916,0.5210674157303371,0.4988962472406181,0.5099818314854776,1.0444404394948792,1.0444404394948792,1.022171168489719,1.022171168489719,0.5279126213592233,0.4750733137829912,0.5014929675711073,None,None,1.0,None,None,1.0,0.47265625,0.4917491749174917,0.48220271245874585,0.9611734479865772,0.9611734479865772,0.9809070750825083,0.9809070750825083,0.4789325842696629,0.5011037527593819,0.4900181685145224,0.9557553333663317,0.9557553333663317,0.977828831510281,0.977828831510281,0.47208737864077666,0.5249266862170088,0.4985070324288927,None,None,1.0,None,None,1.0,0.5390070921985816,0.508,0.5235035460992907,1.0610375830680738,1.0610375830680738,1.0310070921985814,1.0310070921985814,0.4975845410628019,0.5481481481481482,0.5228663446054751,0.9077555816686251,0.9077555816686251,0.9494363929146538,0.9494363929146538,0.5036927621861151,0.5420560747663552,0.5228744184762352,None,None,1.0,None,None,1.0,0.34946236559139787,0.4522058823529412,0.40083412397216955,0.7727948247224408,0.7727948247224408,0.8972564832384566,0.8972564832384566,0.4777947932618683,0.3495702005730659,0.4136824969174671,1.3668064167900986,1.3668064167900986,1.1282245926888024,1.1282245926888024,0.463448275862069,0.35379061371841153,0.40861944479024026,None,None,1.0,None,None,1.0,0.36018957345971564,0.45195729537366547,0.4060734344166905,0.7969548830092921,0.7969548830092921,0.9082322780860501,0.9082322780860501,0.45441176470588235,0.39572192513368987,0.4250668449197861,1.1483108108108107,1.1483108108108107,1.0586898395721924,1.0586898395721924,0.43943298969072164,0.4172661870503597,0.4283495883705407,None,None,1.0,None,None,1.0
FairGP_input_False_fair_False,s_as_input=False;fair=False,6,0.4985408560311284,0.5031982942430704,0.49463327370304117,0.4989157839730558,-0.00216018859677416,1.0457236329646362,1.0457236329646362,1.0223083646866569,0.49,0.5006038647342995,0.49530193236714976,0.9788178528347407,0.9788178528347407,0.9893961352657005,0.9893961352657005,0.5051546391752577,0.48567335243553006,0.4954139958053939,1.0401119119301767,1.0401119119301767,1.0194812867397276,1.0194812867397276,0.500329163923634,0.4934823091247672,0.4969057365242006,None,None,1.0,None,None,1.0,0.4716981132075472,0.5096277278562259,0.49066292053188654,0.9255738795684616,0.9255738795684616,0.9620703853513213,0.9620703853513213,0.5203125,0.4664429530201342,0.49337772651006706,1.115490107913669,1.115490107913669,1.0538695469798658,1.0538695469798658,0.5112994350282486,0.4782608695652174,0.494780152296733,None,None,1.0,None,None,1.0,0.5020746887966805,0.4925883694412771,0.4973315291189788,1.0192581066543722,1.0192581066543722,1.0094863193554033,1.0094863193554033,0.49164345403899723,0.5,0.4958217270194986,0.9832869080779945,0.9832869080779945,0.9916434540389972,0.9916434540389972,0.4907521578298397,0.504885993485342,0.49781907565759087,None,None,1.0,None,None,1.0,0.4979253112033195,0.5074116305587228,0.5026684708810212,0.9813044897198006,0.9813044897198006,0.9905136806445967,0.9905136806445967,0.5083565459610028,0.5,0.5041782729805013,1.0167130919220055,1.0167130919220055,1.0083565459610027,1.0083565459610027,0.5092478421701603,0.495114006514658,0.5021809243424091,None,None,1.0,None,None,1.0,0.5283018867924528,0.4903722721437741,0.5093370794681135,1.07734861207152,1.07734861207152,1.0379296146486787,1.0379296146486787,0.47968750000000004,0.5335570469798658,0.5066222734899329,0.8990369496855346,0.8990369496855346,0.9461304530201342,0.9461304530201342,0.4887005649717514,0.5217391304347826,0.505219847703267,None,None,1.0,None,None,1.0,0.38461538461538464,0.47149643705463185,0.42805591083500827,0.8157333850029065,0.8157333850029065,0.9131189475607528,0.9131189475607528,0.47707736389684813,0.41002949852507375,0.4435534312109609,1.1635196141081403,1.1635196141081403,1.0670478653717743,1.0670478653717743,0.4670967741935484,0.4198473282442748,0.4434720512189116,None,None,1.0,None,None,1.0,0.4097560975609756,0.4692874692874693,0.43952178342422243,0.873145192184906,0.873145192184906,0.9404686282735063,0.9404686282735063,0.46515151515151515,0.4428969359331476,0.45402422554233135,1.0502477606251193,1.0502477606251193,1.0222545792183675,1.0222545792183675,0.4650537634408602,0.43636363636363634,0.45070869990224827,None,None,1.0,None,None,1.0
FairGP_input_False_fair_False,s_as_input=False;fair=False,7,0.4961089494163424,0.5209003215434084,0.4755120213713268,0.49820617145736756,-0.003576044297540205,0.9433469109917945,0.9433469109917945,0.9691074630097352,0.5038759689922481,0.49430796884361894,0.4990919689179335,1.0193563542400752,1.0193563542400752,1.0095680001486291,1.0095680001486291,0.508955223880597,0.4720670391061452,0.4905111314933711,1.0781418352026848,1.0781418352026848,1.0368881847744518,1.0368881847744518,0.5097119892833222,0.46003552397868563,0.4848737566310039,None,None,1.0,None,None,1.0,0.5227272727272727,0.5205992509363296,0.5216632618318011,1.004087638979725,1.004087638979725,1.0021280217909432,1.0021280217909432,0.5254237288135594,0.5105633802816901,0.5179935545476247,1.029105786090006,1.029105786090006,1.0148603485318692,1.0148603485318692,0.5258620689655172,0.5063291139240507,0.516095591444784,None,None,1.0,None,None,1.0,0.49411764705882355,0.4700460829493088,0.48208186500406613,1.0512110726643598,1.0512110726643598,1.0240715641095148,1.0240715641095148,0.4934876989869754,0.44675925925925924,0.47012347912311736,1.1045942277843182,1.1045942277843182,1.0467284397277161,1.0467284397277161,0.49560853199498117,0.4263803680981595,0.46099445004657036,None,None,1.0,None,None,1.0,0.5058823529411764,0.5299539170506913,0.5179181349959339,0.9545780051150894,0.9545780051150894,0.9759284358904852,0.9759284358904852,0.5065123010130246,0.5532407407407407,0.5298765208768826,0.9155368788185215,0.9155368788185215,0.9532715602722839,0.9532715602722839,0.5043914680050188,0.5736196319018405,0.5390055499534296,None,None,1.0,None,None,1.0,0.4772727272727273,0.47940074906367036,0.4783367381681988,0.9955610795454547,0.9955610795454547,0.9978719782090569,0.9978719782090569,0.47457627118644063,0.4894366197183099,0.48200644545237525,0.9696378490427996,0.9696378490427996,0.9851396514681308,0.9851396514681308,0.47413793103448276,0.49367088607594933,0.48390440855521605,None,None,1.0,None,None,1.0,0.3484848484848485,0.475484606613455,0.4119847275491517,0.7329045854225711,0.7329045854225711,0.8730002418713936,0.8730002418713936,0.4934876989869754,0.3776041666666667,0.4355459328268211,1.3068915614551624,1.3068915614551624,1.1158835323203087,1.1158835323203087,0.4765625,0.39087947882736157,0.43372098941368076,None,None,1.0,None,None,1.0,0.3333333333333333,0.48484848484848486,0.40909090909090906,0.6874999999999999,0.6874999999999999,0.8484848484848484,0.8484848484848484,0.4745762711864407,0.4186746987951807,0.4466254849908107,1.133520302402146,1.133520302402146,1.05590157239126,1.05590157239126,0.45517241379310347,0.45703125,0.45610183189655173,None,None,1.0,None,None,1.0
FairGP_input_False_fair_False,s_as_input=False;fair=False,8,0.490272373540856,0.5063157894736842,0.47649186256781195,0.49140382602074806,-0.01715109911141919,0.9932673709269455,0.9932673709269455,0.9965117175454826,0.4912718204488778,0.4900302114803625,0.49065101596462013,1.0025337396336533,1.0025337396336533,1.0012416089685152,1.0012416089685152,0.4861423220973783,0.49791955617198336,0.4920309391346808,0.9763471148529519,0.9763471148529519,0.9882227659253949,0.9882227659253949,0.4867021276595745,0.5,0.4933510638297872,None,None,1.0,None,None,1.0,0.5177304964539007,0.5043263288009888,0.5110284126274447,1.0265783618411903,1.0265783618411903,1.013404167652912,1.013404167652912,0.49850299401197606,0.524822695035461,0.5116628445237186,0.9498502994011977,0.9498502994011977,0.9736802989765151,0.9736802989765151,0.5013698630136987,0.5227272727272727,0.5120485678704857,None,None,1.0,None,None,1.0,0.47692307692307695,0.47635933806146574,0.47664120749227135,1.0011834319526627,1.0011834319526627,1.000563738861611,1.000563738861611,0.4737631184407796,0.4806378132118451,0.47720046582631237,0.985696725097167,0.985696725097167,0.9931253052289345,0.9931253052289345,0.4728682170542636,0.48493975903614456,0.47890398804520407,None,None,1.0,None,None,1.0,0.523076923076923,0.5236406619385343,0.5233587925077287,0.998923424205591,0.998923424205591,0.9994362611383887,0.9994362611383887,0.5262368815592204,0.5193621867881548,0.5227995341736876,1.0132368026513061,1.0132368026513061,1.0068746947710656,1.0068746947710656,0.5271317829457365,0.5150602409638554,0.5210960119547959,None,None,1.0,None,None,1.0,0.4822695035460993,0.4956736711990112,0.48897158737255525,0.9729576767301603,0.9729576767301603,0.9865958323470881,0.9865958323470881,0.5014970059880239,0.475177304964539,0.4883371554762815,1.055389221556886,1.055389221556886,1.026319701023485,1.026319701023485,0.4986301369863013,0.4772727272727273,0.4879514321295143,None,None,1.0,None,None,1.0,0.3492822966507177,0.4794359576968273,0.4143591271737725,0.7285275354160803,0.7285275354160803,0.8698463389538904,0.8698463389538904,0.4868421052631579,0.39361702127659576,0.44022956326987683,1.236842105263158,1.236842105263158,1.093225083986562,1.093225083986562,0.4728682170542636,0.4020979020979021,0.4374830595760828,None,None,1.0,None,None,1.0,0.3541666666666667,0.4987562189054726,0.4264614427860697,0.7100997506234414,0.7100997506234414,0.8554104477611941,0.8554104477611941,0.5145929339477726,0.3884057971014493,0.45149936552461095,1.324884792626728,1.324884792626728,1.1261871368463234,1.1261871368463234,0.4986301369863014,0.39473684210526316,0.4466834895457823,None,None,1.0,None,None,1.0
FairGP_input_False_fair_False,s_as_input=False;fair=False,9,0.49416342412451364,0.5005464480874317,0.4890446976336547,0.4947955728605432,-0.010346606012448054,1.0457800684360583,1.0457800684360583,1.022421150835537,0.5025510204081632,0.4921875,0.4973692602040816,1.0210560414642047,1.0210560414642047,1.0103635204081631,1.0103635204081631,0.49852507374631266,0.4857142857142857,0.4921196797302992,1.0263751518306437,1.0263751518306437,1.012810788032027,1.012810788032027,0.49967083607636603,0.478584729981378,0.48912778302887205,None,None,1.0,None,None,1.0,0.582089552238806,0.48655569782330343,0.5343226250310547,1.1963472113118618,1.1963472113118618,1.0955338544155024,1.0955338544155024,0.5046875,0.4909090909090909,0.49779829545454546,1.0280671296296295,1.0280671296296295,1.013778409090909,1.013778409090909,0.5128939828080229,0.4608294930875576,0.48686173794779025,None,None,1.0,None,None,1.0,0.46124031007751937,0.4971687429218573,0.47920452649968837,0.927733926647949,0.927733926647949,0.9640715671556621,0.9640715671556621,0.4930167597765363,0.4823529411764706,0.48768485047650345,1.0221079166098923,1.0221079166098923,1.0106638186000656,1.0106638186000656,0.4884287454323995,0.490625,0.48952687271619977,None,None,1.0,None,None,1.0,0.5387596899224807,0.5028312570781427,0.5207954735003117,1.0714522662197081,1.0714522662197081,1.0359284328443379,1.0359284328443379,0.5069832402234637,0.5176470588235293,0.5123151495234965,0.9793994413407824,0.9793994413407824,0.9893361813999344,0.9893361813999344,0.5115712545676006,0.509375,0.5104731272838003,None,None,1.0,None,None,1.0,0.417910447761194,0.5134443021766966,0.4656773749689453,0.8139353109762906,0.8139353109762906,0.9044661455844974,0.9044661455844974,0.49531250000000004,0.509090909090909,0.5022017045454545,0.972935267857143,0.972935267857143,0.986221590909091,0.986221590909091,0.4871060171919771,0.5391705069124424,0.5131382620522098,None,None,1.0,None,None,1.0,0.35944700460829493,0.46116504854368934,0.41030602657599213,0.7794324520979868,0.7794324520979868,0.8982819560646056,0.8982819560646056,0.4708454810495627,0.38028169014084506,0.4255635855952039,1.2381492279451465,1.2381492279451465,1.0905637909087176,1.0905637909087176,0.4601542416452442,0.38022813688212925,0.4201911892636867,None,None,1.0,None,None,1.0,0.32,0.4773809523809524,0.3986904761904762,0.6703241895261846,0.6703241895261846,0.8426190476190476,0.8426190476190476,0.47313432835820896,0.4057971014492754,0.4394657149037422,1.1659381663113006,1.1659381663113006,1.0673372269089336,1.0673372269089336,0.45883940620782726,0.42700729927007297,0.4429233527389501,None,None,1.0,None,None,1.0
